UDI,Product ID,Type,Air temperature [K],Process temperature [K],Rotational speed [rpm],Torque [Nm],Tool wear [min],Machine failure,TWF,HDF,PWF,OSF,RNF
1,L00001,L,297.0,306.4,1416,44.7,2,0,0,0,0,0,0
2,H00001,H,297.7,307.4,1476,40.0,7,0,0,0,0,0,0
3,M00001,M,300.8,309.7,1351,43.9,10,0,0,0,0,0,0
4,M00002,M,297.7,306.8,1531,33.9,13,0,0,0,0,0,0
5,L00002,L,302.2,312.7,1597,40.9,15,0,0,0,0,0,0
6,L00003,L,299.9,310.0,1403,35.8,17,0,0,0,0,0,0
7,L00004,L,300.2,310.7,1540,32.7,19,0,0,0,0,0,0
8,H00002,H,299.4,309.7,1458,34.8,24,0,0,0,0,0,0
9,M00003,M,301.5,312.3,1605,36.7,27,0,0,0,0,0,0
10,M00004,M,301.6,312.4,1307,47.5,30,0,0,0,0,0,0
11,L00005,L,300.7,308.9,1609,36.6,32,0,0,0,0,0,0
12,H00003,H,301.1,310.3,1356,32.4,37,0,0,0,0,0,0
13,H00004,H,299.6,309.3,1517,40.8,42,0,0,0,0,0,0
14,L00006,L,301.1,311.1,1467,40.2,44,0,0,0,0,0,0
15,L00007,L,299.3,308.7,1502,37.0,46,0,0,0,0,0,0
16,L00008,L,300.0,310.9,1385,39.0,48,0,0,0,0,0,0
17,L00009,L,299.5,311.4,1704,45.9,50,0,0,0,0,0,0
18,M00005,M,299.1,309.3,1409,44.0,53,0,0,0,0,0,0
19,L00010,L,298.6,308.7,1417,43.5,55,0,0,0,0,0,0
20,L00011,L,300.9,311.8,1717,32.9,57,0,0,0,0,0,0
21,M00006,M,302.6,310.8,1570,57.3,60,1,0,0,1,0,0
22,L00012,L,302.3,312.4,1413,46.3,62,0,0,0,0,0,0
23,L00013,L,297.5,308.5,1525,43.1,64,0,0,0,0,0,0
24,L00014,L,302.6,311.9,1514,33.0,66,0,0,0,0,0,0
25,L00015,L,299.4,308.1,1369,45.7,68,0,0,0,0,0,0
26,M00007,M,301.2,311.0,1462,37.0,71,0,0,0,0,0,0
27,L00016,L,298.2,308.1,1535,38.8,73,0,0,0,0,0,0
28,M00008,M,300.3,309.4,1665,29.9,76,0,0,0,0,0,0
29,M00009,M,300.6,312.7,1519,32.6,79,0,0,0,0,0,0
30,L00017,L,297.0,306.6,1527,42.6,81,0,0,0,0,0,0
31,M00010,M,301.2,310.1,1456,46.0,84,0,0,0,0,0,0
32,L00018,L,302.7,312.6,1648,44.1,86,0,0,0,0,0,0
33,L00019,L,299.7,310.6,1628,43.9,88,0,0,0,0,0,0
34,H00005,H,302.7,312.7,1617,39.6,93,0,0,0,0,0,0
35,H00006,H,299.6,310.1,1549,37.6,98,0,0,0,0,0,0
36,H00007,H,301.7,310.8,1378,41.7,103,0,0,0,0,0,0
37,L00020,L,295.6,307.1,1647,44.9,105,0,0,0,0,0,0
38,L00021,L,304.8,315.4,1544,40.0,107,0,0,0,0,0,0
39,M00011,M,303.0,314.0,1507,47.3,110,0,0,0,0,0,0
40,L00022,L,299.4,309.8,1583,38.7,112,0,0,0,0,0,0
41,L00023,L,296.1,306.9,1560,34.1,114,0,0,0,0,0,0
42,L00024,L,300.6,309.7,1431,39.9,116,0,0,0,0,0,0
43,L00025,L,297.1,306.6,1506,40.6,118,0,0,0,0,0,0
44,H00008,H,300.9,312.2,1348,39.5,123,0,0,0,0,0,0
45,L00026,L,300.8,312.4,1547,47.7,125,0,0,0,0,0,0
46,M00012,M,298.1,307.0,1671,44.8,128,0,0,0,0,0,0
47,L00027,L,302.2,312.5,1358,31.4,130,0,0,0,0,0,0
48,M00013,M,301.6,311.2,1551,49.2,133,0,0,0,0,0,0
49,M00014,M,302.0,311.3,1605,23.6,136,0,0,0,0,0,0
50,L00028,L,300.0,310.3,1620,52.9,138,0,0,0,0,0,0
51,H00009,H,297.2,308.3,1463,38.3,143,0,0,0,0,0,0
52,M00015,M,302.0,312.4,1428,38.9,146,0,0,0,0,0,0
53,H00010,H,299.5,309.1,1479,39.6,151,0,0,0,0,0,0
54,H00011,H,297.2,307.7,1657,42.3,156,0,0,0,0,0,0
55,M00016,M,302.7,312.3,1367,40.0,159,0,0,0,0,0,0
56,H00012,H,304.2,314.6,1416,39.2,164,0,0,0,0,0,0
57,L00029,L,299.9,311.3,1492,47.9,166,0,0,0,0,0,0
58,L00030,L,304.3,312.2,1440,43.4,168,0,0,0,0,0,0
59,L00031,L,300.2,311.0,1534,34.2,170,0,0,0,0,0,0
60,L00032,L,299.2,307.7,1679,44.4,172,0,0,0,0,0,0
61,L00033,L,298.7,310.0,1418,43.1,174,0,0,0,0,0,0
62,L00034,L,303.3,312.6,1523,36.7,176,0,0,0,0,0,0
63,H00013,H,298.4,307.2,1537,44.8,181,0,0,0,0,0,0
64,L00035,L,301.5,312.2,1505,39.1,183,0,0,0,0,0,0
65,L00036,L,298.9,309.2,1380,38.7,185,0,0,0,0,0,0
66,M00017,M,299.1,308.1,1474,38.5,188,0,0,0,0,0,0
67,L00037,L,302.1,310.8,1475,25.4,190,0,0,0,0,0,0
68,H00014,H,299.2,309.1,1601,36.8,195,0,0,0,0,0,0
69,L00038,L,299.2,308.0,1580,44.3,197,0,0,0,0,0,0
70,H00015,H,302.3,311.2,1383,39.9,202,0,0,0,0,0,0
71,M00018,M,303.2,313.3,1499,32.3,205,0,0,0,0,0,0
72,L00039,L,301.3,310.3,1488,45.8,207,0,0,0,0,0,0
73,L00040,L,298.7,309.1,1733,38.2,209,0,0,0,0,0,0
74,H00016,H,299.0,310.5,1567,32.7,214,0,0,0,0,0,0
75,M00019,M,300.2,310.0,1430,53.2,3,0,0,0,0,0,0
76,M00020,M,300.6,310.8,1460,33.7,6,0,0,0,0,0,0
77,M00021,M,298.0,310.0,1500,45.3,9,0,0,0,0,0,0
78,L00041,L,301.4,310.3,1574,35.4,11,0,0,0,0,0,0
79,L00042,L,300.2,311.4,1586,40.8,13,0,0,0,0,0,0
80,L00043,L,296.6,307.6,1558,34.6,15,0,0,0,0,0,0
81,H00017,H,298.1,309.0,1517,32.6,20,0,0,0,0,0,0
82,M00022,M,299.0,310.3,1524,43.1,23,0,0,0,0,0,0
83,L00044,L,299.9,310.1,1525,42.4,25,0,0,0,0,0,0
84,L00045,L,303.8,313.2,1360,46.9,27,0,0,0,0,0,0
85,L00046,L,300.5,311.6,1532,39.8,29,0,0,0,0,0,0
86,L00047,L,298.3,309.5,1480,53.3,31,0,0,0,0,0,0
87,M00023,M,300.4,311.5,1373,41.6,34,0,0,0,0,0,0
88,M00024,M,299.3,309.3,1780,43.4,37,0,0,0,0,0,0
89,H00018,H,300.6,309.9,1569,31.8,42,0,0,0,0,0,0
90,L00048,L,301.2,311.4,1539,36.3,44,0,0,0,0,0,0
91,L00049,L,302.4,313.4,1501,43.1,46,0,0,0,0,0,0
92,M00025,M,300.0,311.0,1611,39.5,49,0,0,0,0,0,0
93,M00026,M,303.3,312.8,1422,41.1,52,0,0,0,0,0,0
94,M00027,M,301.8,312.1,1507,35.1,55,0,0,0,0,0,0
95,M00028,M,298.6,307.3,1443,40.7,58,0,0,0,0,0,0
96,L00050,L,304.4,315.4,1610,40.7,60,0,0,0,0,0,0
97,M00029,M,300.7,309.9,1455,32.9,63,0,0,0,0,0,0
98,L00051,L,298.3,309.1,1648,43.9,65,0,0,0,0,0,0
99,L00052,L,303.3,312.2,1528,29.8,67,0,0,0,0,0,0
100,L00053,L,304.2,315.2,1615,41.1,69,0,0,0,0,0,0
101,L00054,L,299.9,310.3,1578,50.6,71,0,0,0,0,0,0
102,M00030,M,299.0,308.2,1644,44.1,74,0,0,0,0,0,0
103,L00055,L,299.7,310.3,1444,44.0,76,0,0,0,0,0,0
104,M00031,M,301.4,310.8,1629,34.6,79,0,0,0,0,0,0
105,H00019,H,302.6,313.3,1352,50.6,84,0,0,0,0,0,0
106,L00056,L,301.1,310.9,1542,48.3,86,0,0,0,0,0,0
107,L00057,L,300.2,308.5,1483,34.9,88,0,0,0,0,0,0
108,M00032,M,303.0,312.0,1398,37.2,91,0,0,0,0,0,0
109,L00058,L,299.4,308.9,1449,47.5,93,0,0,0,0,0,0
110,L00059,L,302.1,313.4,1474,50.8,95,0,0,0,0,0,0
111,L00060,L,299.4,310.3,1518,32.4,97,0,0,0,0,0,0
112,L00061,L,300.9,312.5,1486,34.0,99,0,0,0,0,0,0
113,H00020,H,299.8,311.4,1546,39.1,104,0,0,0,0,0,0
114,H00021,H,299.9,309.4,1455,27.0,109,0,0,0,0,0,0
115,M00033,M,299.2,309.1,1490,40.1,112,0,0,0,0,0,0
116,H00022,H,302.7,312.3,1509,47.1,117,0,0,0,0,0,0
117,H00023,H,298.5,307.9,1556,31.4,122,0,0,0,0,0,0
118,L00062,L,298.5,306.7,1623,40.8,124,0,0,0,0,0,0
119,H00024,H,304.2,314.2,1623,36.5,129,0,0,0,0,0,0
120,M00034,M,302.0,310.7,1562,49.8,132,0,0,0,0,0,0
121,H00025,H,295.2,305.2,1581,36.6,137,0,0,0,0,0,0
122,H00026,H,298.9,311.0,1569,49.1,142,0,0,0,0,0,0
123,L00063,L,296.4,305.9,1507,36.4,144,0,0,0,0,0,0
124,L00064,L,298.1,308.3,1628,44.6,146,0,0,0,0,0,0
125,L00065,L,293.7,304.6,1447,41.5,148,0,0,0,0,0,0
126,L00066,L,299.7,310.0,1333,39.2,150,0,0,0,0,0,0
127,H00027,H,297.7,308.0,1434,35.3,155,0,0,0,0,0,0
128,H00028,H,300.1,309.8,1678,41.9,160,0,0,0,0,0,0
129,L00067,L,296.7,306.5,1508,37.4,162,0,0,0,0,0,0
130,M00035,M,300.2,309.2,1565,35.9,165,0,0,0,0,0,0
131,L00068,L,299.2,310.0,1511,48.8,167,0,0,0,0,0,0
132,L00069,L,303.0,311.3,1594,43.3,169,0,0,0,0,0,0
133,L00070,L,302.8,313.8,1545,43.9,171,0,0,0,0,0,0
134,L00071,L,301.6,310.2,1531,37.7,173,0,0,0,0,0,0
135,H00029,H,299.3,310.3,1599,38.9,178,0,0,0,0,0,0
136,L00072,L,304.0,313.6,1491,38.5,180,0,0,0,0,0,0
137,M00036,M,296.9,305.7,1575,42.0,183,0,0,0,0,0,0
138,M00037,M,297.2,307.8,1521,43.9,186,0,0,0,0,0,0
139,L00073,L,299.8,310.8,1527,39.8,188,0,0,0,0,0,0
140,H00030,H,304.5,314.1,1456,35.2,193,0,0,0,0,0,0
141,H00031,H,299.6,310.3,1516,44.6,198,0,0,0,0,0,0
142,L00074,L,299.6,307.3,1484,40.2,200,0,0,0,0,0,0
143,L00075,L,297.1,305.8,1651,31.4,202,0,0,0,0,0,0
144,L00076,L,301.9,313.2,1370,27.2,204,0,0,0,0,0,0
145,L00077,L,301.9,311.7,1627,41.8,206,0,0,0,0,0,0
146,L00078,L,301.6,309.7,1364,35.0,208,1,0,1,0,0,0
147,M00038,M,298.7,308.0,1592,42.6,211,0,0,0,0,0,0
148,M00039,M,298.6,307.7,1454,35.3,214,0,0,0,0,0,0
149,L00079,L,297.4,307.2,1595,40.8,216,0,0,0,0,0,0
150,L00080,L,300.2,309.8,1526,37.7,218,0,0,0,0,0,0
151,H00032,H,297.8,308.0,1395,50.5,223,0,0,0,0,0,0
152,L00081,L,297.6,307.6,1674,45.7,225,1,1,0,0,0,0
153,L00082,L,299.2,310.5,1616,48.1,2,0,0,0,0,0,0
154,L00083,L,299.0,309.4,1588,40.1,4,0,0,0,0,0,0
155,H00033,H,298.9,309.4,1474,44.9,9,0,0,0,0,0,0
156,L00084,L,300.9,312.1,1619,40.5,11,0,0,0,0,0,0
157,M00040,M,300.2,309.8,1410,48.8,14,0,0,0,0,0,0
158,M00041,M,299.4,308.2,1315,39.6,17,0,0,0,0,0,0
159,L00085,L,300.4,311.6,1382,31.6,19,0,0,0,0,0,0
160,M00042,M,298.0,308.2,1446,28.0,22,0,0,0,0,0,0
161,L00086,L,300.2,310.3,1463,50.0,24,0,0,0,0,0,0
162,M00043,M,300.3,309.7,1495,42.9,27,0,0,0,0,0,0
163,M00044,M,297.0,306.4,1499,43.3,30,0,0,0,0,0,0
164,M00045,M,302.0,312.8,1473,48.9,33,0,0,0,0,0,0
165,L00087,L,298.2,309.2,1326,30.1,35,0,0,0,0,0,0
166,H00034,H,300.2,311.0,1557,37.8,40,0,0,0,0,0,0
167,L00088,L,302.3,313.1,1512,38.6,42,0,0,0,0,0,0
168,L00089,L,301.9,312.4,1468,44.5,44,0,0,0,0,0,0
169,L00090,L,300.1,310.2,1678,35.8,46,0,0,0,0,0,0
170,M00046,M,299.3,309.1,1514,32.8,49,0,0,0,0,0,0
171,M00047,M,301.9,313.1,1544,32.7,52,0,0,0,0,0,0
172,L00091,L,301.3,311.0,1618,46.9,54,0,0,0,0,0,0
173,M00048,M,298.8,309.1,1389,35.5,57,0,0,0,0,0,0
174,L00092,L,298.4,307.6,1536,36.7,59,0,0,0,0,0,0
175,M00049,M,295.9,305.2,1617,43.8,62,0,0,0,0,0,0
176,L00093,L,300.3,310.1,1529,35.8,64,0,0,0,0,0,0
177,M00050,M,299.8,309.0,1408,29.8,67,0,0,0,0,0,0
178,L00094,L,302.3,313.1,1490,30.5,69,0,0,0,0,0,0
179,H00035,H,300.7,309.4,1557,39.7,74,0,0,0,0,0,0
180,L00095,L,302.7,312.8,1327,43.0,76,0,0,0,0,0,0
181,L00096,L,298.6,308.7,1403,38.8,78,0,0,0,0,0,0
182,L00097,L,302.3,310.5,1735,42.6,80,0,0,0,0,0,0
183,H00036,H,298.9,308.5,1586,30.3,85,0,0,0,0,0,0
184,H00037,H,301.6,311.8,1686,30.7,90,0,0,0,0,0,0
185,L00098,L,297.1,307.5,1625,53.5,92,1,0,0,1,0,0
186,M00051,M,300.5,310.3,1577,47.4,95,0,0,0,0,0,0
187,H00038,H,296.0,306.7,1507,44.6,100,0,0,0,0,0,0
188,M00052,M,299.5,309.4,1576,36.0,103,0,0,0,0,0,0
189,M00053,M,300.9,310.9,1683,38.6,106,0,0,0,0,0,0
190,L00099,L,299.0,309.2,1621,40.0,108,0,0,0,0,0,0
191,L00100,L,297.9,308.8,1555,47.9,110,0,0,0,0,0,0
192,H00039,H,301.7,311.0,1521,42.4,115,0,0,0,0,0,0
193,H00040,H,299.8,309.3,1588,43.2,120,0,0,0,0,0,0
194,M00054,M,299.0,308.4,1485,39.0,123,0,0,0,0,0,0
195,L00101,L,300.1,309.8,1588,44.8,125,0,0,0,0,0,0
196,L00102,L,305.3,316.7,1468,41.8,127,0,0,0,0,0,0
197,M00055,M,302.3,312.9,1503,40.3,130,0,0,0,0,0,0
198,H00041,H,302.3,311.2,1435,35.5,135,0,0,0,0,0,0
199,H00042,H,300.9,310.3,1494,39.3,140,0,0,0,0,0,0
200,M00056,M,300.3,310.7,1470,33.5,143,0,0,0,0,0,0
201,M00057,M,295.2,304.3,1707,39.8,146,0,0,0,0,0,0
202,L00103,L,298.6,307.9,1449,40.5,148,0,0,0,0,0,0
203,L00104,L,299.0,310.4,1576,25.6,150,0,0,0,0,0,0
204,H00043,H,296.3,305.6,1443,38.6,155,0,0,0,0,0,0
205,M00058,M,297.7,308.6,1543,32.9,158,0,0,0,0,0,0
206,L00105,L,296.0,307.3,1567,43.0,160,0,0,0,0,0,0
207,L00106,L,299.9,309.2,1353,43.8,162,0,0,0,0,0,0
208,M00059,M,301.6,310.7,1398,37.4,165,0,0,0,0,0,0
209,L00107,L,302.2,311.9,1443,43.3,167,0,0,0,0,0,0
210,L00108,L,300.8,309.7,1408,43.5,169,0,0,0,0,0,0
211,M00060,M,298.1,308.2,1546,38.6,172,0,0,0,0,0,0
212,M00061,M,296.1,305.9,1562,49.2,175,0,0,0,0,0,0
213,M00062,M,296.5,306.8,1432,35.6,178,0,0,0,0,0,0
214,L00109,L,297.5,308.9,1550,48.8,180,0,0,0,0,0,0
215,M00063,M,298.2,309.0,1496,38.6,183,0,0,0,0,0,0
216,L00110,L,299.7,310.2,1528,34.9,185,0,0,0,0,0,0
217,L00111,L,298.0,306.0,1475,37.9,187,0,0,0,0,0,0
218,M00064,M,300.7,311.1,1587,33.4,190,0,0,0,0,0,0
219,M00065,M,299.5,311.3,1701,44.7,193,0,0,0,0,0,0
220,H00044,H,300.0,307.0,1615,30.4,198,0,0,0,0,0,0
221,M00066,M,302.3,313.0,1677,48.3,201,0,0,0,0,0,0
222,M00067,M,297.6,307.5,1398,34.4,204,0,0,0,0,0,0
223,L00112,L,300.8,310.0,1470,45.0,206,0,0,0,0,0,0
224,L00113,L,300.0,310.8,1595,40.1,208,0,0,0,0,0,0
225,L00114,L,299.3,311.0,1689,41.6,210,0,0,0,0,0,0
226,L00115,L,301.8,312.5,1603,36.5,212,0,0,0,0,0,0
227,H00045,H,301.8,311.4,1435,42.1,217,0,0,0,0,0,0
228,L00116,L,298.1,307.2,1495,40.8,219,0,0,0,0,0,0
229,H00046,H,299.6,309.8,1571,31.3,224,0,0,0,0,0,0
230,M00068,M,300.6,311.4,1522,34.2,3,0,0,0,0,0,0
231,M00069,M,299.5,309.1,1458,36.8,6,0,0,0,0,0,0
232,M00070,M,301.2,310.9,1509,35.5,9,0,0,0,0,0,0
233,M00071,M,300.6,313.4,1537,47.5,12,0,0,0,0,0,0
234,L00117,L,303.7,314.7,1430,40.0,14,0,0,0,0,0,0
235,L00118,L,296.9,308.1,1636,35.3,16,0,0,0,0,0,0
236,M00072,M,299.8,308.3,1494,37.1,19,0,0,0,0,0,0
237,L00119,L,298.2,307.5,1531,37.0,21,0,0,0,0,0,0
238,L00120,L,301.2,311.3,1642,38.3,23,0,0,0,0,0,0
239,M00073,M,296.8,305.8,1526,33.5,26,0,0,0,0,0,0
240,L00121,L,300.7,312.3,1636,35.1,28,0,0,0,0,0,0
241,H00047,H,298.7,310.2,1435,44.6,33,0,0,0,0,0,0
242,H00048,H,298.5,308.0,1581,41.1,38,0,0,0,0,0,0
243,H00049,H,297.1,308.9,1622,39.1,43,0,0,0,0,0,0
244,L00122,L,299.1,309.1,1455,40.0,45,0,0,0,0,0,0
245,L00123,L,302.2,314.8,1520,39.7,47,0,0,0,0,0,0
246,H00050,H,299.9,310.1,1522,38.7,52,0,0,0,0,0,0
247,L00124,L,301.3,311.8,1559,43.1,54,0,0,0,0,0,0
248,H00051,H,303.3,314.7,1585,42.7,59,0,0,0,0,0,0
249,H00052,H,300.5,311.8,1447,30.6,64,0,0,0,0,0,0
250,H00053,H,298.9,309.4,1532,39.2,69,0,0,0,0,0,0
251,L00125,L,300.9,310.8,1697,31.0,71,0,0,0,0,0,0
252,L00126,L,298.9,309.4,1643,43.8,73,0,0,0,0,0,0
253,H00054,H,299.0,308.2,1617,44.6,78,0,0,0,0,0,0
254,L00127,L,297.0,307.1,1519,36.3,80,0,0,0,0,0,0
255,L00128,L,301.9,310.7,1751,39.3,82,0,0,0,0,0,0
256,M00074,M,299.2,307.4,1641,27.3,85,0,0,0,0,0,0
257,H00055,H,300.4,310.4,1542,45.8,90,0,0,0,0,0,0
258,M00075,M,297.9,309.2,1560,44.3,93,0,0,0,0,0,0
259,M00076,M,300.9,311.8,1492,46.9,96,0,0,0,0,0,0
260,L00129,L,298.5,308.4,1577,48.9,98,0,0,0,0,0,0
261,M00077,M,299.7,311.5,1597,32.7,101,0,0,0,0,0,0
262,H00056,H,301.8,311.2,1608,45.3,106,0,0,0,0,0,0
263,L00130,L,301.6,309.7,1520,48.9,108,0,0,0,0,0,0
264,M00078,M,300.0,307.8,1391,31.0,111,0,0,0,0,0,0
265,H00057,H,296.5,305.3,1562,39.0,116,0,0,0,0,0,0
266,M00079,M,306.0,316.8,1609,37.8,119,0,0,0,0,0,0
267,M00080,M,303.5,312.9,1440,45.1,122,0,0,0,0,0,0
268,M00081,M,301.4,311.9,1529,25.6,125,0,0,0,0,0,0
269,L00131,L,298.5,310.1,1672,50.9,127,0,0,0,0,0,0
270,L00132,L,299.8,308.7,1418,39.3,129,0,0,0,0,0,0
271,H00058,H,298.9,309.4,1510,45.5,134,0,0,0,0,0,0
272,H00059,H,302.5,313.1,1687,39.6,139,0,0,0,0,0,0
273,H00060,H,300.5,309.7,1554,43.0,144,0,0,0,0,0,0
274,H00061,H,298.4,309.8,1485,26.1,149,0,0,0,0,0,0
275,M00082,M,299.1,308.8,1537,37.7,152,0,0,0,0,0,0
276,M00083,M,302.2,311.9,1621,45.1,155,0,0,0,0,0,0
277,M00084,M,303.2,315.3,1518,41.7,158,0,0,0,0,0,0
278,M00085,M,303.1,313.6,1598,30.2,161,0,0,0,0,0,0
279,M00086,M,301.5,312.4,1561,40.4,164,0,0,0,0,0,0
280,M00087,M,299.5,310.8,1570,35.1,167,0,0,0,0,0,0
281,H00062,H,293.5,302.9,1604,34.6,172,0,0,0,0,0,0
282,L00133,L,300.6,311.8,1509,30.9,174,0,0,0,0,0,0
283,L00134,L,300.0,309.5,1444,43.7,176,0,0,0,0,0,0
284,L00135,L,300.3,309.7,1585,46.7,178,0,0,0,0,0,0
285,M00088,M,300.1,309.8,1525,52.7,181,0,0,0,0,0,0
286,L00136,L,297.3,306.7,1493,31.2,183,0,0,0,0,0,0
287,L00137,L,301.1,311.9,1591,44.6,185,0,0,0,0,0,0
288,M00089,M,301.3,311.5,1666,45.0,188,0,0,0,0,0,0
289,L00138,L,301.4,310.9,1523,36.5,190,0,0,0,0,0,0
290,M00090,M,301.9,312.6,1539,34.5,193,0,0,0,0,0,0
291,L00139,L,301.2,310.9,1420,33.5,195,0,0,0,0,0,0
292,L00140,L,299.2,308.9,1516,36.8,197,0,0,0,0,0,0
293,H00063,H,299.9,309.9,1560,41.2,202,0,0,0,0,0,0
294,L00141,L,300.2,310.6,1536,48.2,204,0,0,0,0,0,0
295,L00142,L,300.2,310.6,1502,46.6,206,0,0,0,0,0,0
296,M00091,M,302.0,311.6,1611,30.3,209,0,0,0,0,0,0
297,M00092,M,301.3,312.1,1544,35.3,212,0,0,0,0,0,0
298,L00143,L,304.2,313.9,1797,47.8,214,0,0,0,0,0,0
299,M00093,M,304.4,313.8,1559,35.6,217,0,0,0,0,0,0
300,L00144,L,300.2,308.7,1263,39.7,219,1,0,1,0,0,0
301,L00145,L,292.3,303.3,1427,29.8,221,1,1,0,0,0,0
302,M00094,M,302.5,312.5,1591,46.9,3,0,0,0,0,0,0
303,M00095,M,298.9,309.1,1474,28.5,6,0,0,0,0,0,0
304,M00096,M,298.4,309.4,1480,30.1,9,0,0,0,0,0,0
305,M00097,M,299.2,308.7,1414,46.3,12,0,0,0,0,0,0
306,H00064,H,299.1,307.7,1490,51.5,17,0,0,0,0,0,0
307,M00098,M,301.2,311.3,1557,38.3,20,0,0,0,0,0,0
308,L00146,L,296.9,307.2,1577,39.7,22,0,0,0,0,0,0
309,M00099,M,297.8,307.6,1436,45.4,25,0,0,0,0,0,0
310,L00147,L,300.7,312.2,1619,41.7,27,0,0,0,0,0,0
311,L00148,L,301.2,308.8,1419,37.8,29,0,0,0,0,0,0
312,L00149,L,301.3,312.4,1582,37.1,31,0,0,0,0,0,0
313,L00150,L,298.4,309.2,1572,30.6,33,0,0,0,0,0,0
314,H00065,H,298.0,308.5,1445,41.4,38,0,0,0,0,0,0
315,H00066,H,299.0,305.7,1433,39.4,43,0,0,0,0,0,0
316,M00100,M,300.5,311.8,1576,37.4,46,0,0,0,0,0,0
317,L00151,L,303.0,311.9,1482,34.0,48,0,0,0,0,0,0
318,L00152,L,295.9,305.4,1519,34.6,50,0,0,0,0,0,0
319,L00153,L,299.6,309.4,1607,43.7,52,0,0,0,0,0,0
320,L00154,L,297.3,307.7,1586,45.3,54,0,0,0,0,0,0
321,M00101,M,296.7,307.3,1446,38.0,57,0,0,0,0,0,0
322,M00102,M,301.9,312.8,1533,37.4,60,0,0,0,0,0,0
323,M00103,M,301.1,311.9,1445,34.9,63,0,0,0,0,0,0
324,L00155,L,300.9,311.2,1625,45.6,65,0,0,0,0,0,0
325,H00067,H,301.8,312.3,1692,40.2,70,0,0,0,0,0,0
326,M00104,M,299.0,307.9,1453,42.2,73,0,0,0,0,0,0
327,M00105,M,299.1,308.4,1535,42.2,76,0,0,0,0,0,0
328,M00106,M,304.4,315.3,1630,38.2,79,0,0,0,0,0,0
329,L00156,L,299.5,310.3,1540,33.0,81,0,0,0,0,0,0
330,L00157,L,301.5,312.2,1594,34.0,83,0,0,0,0,0,0
331,L00158,L,300.0,309.5,1543,46.8,85,0,0,0,0,0,0
332,M00107,M,296.3,307.2,1432,35.6,88,0,0,0,0,0,0
333,L00159,L,295.9,304.7,1550,37.5,90,0,0,0,0,0,0
334,L00160,L,298.8,309.9,1651,33.2,92,0,0,0,0,0,0
335,L00161,L,302.1,311.9,1569,32.7,94,0,0,0,0,0,0
336,L00162,L,301.6,313.3,1700,35.4,96,0,0,0,0,0,0
337,H00068,H,301.8,310.3,1361,50.1,101,1,0,1,0,0,0
338,M00108,M,298.0,309.8,1576,43.9,104,0,0,0,0,0,0
339,L00163,L,303.2,312.9,1473,36.8,106,0,0,0,0,0,0
340,L00164,L,298.1,307.7,1450,46.5,108,0,0,0,0,0,0
341,L00165,L,300.4,310.6,1671,39.1,110,0,0,0,0,0,0
342,L00166,L,300.0,309.3,1512,48.1,112,0,0,0,0,0,0
343,L00167,L,299.7,309.6,1503,53.3,114,0,0,0,0,0,0
344,L00168,L,302.7,311.9,1572,46.2,116,0,0,0,0,0,0
345,L00169,L,298.6,307.9,1323,40.6,118,0,0,0,0,0,0
346,M00109,M,297.3,307.8,1673,44.2,121,0,0,0,0,0,0
347,M00110,M,300.0,309.1,1728,40.1,124,0,0,0,0,0,0
348,L00170,L,299.2,308.4,1630,29.0,126,0,0,0,0,0,0
349,L00171,L,306.8,315.4,1579,36.1,128,0,0,0,0,0,0
350,M00111,M,301.4,310.8,1516,34.3,131,0,0,0,0,0,0
351,M00112,M,299.2,310.5,1430,35.9,134,0,0,0,0,0,0
352,H00069,H,297.9,307.0,1657,50.8,139,0,0,0,0,0,0
353,M00113,M,296.2,305.5,1630,46.7,142,0,0,0,0,0,0
354,L00172,L,297.9,308.1,1583,42.6,144,0,0,0,0,0,0
355,L00173,L,300.2,309.9,1571,44.9,146,0,0,0,0,0,0
356,M00114,M,302.9,315.1,1568,28.6,149,0,0,0,0,0,0
357,L00174,L,302.2,312.1,1485,44.4,151,0,0,0,0,0,0
358,M00115,M,300.5,310.8,1788,45.6,154,0,0,0,0,0,0
359,H00070,H,299.4,310.3,1509,26.6,159,0,0,0,0,0,0
360,M00116,M,300.5,311.5,1495,44.6,162,0,0,0,0,0,0
361,L00175,L,299.0,309.2,1650,31.5,164,0,0,0,0,0,0
362,M00117,M,303.4,313.3,1535,28.2,167,0,0,0,0,0,0
363,L00176,L,299.6,311.6,1536,48.0,169,0,0,0,0,0,0
364,M00118,M,299.8,309.7,1679,34.0,172,0,0,0,0,0,0
365,H00071,H,295.6,305.1,1606,35.7,177,0,0,0,0,0,0
366,L00177,L,299.6,309.0,1611,45.9,179,0,0,0,0,0,0
367,H00072,H,301.7,309.9,1396,38.2,184,0,0,0,0,0,0
368,H00073,H,297.9,308.7,1578,38.9,189,0,0,0,0,0,0
369,L00178,L,298.5,306.2,1437,38.8,191,0,0,0,0,0,0
370,L00179,L,301.6,311.6,1493,42.1,193,0,0,0,0,0,0
371,L00180,L,297.0,306.8,1556,38.6,195,0,0,0,0,0,0
372,L00181,L,302.1,314.4,1534,40.7,197,0,0,0,0,0,0
373,L00182,L,298.9,307.1,1603,37.0,199,0,0,0,0,0,0
374,M00119,M,299.2,308.3,1615,42.1,202,0,0,0,0,0,0
375,L00183,L,297.8,307.6,1623,41.9,204,0,0,0,0,0,0
376,L00184,L,300.8,310.6,1404,51.4,206,0,0,0,0,0,0
377,H00074,H,304.9,314.4,1774,37.7,211,0,0,0,0,0,0
378,L00185,L,301.6,311.5,1536,38.9,213,0,0,0,0,0,0
379,H00075,H,298.3,307.0,1659,41.4,218,0,0,0,0,0,0
380,L00186,L,302.3,312.6,1287,45.8,220,0,0,0,0,0,0
381,L00187,L,299.4,307.0,1511,33.5,222,0,0,0,0,0,0
382,M00120,M,302.7,312.7,1392,40.6,225,0,0,0,0,0,0
383,M00121,M,301.6,311.0,1452,25.0,228,0,0,0,0,0,0
384,H00076,H,294.1,305.1,1543,38.4,233,0,0,0,0,0,0
385,M00122,M,298.0,309.7,1505,46.4,3,0,0,0,0,0,0
386,H00077,H,301.9,311.6,1669,35.6,8,0,0,0,0,0,0
387,L00188,L,300.3,311.7,1715,41.1,10,0,0,0,0,0,0
388,L00189,L,298.0,307.6,1441,36.8,12,0,0,0,0,0,0
389,M00123,M,298.7,307.8,1489,34.8,15,0,0,0,0,0,0
390,H00078,H,296.2,307.9,1435,45.8,20,0,0,0,0,0,0
391,H00079,H,299.8,310.3,1654,33.7,25,0,0,0,0,0,0
392,L00190,L,304.4,314.4,1554,41.8,27,0,0,0,0,0,0
393,L00191,L,301.6,312.3,1541,41.9,29,0,0,0,0,0,0
394,M00124,M,304.4,314.7,1569,34.9,32,0,0,0,0,0,0
395,L00192,L,301.8,311.7,1507,40.9,34,0,0,0,0,0,0
396,H00080,H,302.1,310.7,1452,34.4,39,0,0,0,0,0,0
397,H00081,H,303.9,313.7,1543,43.1,44,0,0,0,0,0,0
398,L00193,L,300.8,311.4,1511,32.1,46,0,0,0,0,0,0
399,M00125,M,299.6,309.5,1573,38.0,49,0,0,0,0,0,0
400,M00126,M,302.1,313.0,1375,38.5,52,0,0,0,0,0,0
401,L00194,L,302.9,313.3,1557,46.7,54,0,0,0,0,0,0
402,H00082,H,299.0,308.2,1469,40.8,59,0,0,0,0,0,0
403,M00127,M,298.6,307.2,1553,45.7,62,0,0,0,0,0,0
404,H00083,H,300.3,310.1,1629,43.3,67,0,0,0,0,0,0
405,L00195,L,301.7,311.1,1482,43.3,69,0,0,0,0,0,0
406,H00084,H,301.6,311.9,1658,38.0,74,0,0,0,0,0,0
407,L00196,L,297.2,306.4,1364,46.1,76,0,0,0,0,0,0
408,L00197,L,303.8,313.2,1692,37.9,78,0,0,0,0,0,0
409,H00085,H,298.7,309.8,1662,29.6,83,0,0,0,0,0,0
410,L00198,L,299.5,309.6,1449,38.7,85,0,0,0,0,0,0
411,L00199,L,298.2,307.5,1450,42.7,87,0,0,0,0,0,0
412,H00086,H,305.4,315.4,1389,30.4,92,0,0,0,0,0,0
413,H00087,H,300.5,311.9,1630,34.7,97,0,0,0,0,0,0
414,M00128,M,298.3,308.6,1505,32.6,100,0,0,0,0,0,0
415,M00129,M,301.7,312.3,1498,44.7,103,0,0,0,0,0,0
416,L00200,L,301.5,310.8,1426,50.0,105,0,0,0,0,0,0
417,L00201,L,299.6,310.7,1719,38.7,107,0,0,0,0,0,0
418,L00202,L,301.7,314.0,1441,43.2,109,0,0,0,0,0,0
419,M00130,M,298.3,307.6,1540,43.0,112,0,0,0,0,0,0
420,M00131,M,299.0,307.8,1560,49.3,115,0,0,0,0,0,0
421,M00132,M,296.0,306.2,1498,36.1,118,0,0,0,0,0,0
422,M00133,M,297.4,308.2,1478,38.7,121,0,0,0,0,0,0
423,L00203,L,303.6,313.5,1501,38.0,123,0,0,0,0,0,0
424,L00204,L,303.3,312.2,1595,40.5,125,0,0,0,0,0,0
425,L00205,L,300.1,310.0,1503,55.0,127,0,0,0,0,0,0
426,M00134,M,303.3,313.9,1701,40.2,130,0,0,0,0,0,0
427,L00206,L,299.7,309.3,1460,34.9,132,0,0,0,0,0,0
428,H00088,H,299.5,310.1,1613,33.1,137,0,0,0,0,0,0
429,L00207,L,300.1,311.3,1362,47.5,139,0,0,0,0,0,0
430,L00208,L,299.8,310.0,1460,34.8,141,0,0,0,0,0,0
431,L00209,L,299.6,309.5,1456,44.0,143,0,0,0,0,0,0
432,M00135,M,302.3,313.1,1428,35.9,146,0,0,0,0,0,0
433,M00136,M,300.3,309.4,1566,32.4,149,0,0,0,0,0,0
434,L00210,L,301.4,310.5,1527,43.6,151,0,0,0,0,0,0
435,L00211,L,302.1,311.8,1310,36.2,153,0,0,0,0,0,0
436,M00137,M,300.8,310.3,1738,42.6,156,0,0,0,0,0,0
437,L00212,L,298.1,307.3,1556,43.0,158,0,0,0,0,0,0
438,H00089,H,297.3,309.1,1538,43.3,163,0,0,0,0,0,0
439,M00138,M,300.3,312.5,1669,38.4,166,0,0,0,0,0,0
440,L00213,L,299.7,309.3,1637,44.1,168,0,0,0,0,0,0
441,L00214,L,300.2,310.3,1508,34.5,170,0,0,0,0,0,0
442,H00090,H,300.0,309.8,1343,25.3,175,0,0,0,0,0,0
443,L00215,L,305.2,316.3,1594,44.2,177,0,0,0,0,0,0
444,L00216,L,297.3,308.6,1442,41.0,179,0,0,0,0,0,0
445,H00091,H,296.0,304.2,1662,36.3,184,0,0,0,0,0,0
446,H00092,H,300.7,311.1,1460,31.2,189,0,0,0,0,0,0
447,H00093,H,299.2,307.9,1493,27.8,194,0,0,0,0,0,0
448,M00139,M,300.6,312.4,1404,40.3,197,0,0,0,0,0,0
449,L00217,L,301.2,311.6,1412,49.9,199,0,0,0,0,0,0
450,L00218,L,302.6,311.7,1527,39.2,201,0,0,0,0,0,0
451,M00140,M,297.0,306.7,1518,37.8,204,0,0,0,0,0,0
452,M00141,M,298.9,308.6,1490,39.9,207,0,0,0,0,0,0
453,L00219,L,300.9,311.4,1743,53.1,209,1,0,0,1,1,0
454,H00094,H,301.5,312.6,1598,44.5,214,0,0,0,0,0,0
455,L00220,L,304.4,313.2,1539,34.4,216,0,0,0,0,0,0
456,L00221,L,301.9,313.8,1262,40.2,218,0,0,0,0,0,0
457,L00222,L,299.9,311.5,1621,42.0,220,0,0,0,0,0,0
458,L00223,L,298.2,307.3,1837,33.7,222,0,0,0,0,0,0
459,L00224,L,298.9,308.9,1519,44.6,224,0,0,0,0,0,0
460,L00225,L,298.8,310.5,1457,35.1,226,0,0,0,0,0,0
461,L00226,L,301.3,312.5,1554,30.9,228,0,0,0,0,0,0
462,M00142,M,300.5,310.2,1395,40.5,231,0,0,0,0,0,0
463,M00143,M,297.4,308.2,1584,39.5,234,0,0,0,0,0,0
464,M00144,M,299.1,312.1,1688,40.0,237,0,0,0,0,0,0
465,H00095,H,301.8,311.9,1471,35.4,5,0,0,0,0,0,0
466,L00227,L,300.7,310.1,1474,36.2,7,0,0,0,0,0,0
467,L00228,L,301.1,311.3,1530,46.8,9,0,0,0,0,0,0
468,H00096,H,300.8,311.0,1488,42.6,14,0,0,0,0,0,0
469,L00229,L,303.3,312.7,1387,34.3,16,0,0,0,0,0,0
470,H00097,H,300.5,310.9,1499,28.3,21,0,0,0,0,0,0
471,L00230,L,299.2,308.0,1479,34.5,23,0,0,0,0,0,0
472,H00098,H,298.2,307.5,1675,40.9,28,0,0,0,0,0,0
473,L00231,L,300.5,311.3,1654,36.2,30,0,0,0,0,0,0
474,H00099,H,295.1,303.4,1678,35.7,35,0,0,0,0,0,0
475,M00145,M,299.6,310.5,1618,36.5,38,0,0,0,0,0,0
476,H00100,H,299.6,307.6,1559,39.6,43,0,0,0,0,0,0
477,L00232,L,297.3,305.5,1451,44.7,45,0,0,0,0,0,0
478,M00146,M,298.1,307.6,1671,40.0,48,0,0,0,0,0,0
479,H00101,H,301.6,311.9,1573,40.4,53,0,0,0,0,0,0
480,M00147,M,300.5,311.8,1413,38.7,56,0,0,0,0,0,0
481,M00148,M,300.2,310.3,1447,37.0,59,0,0,0,0,0,0
482,M00149,M,300.6,310.4,1412,45.4,62,0,0,0,0,0,0
483,L00233,L,300.2,310.8,1333,44.5,64,0,0,0,0,0,0
484,M00150,M,302.5,311.6,1577,52.3,67,0,0,0,0,0,0
485,M00151,M,300.2,310.4,1414,43.7,70,0,0,0,0,0,0
486,H00102,H,297.1,305.9,1462,37.0,75,0,0,0,0,0,0
487,L00234,L,303.3,313.3,1542,34.6,77,0,0,0,0,0,0
488,L00235,L,300.7,310.6,1519,45.7,79,0,0,0,0,0,0
489,H00103,H,298.8,308.0,1467,35.1,84,0,0,0,0,0,0
490,H00104,H,297.5,307.7,1690,44.9,89,0,0,0,0,0,0
491,L00236,L,300.8,311.0,1385,35.4,91,0,0,0,0,0,0
492,M00152,M,299.8,310.9,1390,42.1,94,0,0,0,0,0,0
493,L00237,L,303.1,311.5,1584,33.6,96,0,0,0,0,0,0
494,L00238,L,299.3,309.2,1475,44.7,98,0,0,0,0,0,0
495,L00239,L,298.3,307.6,1471,32.6,100,0,0,0,0,0,0
496,L00240,L,301.8,312.7,1430,41.6,102,0,0,0,0,0,0
497,M00153,M,301.9,312.6,1572,38.8,105,0,0,0,0,0,0
498,L00241,L,300.3,310.8,1561,40.6,107,0,0,0,0,0,0
499,H00105,H,301.4,310.6,1550,37.6,112,0,0,0,0,0,0
500,H00106,H,299.9,310.8,1480,37.5,117,0,0,0,0,0,0
501,M00154,M,300.5,308.9,1463,40.9,120,0,0,0,0,0,0
502,M00155,M,302.3,310.6,1522,34.0,123,0,0,0,0,0,0
503,L00242,L,301.3,310.0,1635,34.0,125,0,0,0,0,0,0
504,H00107,H,299.7,309.6,1695,37.8,130,0,0,0,0,0,0
505,M00156,M,302.7,313.4,1649,37.6,133,0,0,0,0,0,0
506,L00243,L,295.3,302.3,1589,34.0,135,0,0,0,0,0,0
507,H00108,H,304.1,315.4,1636,45.5,140,0,0,0,0,0,0
508,H00109,H,296.6,306.7,1420,38.0,145,0,0,0,0,0,0
509,H00110,H,298.7,307.2,1467,38.6,150,0,0,0,0,0,0
510,M00157,M,299.9,310.0,1590,32.0,153,0,0,0,0,0,0
511,M00158,M,299.7,310.8,1526,52.4,156,0,0,0,0,0,0
512,L00244,L,302.0,312.6,1572,54.6,158,0,0,0,0,0,0
513,H00111,H,297.9,309.0,1636,35.3,163,1,0,0,0,0,1
514,H00112,H,300.5,309.2,1620,47.4,168,0,0,0,0,0,0
515,L00245,L,298.8,308.4,1429,39.4,170,0,0,0,0,0,0
516,L00246,L,300.6,309.7,1539,49.6,172,0,0,0,0,0,0
517,L00247,L,299.9,311.6,1446,42.0,174,0,0,0,0,0,0
518,H00113,H,300.2,310.8,1460,40.6,179,0,0,0,0,0,0
519,H00114,H,298.9,311.7,1367,25.0,184,0,0,0,0,0,0
520,L00248,L,299.0,308.5,1551,34.7,186,0,0,0,0,0,0
521,M00159,M,300.6,309.8,1360,40.1,189,0,0,0,0,0,0
522,L00249,L,301.9,311.7,1577,41.2,191,0,0,0,0,0,0
523,H00115,H,298.8,310.2,1674,32.7,196,0,0,0,0,0,0
524,H00116,H,298.3,307.9,1591,35.6,201,0,0,0,0,0,0
525,H00117,H,301.2,311.4,1543,43.3,206,0,0,0,0,0,0
526,L00250,L,299.9,310.0,1691,31.7,208,0,0,0,0,0,0
527,L00251,L,301.7,311.7,1571,40.8,210,0,0,0,0,0,0
528,L00252,L,298.2,307.5,1452,47.4,212,0,0,0,0,0,0
529,L00253,L,296.4,306.3,1551,42.3,214,0,0,0,0,0,0
530,H00118,H,298.9,308.8,1734,42.0,219,0,0,0,0,0,0
531,H00119,H,298.5,308.5,1429,27.9,224,0,0,0,0,0,0
532,H00120,H,299.8,310.8,1400,35.1,5,0,0,0,0,0,0
533,H00121,H,298.7,310.5,1599,52.3,10,0,0,0,0,0,0
534,M00160,M,301.5,310.6,1516,36.4,13,0,0,0,0,0,0
535,M00161,M,299.4,309.0,1485,47.6,16,0,0,0,0,0,0
536,H00122,H,300.3,309.5,1412,36.3,21,0,0,0,0,0,0
537,H00123,H,300.3,310.5,1343,38.3,26,0,0,0,0,0,0
538,L00254,L,300.4,309.9,1392,43.1,28,0,0,0,0,0,0
539,L00255,L,300.0,310.2,1699,40.6,30,0,0,0,0,0,0
540,L00256,L,301.0,312.1,1537,42.3,32,0,0,0,0,0,0
541,H00124,H,298.4,305.9,1342,35.1,37,1,0,1,0,0,0
542,M00162,M,302.8,313.3,1656,33.2,40,0,0,0,0,0,0
543,L00257,L,299.5,309.1,1661,34.7,42,0,0,0,0,0,0
544,M00163,M,297.4,307.8,1661,36.8,45,0,0,0,0,0,0
545,M00164,M,300.4,309.5,1496,38.6,48,0,0,0,0,0,0
546,L00258,L,298.3,309.5,1511,46.2,50,0,0,0,0,0,0
547,L00259,L,301.3,312.2,1552,40.5,52,0,0,0,0,0,0
548,M00165,M,304.4,315.0,1678,42.9,55,0,0,0,0,0,0
549,M00166,M,298.4,309.2,1483,40.8,58,0,0,0,0,0,0
550,M00167,M,300.7,309.9,1463,33.3,61,0,0,0,0,0,0
551,M00168,M,296.5,305.9,1608,40.1,64,0,0,0,0,0,0
552,H00125,H,300.9,311.7,1659,40.8,69,0,0,0,0,0,0
553,M00169,M,298.2,307.5,1533,44.6,72,0,0,0,0,0,0
554,M00170,M,298.8,310.2,1605,33.6,75,0,0,0,0,0,0
555,H00126,H,297.8,307.5,1549,27.8,80,0,0,0,0,0,0
556,L00260,L,301.5,312.0,1513,41.1,82,0,0,0,0,0,0
557,L00261,L,302.0,314.1,1455,42.1,84,0,0,0,0,0,0
558,L00262,L,300.0,309.3,1423,38.9,86,0,0,0,0,0,0
559,M00171,M,298.3,308.3,1477,40.2,89,0,0,0,0,0,0
560,M00172,M,303.2,314.2,1440,45.3,92,0,0,0,0,0,0
561,M00173,M,298.5,309.5,1566,37.2,95,0,0,0,0,0,0
562,L00263,L,295.7,305.3,1660,38.3,97,0,0,0,0,0,0
563,L00264,L,300.9,310.4,1558,40.5,99,0,0,0,0,0,0
564,L00265,L,297.8,307.6,1446,32.7,101,0,0,0,0,0,0
565,L00266,L,302.0,313.4,1624,39.1,103,0,0,0,0,0,0
566,M00174,M,299.2,309.0,1568,39.6,106,0,0,0,0,0,0
567,L00267,L,301.2,311.3,1587,49.8,108,0,0,0,0,0,0
568,L00268,L,302.8,312.4,1486,38.2,110,0,0,0,0,0,0
569,H00127,H,297.6,308.3,1651,41.2,115,0,0,0,0,0,0
570,L00269,L,298.9,309.0,1651,45.5,117,0,0,0,0,0,0
571,M00175,M,299.8,308.8,1520,35.0,120,0,0,0,0,0,0
572,M00176,M,303.1,312.1,1610,48.3,123,0,0,0,0,0,0
573,L00270,L,298.7,306.7,1648,50.6,125,0,0,0,0,0,0
574,M00177,M,298.8,308.0,1491,39.8,128,0,0,0,0,0,0
575,H00128,H,301.0,311.8,1530,36.8,133,0,0,0,0,0,0
576,H00129,H,298.8,310.2,1546,49.8,138,0,0,0,0,0,0
577,L00271,L,300.3,311.0,1428,44.8,140,0,0,0,0,0,0
578,H00130,H,296.9,307.5,1582,40.5,145,0,0,0,0,0,0
579,L00272,L,304.4,314.3,1640,48.6,147,0,0,0,0,0,0
580,L00273,L,297.3,308.1,1524,47.9,149,0,0,0,0,0,0
581,L00274,L,299.4,309.6,1572,38.0,151,0,0,0,0,0,0
582,H00131,H,299.9,311.7,1678,41.5,156,0,0,0,0,0,0
583,L00275,L,303.8,313.7,1497,43.5,158,0,0,0,0,0,0
584,L00276,L,297.4,308.7,1574,40.2,160,0,0,0,0,0,0
585,M00178,M,304.0,314.8,1481,31.7,163,0,0,0,0,0,0
586,L00277,L,301.5,312.2,1478,34.4,165,0,0,0,0,0,0
587,L00278,L,300.8,308.8,1572,31.9,167,0,0,0,0,0,0
588,L00279,L,298.0,309.0,1562,43.0,169,0,0,0,0,0,0
589,L00280,L,301.1,311.0,1594,32.9,171,0,0,0,0,0,0
590,L00281,L,298.6,308.1,1546,41.2,173,0,0,0,0,0,0
591,L00282,L,302.5,311.1,1585,51.0,175,0,0,0,0,0,0
592,M00179,M,298.1,308.1,1705,48.6,178,0,0,0,0,0,0
593,L00283,L,299.8,309.8,1644,29.0,180,0,0,0,0,0,0
594,L00284,L,298.9,307.6,1572,32.3,182,0,0,0,0,0,0
595,H00132,H,298.0,306.6,1588,35.3,187,0,0,0,0,0,0
596,L00285,L,301.5,312.0,1508,33.0,189,0,0,0,0,0,0
597,M00180,M,301.1,311.9,1522,30.1,192,0,0,0,0,0,0
598,L00286,L,302.4,312.6,1587,39.9,194,0,0,0,0,0,0
599,L00287,L,296.4,307.6,1547,44.2,196,0,0,0,0,0,0
600,L00288,L,302.1,312.0,1617,45.7,198,0,0,0,0,0,0
601,L00289,L,305.0,315.0,1665,37.2,200,0,0,0,0,0,0
602,L00290,L,299.1,308.2,1528,38.4,202,0,0,0,0,0,0
603,L00291,L,303.8,312.2,1337,42.1,204,1,0,1,0,0,0
604,L00292,L,299.5,311.3,1741,39.3,206,0,0,0,0,0,0
605,L00293,L,297.3,308.4,1473,44.9,208,0,0,0,0,0,0
606,L00294,L,299.4,308.0,1558,42.6,210,0,0,0,0,0,0
607,L00295,L,302.1,312.3,1611,37.7,212,0,0,0,0,0,0
608,L00296,L,298.3,308.2,1679,28.9,214,0,0,0,0,0,0
609,M00181,M,298.8,308.5,1719,49.0,217,0,0,0,0,0,0
610,M00182,M,301.2,310.8,1502,35.9,220,0,0,0,0,0,0
611,L00297,L,300.0,310.4,1657,42.1,222,0,0,0,0,0,0
612,M00183,M,301.2,312.0,1558,28.5,225,0,0,0,0,0,0
613,M00184,M,300.5,310.9,1812,39.9,228,0,0,0,0,0,0
614,L00298,L,301.0,310.8,1648,40.6,230,0,0,0,0,0,0
615,H00133,H,299.1,309.0,1520,40.9,235,0,0,0,0,0,0
616,H00134,H,300.5,311.4,1459,58.1,240,1,0,0,0,1,0
617,L00299,L,298.1,308.6,1275,36.2,2,0,0,0,0,0,0
618,L00300,L,302.6,312.6,1605,44.9,4,0,0,0,0,0,0
619,H00135,H,298.7,308.7,1639,43.1,9,0,0,0,0,0,0
620,M00185,M,302.3,312.6,1613,35.9,12,0,0,0,0,0,0
621,L00301,L,299.5,309.1,1303,44.8,14,0,0,0,0,0,0
622,L00302,L,300.4,311.2,1412,39.0,16,0,0,0,0,0,0
623,L00303,L,299.0,307.9,1586,45.3,18,0,0,0,0,0,0
624,L00304,L,298.0,307.6,1717,51.8,20,1,0,0,1,0,0
625,M00186,M,296.5,307.1,1532,40.9,23,0,0,0,0,0,0
626,L00305,L,297.9,306.8,1647,38.3,25,0,0,0,0,0,0
627,L00306,L,299.4,307.8,1435,46.3,27,0,0,0,0,0,0
628,M00187,M,300.4,310.5,1559,48.4,30,0,0,0,0,0,0
629,L00307,L,302.0,310.3,1511,34.7,32,0,0,0,0,0,0
630,L00308,L,299.1,307.8,1657,37.3,34,0,0,0,0,0,0
631,M00188,M,298.2,309.0,1484,44.1,37,0,0,0,0,0,0
632,H00136,H,297.1,306.9,1706,39.2,42,0,0,0,0,0,0
633,M00189,M,301.0,312.2,1507,34.3,45,0,0,0,0,0,0
634,M00190,M,302.8,311.6,1431,43.2,48,0,0,0,0,0,0
635,L00309,L,302.5,312.4,1434,44.0,50,0,0,0,0,0,0
636,L00310,L,301.4,311.8,1476,38.0,52,0,0,0,0,0,0
637,M00191,M,301.3,310.1,1575,40.4,55,0,0,0,0,0,0
638,L00311,L,303.4,314.4,1477,36.5,57,0,0,0,0,0,0
639,L00312,L,300.7,311.2,1456,33.4,59,0,0,0,0,0,0
640,L00313,L,301.3,309.7,1627,37.0,61,0,0,0,0,0,0
641,L00314,L,299.4,309.3,1217,40.4,63,0,0,0,0,0,0
642,L00315,L,297.3,307.7,1495,31.1,65,0,0,0,0,0,0
643,L00316,L,298.6,308.0,1405,37.5,67,0,0,0,0,0,0
644,L00317,L,300.0,308.5,1451,40.5,69,0,0,0,0,0,0
645,L00318,L,300.1,310.4,1562,47.2,71,0,0,0,0,0,0
646,H00137,H,303.9,316.1,1517,38.1,76,0,0,0,0,0,0
647,M00192,M,300.2,309.8,1508,32.5,79,0,0,0,0,0,0
648,M00193,M,302.4,313.9,1657,38.7,82,0,0,0,0,0,0
649,M00194,M,299.1,308.4,1537,36.6,85,0,0,0,0,0,0
650,L00319,L,299.4,309.6,1719,43.3,87,0,0,0,0,0,0
651,L00320,L,297.3,308.1,1609,38.0,89,0,0,0,0,0,0
652,M00195,M,298.5,308.5,1441,23.7,92,0,0,0,0,0,0
653,M00196,M,301.1,310.8,1731,62.1,95,1,0,0,1,0,0
654,M00197,M,300.0,310.7,1566,40.9,98,0,0,0,0,0,0
655,L00321,L,301.9,313.8,1725,40.5,100,0,0,0,0,0,0
656,L00322,L,300.4,310.7,1511,30.8,102,0,0,0,0,0,0
657,L00323,L,299.3,308.8,1565,31.2,104,0,0,0,0,0,0
658,L00324,L,304.3,314.1,1581,39.4,106,0,0,0,0,0,0
659,M00198,M,299.8,312.3,1521,42.0,109,0,0,0,0,0,0
660,M00199,M,302.3,312.5,1665,44.2,112,0,0,0,0,0,0
661,L00325,L,299.2,308.6,1731,41.4,114,0,0,0,0,0,0
662,H00138,H,301.4,310.3,1309,32.9,119,0,0,0,0,0,0
663,M00200,M,301.9,310.0,1619,25.0,122,0,0,0,0,0,0
664,L00326,L,300.4,310.8,1449,39.4,124,0,0,0,0,0,0
665,L00327,L,295.3,305.9,1279,36.8,126,0,0,0,0,0,0
666,L00328,L,300.0,309.6,1590,32.4,128,0,0,0,0,0,0
667,L00329,L,302.5,312.4,1590,45.0,130,0,0,0,0,0,0
668,L00330,L,301.1,309.9,1606,30.5,132,0,0,0,0,0,0
669,L00331,L,300.9,311.0,1575,43.7,134,0,0,0,0,0,0
670,L00332,L,296.6,307.0,1626,31.5,136,0,0,0,0,0,0
671,L00333,L,298.6,308.0,1478,40.8,138,0,0,0,0,0,0
672,H00139,H,300.8,312.5,1564,45.6,143,0,0,0,0,0,0
673,L00334,L,300.8,310.0,1608,38.0,145,0,0,0,0,0,0
674,M00201,M,302.4,312.7,1673,50.1,148,0,0,0,0,0,0
675,L00335,L,299.7,310.6,1542,51.5,150,0,0,0,0,0,0
676,H00140,H,300.8,310.7,1517,41.4,155,0,0,0,0,0,0
677,L00336,L,300.0,309.8,1532,43.2,157,0,0,0,0,0,0
678,L00337,L,298.0,306.6,1419,46.4,159,0,0,0,0,0,0
679,H00141,H,295.5,306.8,1615,43.3,164,0,0,0,0,0,0
680,H00142,H,300.9,310.7,1392,42.6,169,0,0,0,0,0,0
681,H00143,H,300.3,310.9,1577,36.9,174,0,0,0,0,0,0
682,L00338,L,298.8,309.4,1546,29.9,176,0,0,0,0,0,0
683,L00339,L,296.8,306.1,1383,31.7,178,0,0,0,0,0,0
684,M00202,M,301.3,311.1,1389,54.3,181,0,0,0,0,0,0
685,H00144,H,299.5,310.8,1453,41.9,186,0,0,0,0,0,0
686,M00203,M,301.1,310.0,1504,38.5,189,0,0,0,0,0,0
687,M00204,M,303.7,315.9,1686,47.6,192,0,0,0,0,0,0
688,L00340,L,295.7,305.0,1527,35.5,194,0,0,0,0,0,0
689,M00205,M,298.6,307.4,1593,43.5,197,0,0,0,0,0,0
690,L00341,L,299.6,309.7,1665,40.5,199,0,0,0,0,0,0
691,L00342,L,302.9,315.1,1645,42.8,201,0,0,0,0,0,0
692,L00343,L,296.7,304.8,1537,38.0,203,0,0,0,0,0,0
693,M00206,M,303.9,313.7,1467,34.2,206,0,0,0,0,0,0
694,L00344,L,300.3,310.7,1588,35.1,208,0,0,0,0,0,0
695,L00345,L,299.8,309.8,1469,35.3,210,0,0,0,0,0,0
696,M00207,M,299.6,310.0,1719,40.0,213,0,0,0,0,0,0
697,L00346,L,299.1,308.4,1625,30.7,215,0,0,0,0,0,0
698,M00208,M,302.1,311.5,1559,32.5,218,0,0,0,0,0,0
699,L00347,L,297.9,307.7,1589,40.8,220,0,0,0,0,0,0
700,L00348,L,300.7,309.6,1556,39.2,222,0,0,0,0,0,0
701,M00209,M,299.2,309.2,1501,41.1,225,0,0,0,0,0,0
702,L00349,L,298.5,308.1,1588,39.7,227,0,0,0,0,0,0
703,L00350,L,305.2,314.7,1514,55.1,229,1,0,0,0,1,0
704,L00351,L,300.8,311.2,1732,40.8,231,0,0,0,0,0,0
705,L00352,L,301.2,309.4,1469,37.7,233,0,0,0,0,0,0
706,H00145,H,302.3,312.0,1589,40.6,238,0,0,0,0,0,0
707,L00353,L,297.2,309.5,1460,46.1,2,0,0,0,0,0,0
708,H00146,H,303.5,312.4,1459,39.7,7,0,0,0,0,0,0
709,L00354,L,295.0,306.3,1359,44.1,9,0,0,0,0,0,0
710,M00210,M,298.5,308.5,1579,42.4,12,0,0,0,0,0,0
711,M00211,M,299.1,308.5,1485,38.3,15,0,0,0,0,0,0
712,M00212,M,301.2,309.8,1646,40.7,18,0,0,0,0,0,0
713,L00355,L,300.4,310.6,1579,49.6,20,0,0,0,0,0,0
714,L00356,L,299.7,311.1,1553,41.5,22,0,0,0,0,0,0
715,L00357,L,300.0,309.6,1397,34.1,24,0,0,0,0,0,0
716,H00147,H,298.0,308.0,1596,38.1,29,0,0,0,0,0,0
717,H00148,H,297.0,308.0,1472,27.3,34,0,0,0,0,0,0
718,H00149,H,301.5,311.8,1395,40.8,39,0,0,0,0,0,0
719,L00358,L,301.4,309.8,1581,47.9,41,0,0,0,0,0,0
720,M00213,M,303.2,313.3,1412,32.0,44,0,0,0,0,0,0
721,H00150,H,298.4,309.9,1329,40.9,49,0,0,0,0,0,0
722,L00359,L,301.4,311.3,1668,45.9,51,0,0,0,0,0,0
723,L00360,L,299.4,306.7,1482,46.5,53,0,0,0,0,0,0
724,M00214,M,302.4,312.8,1364,47.7,56,0,0,0,0,0,0
725,M00215,M,302.0,311.8,1442,28.8,59,0,0,0,0,0,0
726,H00151,H,300.4,308.6,1466,43.0,64,0,0,0,0,0,0
727,L00361,L,299.3,307.6,1652,31.0,66,0,0,0,0,0,0
728,M00216,M,301.9,312.9,1372,34.0,69,0,0,0,0,0,0
729,L00362,L,301.3,310.6,1404,44.9,71,0,0,0,0,0,0
730,L00363,L,298.6,307.7,1636,40.9,73,0,0,0,0,0,0
731,L00364,L,297.3,307.3,1493,44.4,75,0,0,0,0,0,0
732,H00152,H,299.4,308.8,1561,34.4,80,0,0,0,0,0,0
733,M00217,M,303.0,313.1,1489,48.8,83,0,0,0,0,0,0
734,M00218,M,302.3,312.1,1740,44.1,86,0,0,0,0,0,0
735,L00365,L,297.8,306.6,1409,45.3,88,0,0,0,0,0,0
736,H00153,H,297.7,307.2,1566,33.5,93,0,0,0,0,0,0
737,L00366,L,302.5,313.0,1688,47.0,95,0,0,0,0,0,0
738,H00154,H,297.7,307.8,1501,38.1,100,0,0,0,0,0,0
739,L00367,L,301.0,310.9,1463,36.3,102,0,0,0,0,0,0
740,L00368,L,298.8,310.7,1615,43.8,104,0,0,0,0,0,0
741,L00369,L,303.2,314.0,1638,43.5,106,0,0,0,0,0,0
742,L00370,L,298.5,309.3,1458,34.9,108,0,0,0,0,0,0
743,M00219,M,302.3,312.1,1684,52.3,111,1,0,0,1,0,0
744,M00220,M,300.4,310.6,1543,50.9,114,0,0,0,0,0,0
745,L00371,L,300.5,310.1,1589,43.6,116,0,0,0,0,0,0
746,H00155,H,296.1,306.8,1687,42.6,121,0,0,0,0,0,0
747,L00372,L,295.6,305.5,1615,42.0,123,0,0,0,0,0,0
748,M00221,M,299.6,309.8,1538,30.7,126,0,0,0,0,0,0
749,H00156,H,300.5,310.7,1471,40.7,131,0,0,0,0,0,0
750,M00222,M,297.7,307.7,1809,40.6,134,0,0,0,0,0,0
751,L00373,L,297.8,310.8,1459,36.5,136,0,0,0,0,0,0
752,H00157,H,301.1,310.5,1570,38.1,141,0,0,0,0,0,0
753,M00223,M,301.1,310.4,1589,25.7,144,0,0,0,0,0,0
754,L00374,L,299.7,310.4,1594,33.4,146,0,0,0,0,0,0
755,L00375,L,301.6,311.0,1751,45.5,148,0,0,0,0,0,0
756,M00224,M,297.7,307.4,1543,50.4,151,0,0,0,0,0,0
757,M00225,M,299.3,308.2,1528,34.3,154,0,0,0,0,0,0
758,M00226,M,303.3,313.8,1693,41.1,157,0,0,0,0,0,0
759,H00158,H,300.1,310.6,1524,46.6,162,0,0,0,0,0,0
760,M00227,M,300.3,309.9,1626,36.9,165,0,0,0,0,0,0
761,L00376,L,304.6,315.3,1557,44.1,167,0,0,0,0,0,0
762,L00377,L,297.2,305.3,1630,39.8,169,0,0,0,0,0,0
763,L00378,L,301.6,310.9,1611,47.1,171,0,0,0,0,0,0
764,M00228,M,303.3,313.2,1498,32.3,174,0,0,0,0,0,0
765,L00379,L,299.4,308.2,1354,33.4,176,0,0,0,0,0,0
766,M00229,M,301.7,310.0,1371,41.7,179,1,0,1,0,0,0
767,M00230,M,298.0,307.7,1354,40.6,182,0,0,0,0,0,0
768,H00159,H,298.6,309.3,1529,39.7,187,0,0,0,0,0,0
769,L00380,L,300.8,312.1,1303,43.5,189,0,0,0,0,0,0
770,H00160,H,301.6,311.0,1522,34.4,194,0,0,0,0,0,0
771,L00381,L,302.2,313.0,1551,31.8,196,0,0,0,0,0,0
772,H00161,H,303.1,313.8,1624,37.0,201,0,0,0,0,0,0
773,L00382,L,299.9,311.1,1588,37.7,203,0,0,0,0,0,0
774,L00383,L,302.4,312.0,1628,38.3,205,0,0,0,0,0,0
775,M00231,M,299.3,307.5,1579,47.6,208,0,0,0,0,0,0
776,L00384,L,301.8,311.9,1506,44.6,210,0,0,0,0,0,0
777,L00385,L,300.4,309.4,1527,43.2,212,0,0,0,0,0,0
778,M00232,M,300.9,310.2,1453,41.3,215,0,0,0,0,0,0
779,M00233,M,300.8,310.5,1561,37.4,218,0,0,0,0,0,0
780,M00234,M,296.8,306.5,1380,34.9,221,0,0,0,0,0,0
781,M00235,M,297.8,307.9,1645,32.8,224,0,0,0,0,0,0
782,M00236,M,300.2,310.9,1442,35.8,227,0,0,0,0,0,0
783,L00386,L,296.6,306.3,1553,39.7,2,0,0,0,0,0,0
784,L00387,L,301.7,312.1,1570,33.1,4,0,0,0,0,0,0
785,L00388,L,301.7,311.8,1654,41.0,6,0,0,0,0,0,0
786,H00162,H,300.7,311.6,1370,38.8,11,0,0,0,0,0,0
787,M00237,M,297.8,307.6,1505,37.6,14,0,0,0,0,0,0
788,L00389,L,302.8,312.7,1593,47.0,16,0,0,0,0,0,0
789,L00390,L,304.1,313.7,1713,25.2,18,0,0,0,0,0,0
790,H00163,H,300.3,310.1,1534,37.7,23,0,0,0,0,0,0
791,L00391,L,301.0,310.2,1479,25.9,25,0,0,0,0,0,0
792,M00238,M,300.4,309.5,1741,41.4,28,0,0,0,0,0,0
793,M00239,M,301.1,311.8,1618,44.6,31,0,0,0,0,0,0
794,M00240,M,299.8,308.7,1675,31.9,34,0,0,0,0,0,0
795,L00392,L,299.9,309.6,1417,32.7,36,0,0,0,0,0,0
796,H00164,H,301.8,312.8,1590,29.8,41,0,0,0,0,0,0
797,H00165,H,304.7,314.3,1430,40.4,46,0,0,0,0,0,0
798,M00241,M,297.2,308.0,1407,38.0,49,0,0,0,0,0,0
799,M00242,M,299.8,309.2,1596,38.3,52,0,0,0,0,0,0
800,H00166,H,297.6,306.6,1603,37.8,57,0,0,0,0,0,0
801,M00243,M,303.2,311.6,1490,34.2,60,0,0,0,0,0,0
802,L00393,L,298.8,310.1,1681,46.8,62,0,0,0,0,0,0
803,M00244,M,297.1,306.0,1501,41.6,65,0,0,0,0,0,0
804,M00245,M,301.3,312.0,1511,32.9,68,0,0,0,0,0,0
805,L00394,L,303.5,312.5,1534,35.8,70,0,0,0,0,0,0
806,M00246,M,301.3,312.6,1514,34.8,73,0,0,0,0,0,0
807,H00167,H,300.4,312.6,1666,48.4,78,0,0,0,0,0,0
808,H00168,H,300.8,309.1,1434,44.3,83,0,0,0,0,0,0
809,L00395,L,302.8,311.7,1463,39.2,85,0,0,0,0,0,0
810,L00396,L,298.3,309.0,1419,50.2,87,0,0,0,0,0,0
811,H00169,H,299.8,310.3,1726,48.7,92,0,0,0,0,0,0
812,H00170,H,299.1,309.9,1506,38.6,97,0,0,0,0,0,0
813,L00397,L,297.7,307.1,1461,37.5,99,0,0,0,0,0,0
814,H00171,H,299.3,311.3,1509,37.8,104,0,0,0,0,0,0
815,H00172,H,302.2,312.3,1623,34.3,109,0,0,0,0,0,0
816,M00247,M,301.1,309.9,1604,50.4,112,0,0,0,0,0,0
817,M00248,M,301.3,311.0,1480,34.0,115,0,0,0,0,0,0
818,L00398,L,300.3,309.1,1498,45.2,117,0,0,0,0,0,0
819,L00399,L,301.0,312.6,1392,44.1,119,0,0,0,0,0,0
820,L00400,L,298.4,307.7,1552,38.2,121,0,0,0,0,0,0
821,H00173,H,299.4,309.9,1666,50.9,126,0,0,0,0,0,0
822,L00401,L,300.4,309.9,1480,30.6,128,0,0,0,0,0,0
823,L00402,L,300.6,309.9,1602,39.5,130,0,0,0,0,0,0
824,L00403,L,300.6,308.7,1480,37.1,132,0,0,0,0,0,0
825,M00249,M,299.7,310.3,1428,45.8,135,0,0,0,0,0,0
826,H00174,H,299.2,310.5,1606,42.1,140,0,0,0,0,0,0
827,L00404,L,306.3,315.4,1773,29.6,142,0,0,0,0,0,0
828,L00405,L,301.8,310.3,1592,47.4,144,0,0,0,0,0,0
829,M00250,M,300.8,311.6,1497,42.9,147,0,0,0,0,0,0
830,L00406,L,299.5,307.9,1503,33.8,149,0,0,0,0,0,0
831,L00407,L,299.1,310.3,1729,37.9,151,0,0,0,0,0,0
832,L00408,L,299.7,308.8,1569,32.2,153,0,0,0,0,0,0
833,L00409,L,300.6,309.5,1461,39.0,155,0,0,0,0,0,0
834,L00410,L,296.2,306.5,1532,40.9,157,0,0,0,0,0,0
835,L00411,L,296.9,305.8,1560,38.0,159,0,0,0,0,0,0
836,L00412,L,298.7,308.0,1585,37.3,161,0,0,0,0,0,0
837,H00175,H,300.4,310.8,1689,30.3,166,0,0,0,0,0,0
838,L00413,L,299.5,307.1,1666,42.0,168,0,0,0,0,0,0
839,M00251,M,303.0,314.6,1558,28.5,171,0,0,0,0,0,0
840,M00252,M,297.0,307.1,1534,40.2,174,0,0,0,0,0,0
841,L00414,L,298.5,307.2,1578,29.2,176,0,0,0,0,0,0
842,M00253,M,303.0,312.0,1477,40.3,179,0,0,0,0,0,0
843,L00415,L,300.3,311.3,1636,40.0,181,0,0,0,0,0,0
844,H00176,H,301.8,312.4,1518,42.4,186,0,0,0,0,0,0
845,L00416,L,304.1,315.5,1587,45.2,188,0,0,0,0,0,0
846,L00417,L,298.6,307.9,1709,46.3,190,0,0,0,0,0,0
847,L00418,L,299.8,310.1,1593,30.3,192,0,0,0,0,0,0
848,H00177,H,299.5,309.9,1561,39.7,197,0,0,0,0,0,0
849,M00254,M,296.1,306.8,1486,52.1,200,0,0,0,0,0,0
850,M00255,M,299.4,310.5,1530,40.7,203,0,0,0,0,0,0
851,L00419,L,301.8,311.0,1424,35.0,205,0,0,0,0,0,0
852,M00256,M,301.1,311.0,1591,39.5,208,0,0,0,0,0,0
853,L00420,L,301.2,310.6,1325,37.7,210,0,0,0,0,0,0
854,H00178,H,299.2,309.2,1635,32.9,215,0,0,0,0,0,0
855,L00421,L,298.7,309.4,1611,45.2,217,0,0,0,0,0,0
856,L00422,L,302.5,310.9,1548,43.5,219,0,0,0,0,0,0
857,L00423,L,299.0,310.1,1485,32.0,221,0,0,0,0,0,0
858,L00424,L,300.6,309.4,1536,39.4,2,0,0,0,0,0,0
859,M00257,M,300.3,310.0,1361,36.6,5,0,0,0,0,0,0
860,L00425,L,302.9,314.2,1620,30.4,7,0,0,0,0,0,0
861,M00258,M,301.9,312.3,1522,31.5,10,0,0,0,0,0,0
862,L00426,L,297.4,307.7,1690,32.4,12,0,0,0,0,0,0
863,M00259,M,297.6,306.4,1577,39.6,15,0,0,0,0,0,0
864,L00427,L,301.2,310.1,1561,37.3,17,0,0,0,0,0,0
865,L00428,L,299.9,310.8,1578,34.2,19,0,0,0,0,0,0
866,M00260,M,299.1,308.5,1440,37.6,22,0,0,0,0,0,0
867,L00429,L,302.0,311.5,1493,44.5,24,0,0,0,0,0,0
868,L00430,L,300.4,311.3,1551,42.1,26,0,0,0,0,0,0
869,H00179,H,300.1,309.1,1508,46.0,31,0,0,0,0,0,0
870,H00180,H,301.6,311.8,1480,38.6,36,0,0,0,0,0,0
871,L00431,L,299.2,309.3,1510,49.6,38,0,0,0,0,0,0
872,L00432,L,303.1,313.1,1542,42.1,40,0,0,0,0,0,0
873,M00261,M,298.4,307.9,1770,37.1,43,0,0,0,0,0,0
874,L00433,L,301.3,310.7,1505,40.6,45,0,0,0,0,0,0
875,L00434,L,302.9,311.8,1470,32.5,47,0,0,0,0,0,0
876,L00435,L,297.2,307.7,1523,38.2,49,0,0,0,0,0,0
877,M00262,M,299.3,308.6,1688,42.6,52,0,0,0,0,0,0
878,M00263,M,302.3,313.3,1695,43.7,55,0,0,0,0,0,0
879,L00436,L,302.3,312.1,1733,37.5,57,0,0,0,0,0,0
880,L00437,L,299.7,308.6,1544,56.4,59,1,0,0,1,0,0
881,L00438,L,298.5,308.3,1602,39.0,61,0,0,0,0,0,0
882,M00264,M,301.9,311.5,1433,29.9,64,0,0,0,0,0,0
883,L00439,L,302.4,313.4,1503,47.3,66,0,0,0,0,0,0
884,L00440,L,297.7,307.3,1426,43.6,68,0,0,0,0,0,0
885,M00265,M,297.6,307.3,1585,41.4,71,0,0,0,0,0,0
886,L00441,L,300.5,311.9,1542,37.2,73,0,0,0,0,0,0
887,M00266,M,301.3,311.8,1561,42.4,76,0,0,0,0,0,0
888,L00442,L,299.4,311.1,1453,49.7,78,0,0,0,0,0,0
889,L00443,L,301.4,312.6,1623,41.2,80,0,0,0,0,0,0
890,L00444,L,298.6,307.7,1297,31.2,82,0,0,0,0,0,0
891,M00267,M,295.8,306.8,1513,19.3,85,1,0,0,1,0,0
892,H00181,H,299.2,310.7,1527,42.3,90,0,0,0,0,0,0
893,H00182,H,300.1,311.7,1336,34.1,95,0,0,0,0,0,0
894,L00445,L,299.4,310.4,1576,39.4,97,0,0,0,0,0,0
895,M00268,M,297.7,308.7,1521,35.1,100,0,0,0,0,0,0
896,L00446,L,296.4,306.1,1594,34.7,102,0,0,0,0,0,0
897,L00447,L,299.0,308.1,1738,35.4,104,0,0,0,0,0,0
898,H00183,H,301.8,311.4,1570,36.0,109,0,0,0,0,0,0
899,L00448,L,302.5,310.8,1635,44.7,111,0,0,0,0,0,0
900,L00449,L,302.4,313.7,1676,43.4,113,0,0,0,0,0,0
901,L00450,L,298.4,308.1,1587,32.8,115,0,0,0,0,0,0
902,L00451,L,297.7,309.0,1451,33.6,117,0,0,0,0,0,0
903,L00452,L,301.0,309.8,1374,42.3,119,0,0,0,0,0,0
904,M00269,M,301.3,312.4,1575,46.3,122,0,0,0,0,0,0
905,L00453,L,300.8,310.3,1498,46.2,124,0,0,0,0,0,0
906,H00184,H,296.0,304.7,1666,34.0,129,0,0,0,0,0,0
907,H00185,H,298.3,309.9,1490,45.9,134,0,0,0,0,0,0
908,L00454,L,299.9,311.0,1537,29.3,136,0,0,0,0,0,0
909,L00455,L,301.0,311.2,1422,38.8,138,0,0,0,0,0,0
910,L00456,L,301.5,311.6,1504,42.9,140,0,0,0,0,0,0
911,M00270,M,300.3,310.7,1444,27.5,143,0,0,0,0,0,0
912,L00457,L,300.7,310.9,1453,52.6,145,0,0,0,0,0,0
913,M00271,M,300.2,309.4,1533,48.0,148,0,0,0,0,0,0
914,L00458,L,301.4,311.0,1477,43.9,150,0,0,0,0,0,0
915,M00272,M,300.6,312.6,1801,34.2,153,0,0,0,0,0,0
916,L00459,L,300.1,312.8,1622,39.6,155,0,0,0,0,0,0
917,L00460,L,299.5,311.0,1646,44.7,157,0,0,0,0,0,0
918,H00186,H,300.2,310.6,1527,33.3,162,0,0,0,0,0,0
919,M00273,M,301.0,310.6,1549,38.9,165,0,0,0,0,0,0
920,L00461,L,300.5,309.7,1495,45.5,167,0,0,0,0,0,0
921,H00187,H,300.8,310.0,1800,31.0,172,0,0,0,0,0,0
922,L00462,L,302.7,312.1,1527,42.0,174,0,0,0,0,0,0
923,H00188,H,300.5,312.7,1478,29.5,179,0,0,0,0,0,0
924,M00274,M,298.7,310.5,1463,34.3,182,0,0,0,0,0,0
925,L00463,L,301.8,312.5,1572,37.0,184,0,0,0,0,0,0
926,L00464,L,297.3,306.3,1680,43.1,186,0,0,0,0,0,0
927,L00465,L,297.8,308.7,1647,35.8,188,0,0,0,0,0,0
928,M00275,M,300.7,310.4,1462,40.8,191,0,0,0,0,0,0
929,M00276,M,301.0,308.9,1460,35.9,194,0,0,0,0,0,0
930,L00466,L,297.5,307.8,1663,36.8,196,0,0,0,0,0,0
931,L00467,L,299.2,308.4,1748,47.5,198,0,0,0,0,0,0
932,H00189,H,298.8,308.0,1523,33.1,203,0,0,0,0,0,0
933,H00190,H,299.0,308.8,1659,44.6,208,0,0,0,0,0,0
934,M00277,M,301.9,311.4,1391,40.0,211,0,0,0,0,0,0
935,L00468,L,301.4,311.4,1454,36.5,213,0,0,0,0,0,0
936,L00469,L,300.0,309.9,1437,32.7,215,0,0,0,0,0,0
937,L00470,L,298.9,307.0,1579,33.1,217,0,0,0,0,0,0
938,H00191,H,297.3,308.8,1520,35.6,222,0,0,0,0,0,0
939,L00471,L,302.8,311.9,1562,39.1,224,0,0,0,0,0,0
940,M00278,M,301.2,310.2,1660,43.6,227,0,0,0,0,0,0
941,L00472,L,298.6,308.3,1473,38.2,229,0,0,0,0,0,0
942,M00279,M,301.4,311.3,1547,38.6,3,0,0,0,0,0,0
943,M00280,M,299.9,311.3,1404,39.5,6,0,0,0,0,0,0
944,H00192,H,299.4,309.7,1654,42.9,11,0,0,0,0,0,0
945,L00473,L,300.9,311.4,1648,43.9,13,0,0,0,0,0,0
946,L00474,L,298.5,308.8,1574,31.7,15,0,0,0,0,0,0
947,L00475,L,299.3,309.5,1550,38.3,17,0,0,0,0,0,0
948,H00193,H,300.2,310.6,1487,47.4,22,0,0,0,0,0,0
949,H00194,H,299.0,307.1,1398,32.1,27,0,0,0,0,0,0
950,M00281,M,301.3,311.1,1569,40.4,30,0,0,0,0,0,0
951,M00282,M,303.7,314.9,1614,39.0,33,0,0,0,0,0,0
952,M00283,M,298.5,312.4,1740,36.6,36,0,0,0,0,0,0
953,L00476,L,296.7,305.5,1499,49.5,38,0,0,0,0,0,0
954,H00195,H,296.0,306.4,1565,40.2,43,0,0,0,0,0,0
955,L00477,L,299.7,309.1,1649,49.1,45,0,0,0,0,0,0
956,L00478,L,298.7,310.7,1652,40.0,47,0,0,0,0,0,0
957,M00284,M,300.4,309.1,1476,42.8,50,0,0,0,0,0,0
958,L00479,L,300.3,310.9,1510,36.5,52,0,0,0,0,0,0
959,L00480,L,296.8,305.4,1485,36.6,54,0,0,0,0,0,0
960,M00285,M,296.4,306.1,1448,42.5,57,0,0,0,0,0,0
961,L00481,L,300.6,310.6,1685,42.6,59,0,0,0,0,0,0
962,M00286,M,300.3,311.3,1544,43.6,62,0,0,0,0,0,0
963,L00482,L,299.1,308.1,1531,42.3,64,0,0,0,0,0,0
964,L00483,L,296.7,307.3,1563,32.0,66,0,0,0,0,0,0
965,L00484,L,300.9,311.0,1543,35.2,68,0,0,0,0,0,0
966,L00485,L,302.5,312.8,1516,45.1,70,0,0,0,0,0,0
967,M00287,M,300.6,311.5,1462,28.2,73,0,0,0,0,0,0
968,L00486,L,298.3,307.0,1695,41.8,75,0,0,0,0,0,0
969,M00288,M,300.1,310.9,1481,39.3,78,0,0,0,0,0,0
970,L00487,L,297.3,306.7,1445,45.1,80,0,0,0,0,0,0
971,M00289,M,302.1,313.2,1530,42.5,83,0,0,0,0,0,0
972,H00196,H,300.2,310.5,1754,36.0,88,0,0,0,0,0,0
973,M00290,M,296.5,306.3,1456,35.7,91,0,0,0,0,0,0
974,L00488,L,299.4,308.8,1609,36.9,93,0,0,0,0,0,0
975,L00489,L,300.9,311.7,1513,43.5,95,0,0,0,0,0,0
976,L00490,L,299.3,310.6,1562,26.2,97,0,0,0,0,0,0
977,M00291,M,299.4,308.9,1630,40.9,100,0,0,0,0,0,0
978,L00491,L,297.6,306.4,1366,34.7,102,0,0,0,0,0,0
979,L00492,L,301.1,311.8,1448,41.1,104,0,0,0,0,0,0
980,M00292,M,298.7,307.3,1629,42.1,107,0,0,0,0,0,0
981,L00493,L,295.7,304.4,1548,30.0,109,0,0,0,0,0,0
982,M00293,M,299.3,308.2,1559,38.6,112,0,0,0,0,0,0
983,L00494,L,302.0,311.5,1609,40.9,114,0,0,0,0,0,0
984,L00495,L,299.2,307.9,1449,40.5,116,0,0,0,0,0,0
985,M00294,M,303.5,311.5,1644,39.3,119,0,0,0,0,0,0
986,L00496,L,300.9,309.7,1620,32.7,121,0,0,0,0,0,0
987,M00295,M,300.7,311.3,1562,33.6,124,0,0,0,0,0,0
988,L00497,L,299.7,308.5,1585,31.7,126,0,0,0,0,0,0
989,L00498,L,299.9,309.5,1654,43.3,128,0,0,0,0,0,0
990,H00197,H,299.5,311.4,1479,39.3,133,0,0,0,0,0,0
991,M00296,M,299.4,309.3,1604,39.7,136,0,0,0,0,0,0
992,M00297,M,301.1,311.4,1712,29.8,139,0,0,0,0,0,0
993,L00499,L,298.1,307.2,1602,39.8,141,0,0,0,0,0,0
994,M00298,M,297.8,310.0,1516,43.8,144,0,0,0,0,0,0
995,L00500,L,297.8,307.2,1770,28.9,146,0,0,0,0,0,0
996,L00501,L,304.1,313.9,1561,36.8,148,0,0,0,0,0,0
997,H00198,H,301.1,312.4,1678,30.6,153,0,0,0,0,0,0
998,L00502,L,300.6,310.4,1496,37.5,155,0,0,0,0,0,0
999,H00199,H,297.9,307.9,1645,34.6,160,0,0,0,0,0,0
1000,L00503,L,301.2,311.0,1483,42.3,162,0,0,0,0,0,0
1001,L00504,L,299.8,309.5,1570,41.0,164,0,0,0,0,0,0
1002,M00299,M,300.4,310.8,1477,47.7,167,0,0,0,0,0,0
1003,H00200,H,298.0,308.6,1728,39.7,172,0,0,0,0,0,0
1004,M00300,M,300.3,309.7,1516,42.0,175,0,0,0,0,0,0
1005,H00201,H,299.2,308.4,1427,36.7,180,0,0,0,0,0,0
1006,M00301,M,298.5,307.9,1548,33.4,183,0,0,0,0,0,0
1007,M00302,M,301.5,310.1,1592,45.0,186,0,0,0,0,0,0
1008,H00202,H,296.9,305.3,1535,47.5,191,0,0,0,0,0,0
1009,L00505,L,301.1,311.4,1457,44.2,193,0,0,0,0,0,0
1010,L00506,L,301.4,312.3,1642,40.8,195,0,0,0,0,0,0
1011,L00507,L,298.2,309.1,1664,34.2,197,0,0,0,0,0,0
1012,H00203,H,298.4,306.0,1373,46.8,202,1,0,1,0,0,0
1013,H00204,H,299.6,309.3,1450,43.5,207,0,0,0,0,0,0
1014,L00508,L,300.6,309.5,1522,52.1,209,0,0,0,0,0,0
1015,M00303,M,299.7,309.8,1485,33.1,212,0,0,0,0,0,0
1016,H00205,H,300.9,310.4,1591,45.2,217,0,0,0,0,0,0
1017,L00509,L,303.5,314.1,1722,43.3,219,0,0,0,0,0,0
1018,M00304,M,299.0,309.0,1500,37.9,222,0,0,0,0,0,0
1019,H00206,H,296.6,304.7,1696,48.2,227,0,0,0,0,0,0
1020,L00510,L,301.7,310.7,1391,42.4,229,0,0,0,0,0,0
1021,M00305,M,303.4,313.4,1584,34.4,232,0,0,0,0,0,0
1022,L00511,L,300.8,310.9,1479,39.3,234,0,0,0,0,0,0
1023,H00207,H,297.8,306.4,1586,34.3,239,0,0,0,0,0,0
1024,H00208,H,299.8,308.2,1362,37.2,5,1,0,1,0,0,0
1025,H00209,H,297.8,307.8,1409,44.2,10,0,0,0,0,0,0
1026,L00512,L,301.3,309.9,1586,45.9,12,0,0,0,0,0,0
1027,H00210,H,297.3,305.6,1475,41.3,17,0,0,0,0,0,0
1028,H00211,H,299.4,309.0,1506,35.5,22,0,0,0,0,0,0
1029,L00513,L,298.0,307.5,1722,42.3,24,0,0,0,0,0,0
1030,H00212,H,300.3,309.4,1552,44.3,29,0,0,0,0,0,0
1031,L00514,L,299.3,308.6,1628,28.2,31,0,0,0,0,0,0
1032,M00306,M,300.4,310.4,1462,40.7,34,0,0,0,0,0,0
1033,L00515,L,300.0,309.3,1404,38.9,36,0,0,0,0,0,0
1034,L00516,L,298.0,308.1,1530,45.7,38,0,0,0,0,0,0
1035,L00517,L,301.3,310.9,1389,42.3,40,0,0,0,0,0,0
1036,M00307,M,299.9,310.1,1468,42.9,43,0,0,0,0,0,0
1037,L00518,L,298.0,308.9,1562,37.1,45,0,0,0,0,0,0
1038,M00308,M,304.5,315.3,1527,40.0,48,0,0,0,0,0,0
1039,L00519,L,301.0,312.2,1571,45.7,50,0,0,0,0,0,0
1040,L00520,L,299.7,310.5,1598,39.6,52,0,0,0,0,0,0
1041,M00309,M,302.8,313.1,1418,41.0,55,0,0,0,0,0,0
1042,M00310,M,303.7,313.3,1444,30.8,58,0,0,0,0,0,0
1043,L00521,L,299.7,309.3,1320,39.6,60,0,0,0,0,0,0
1044,M00311,M,300.7,309.8,1501,27.9,63,0,0,0,0,0,0
1045,H00213,H,298.0,308.0,1612,36.9,68,0,0,0,0,0,0
1046,M00312,M,299.7,310.4,1687,40.4,71,0,0,0,0,0,0
1047,L00522,L,299.6,308.9,1557,44.6,73,0,0,0,0,0,0
1048,L00523,L,300.4,310.3,1675,34.0,75,0,0,0,0,0,0
1049,H00214,H,300.7,310.0,1576,42.2,80,0,0,0,0,0,0
1050,L00524,L,301.1,311.3,1549,48.8,82,0,0,0,0,0,0
1051,H00215,H,300.5,309.9,1477,36.2,87,0,0,0,0,0,0
1052,M00313,M,297.6,306.8,1299,30.7,90,0,0,0,0,0,0
1053,H00216,H,298.1,307.4,1660,41.7,95,0,0,0,0,0,0
1054,M00314,M,298.9,309.4,1533,32.8,98,0,0,0,0,0,0
1055,H00217,H,299.4,309.3,1677,35.1,103,0,0,0,0,0,0
1056,L00525,L,302.1,311.7,1443,45.5,105,0,0,0,0,0,0
1057,M00315,M,297.7,307.9,1781,51.3,108,1,0,0,1,0,0
1058,L00526,L,299.3,308.9,1513,34.0,110,0,0,0,0,0,0
1059,L00527,L,301.9,313.0,1469,35.6,112,0,0,0,0,0,0
1060,M00316,M,299.4,308.4,1517,37.4,115,0,0,0,0,0,0
1061,H00218,H,300.9,310.7,1555,36.7,120,0,0,0,0,0,0
1062,H00219,H,299.7,308.3,1531,51.6,125,0,0,0,0,0,0
1063,M00317,M,300.5,310.2,1486,36.8,128,0,0,0,0,0,0
1064,L00528,L,299.5,307.9,1358,37.7,130,1,0,1,0,0,0
1065,L00529,L,301.3,312.1,1458,49.7,132,0,0,0,0,0,0
1066,M00318,M,296.9,307.7,1645,43.5,135,0,0,0,0,0,0
1067,L00530,L,299.3,310.1,1450,45.9,137,0,0,0,0,0,0
1068,L00531,L,300.6,310.6,1366,34.6,139,0,0,0,0,0,0
1069,L00532,L,301.1,310.2,1432,36.8,141,0,0,0,0,0,0
1070,L00533,L,303.0,312.2,1529,33.8,143,0,0,0,0,0,0
1071,L00534,L,299.2,310.7,1462,44.8,145,0,0,0,0,0,0
1072,L00535,L,303.0,314.4,1510,47.4,147,0,0,0,0,0,0
1073,L00536,L,298.7,308.8,1458,36.4,149,0,0,0,0,0,0
1074,L00537,L,302.7,312.1,1639,37.8,151,0,0,0,0,0,0
1075,H00220,H,301.6,313.0,1587,38.1,156,0,0,0,0,0,0
1076,L00538,L,298.2,307.5,1760,30.7,158,0,0,0,0,0,0
1077,L00539,L,300.6,310.8,1500,36.0,160,0,0,0,0,0,0
1078,M00319,M,299.9,311.2,1510,44.6,163,0,0,0,0,0,0
1079,L00540,L,301.3,310.4,1656,34.7,165,0,0,0,0,0,0
1080,H00221,H,299.6,310.4,1577,40.6,170,0,0,0,0,0,0
1081,M00320,M,299.4,309.9,1444,32.2,173,0,0,0,0,0,0
1082,L00541,L,302.7,312.7,1594,39.1,175,0,0,0,0,0,0
1083,L00542,L,299.8,308.8,1578,36.6,177,0,0,0,0,0,0
1084,H00222,H,301.7,310.9,1359,32.7,182,0,0,0,0,0,0
1085,H00223,H,299.5,309.8,1473,44.7,187,0,0,0,0,0,0
1086,L00543,L,303.3,311.9,1557,45.1,189,0,0,0,0,0,0
1087,M00321,M,298.6,308.8,1683,34.2,192,0,0,0,0,0,0
1088,L00544,L,298.8,309.3,1608,38.7,194,0,0,0,0,0,0
1089,H00224,H,303.0,314.0,1482,40.3,199,0,0,0,0,0,0
1090,L00545,L,299.1,307.7,1467,29.1,201,0,0,0,0,0,0
1091,H00225,H,303.2,314.5,1618,31.6,206,0,0,0,0,0,0
1092,M00322,M,301.8,313.5,1295,47.7,209,0,0,0,0,0,0
1093,M00323,M,299.7,310.1,1457,33.6,212,0,0,0,0,0,0
1094,M00324,M,296.4,305.3,1679,47.5,215,0,0,0,0,0,0
1095,L00546,L,300.0,309.6,1568,31.9,217,0,0,0,0,0,0
1096,L00547,L,300.2,310.2,1462,44.0,219,0,0,0,0,0,0
1097,L00548,L,302.3,312.6,1418,38.1,221,0,0,0,0,0,0
1098,L00549,L,303.2,313.2,1622,39.0,223,1,1,0,0,0,0
1099,M00325,M,298.6,308.9,1546,51.1,3,0,0,0,0,0,0
1100,L00550,L,301.6,311.5,1516,32.5,5,0,0,0,0,0,0
1101,L00551,L,301.5,311.8,1575,43.6,7,0,0,0,0,0,0
1102,H00226,H,302.1,311.7,1554,43.3,12,0,0,0,0,0,0
1103,H00227,H,301.0,310.7,1547,60.1,17,1,0,0,1,0,0
1104,H00228,H,296.1,305.5,1406,33.5,22,0,0,0,0,0,0
1105,H00229,H,299.7,311.6,1435,36.2,27,0,0,0,0,0,0
1106,L00552,L,297.7,309.2,1613,44.9,29,0,0,0,0,0,0
1107,L00553,L,299.6,310.2,1594,38.8,31,0,0,0,0,0,0
1108,M00326,M,302.0,313.3,1576,37.2,34,0,0,0,0,0,0
1109,M00327,M,300.6,311.4,1479,45.7,37,0,0,0,0,0,0
1110,L00554,L,302.3,312.5,1615,38.4,39,0,0,0,0,0,0
1111,H00230,H,300.7,309.2,1501,34.6,44,0,0,0,0,0,0
1112,L00555,L,297.4,307.1,1668,44.4,46,0,0,0,0,0,0
1113,L00556,L,295.0,304.6,1463,42.3,48,0,0,0,0,0,0
1114,M00328,M,300.3,309.2,1485,38.1,51,0,0,0,0,0,0
1115,M00329,M,299.6,308.1,1523,37.8,54,0,0,0,0,0,0
1116,M00330,M,298.0,308.5,1623,34.5,57,0,0,0,0,0,0
1117,L00557,L,296.6,306.9,1534,44.4,59,0,0,0,0,0,0
1118,H00231,H,298.5,307.4,1542,37.8,64,0,0,0,0,0,0
1119,L00558,L,299.6,308.9,1499,35.4,66,0,0,0,0,0,0
1120,L00559,L,301.3,312.5,1565,32.3,68,0,0,0,0,0,0
1121,H00232,H,300.4,309.5,1531,42.4,73,0,0,0,0,0,0
1122,H00233,H,303.2,313.4,1460,36.9,78,0,0,0,0,0,0
1123,H00234,H,297.9,307.7,1551,27.9,83,0,0,0,0,0,0
1124,H00235,H,301.8,312.3,1553,32.8,88,0,0,0,0,0,0
1125,M00331,M,300.1,309.2,1773,38.6,91,0,0,0,0,0,0
1126,M00332,M,301.4,311.5,1477,38.8,94,0,0,0,0,0,0
1127,L00560,L,299.1,309.3,1454,38.5,96,0,0,0,0,0,0
1128,L00561,L,302.1,312.4,1566,37.7,98,0,0,0,0,0,0
1129,L00562,L,300.6,310.7,1439,31.1,100,0,0,0,0,0,0
1130,L00563,L,298.6,309.0,1431,34.8,102,0,0,0,0,0,0
1131,M00333,M,300.0,312.2,1394,47.1,105,0,0,0,0,0,0
1132,L00564,L,299.5,312.1,1461,46.2,107,0,0,0,0,0,0
1133,L00565,L,301.0,310.3,1463,43.5,109,0,0,0,0,0,0
1134,L00566,L,297.6,305.3,1410,42.9,111,0,0,0,0,0,0
1135,M00334,M,299.9,310.5,1513,45.4,114,0,0,0,0,0,0
1136,L00567,L,300.8,311.0,1301,33.3,116,0,0,0,0,0,0
1137,H00236,H,300.1,311.1,1587,40.2,121,0,0,0,0,0,0
1138,L00568,L,302.7,313.0,1482,33.3,123,0,0,0,0,0,0
1139,L00569,L,301.5,311.6,1497,33.4,125,0,0,0,0,0,0
1140,M00335,M,300.0,311.1,1597,42.2,128,0,0,0,0,0,0
1141,H00237,H,300.4,311.7,1575,45.7,133,0,0,0,0,0,0
1142,L00570,L,300.6,309.2,1475,38.8,135,0,0,0,0,0,0
1143,M00336,M,300.8,310.0,1583,49.9,138,0,0,0,0,0,0
1144,M00337,M,296.3,306.2,1693,41.3,141,0,0,0,0,0,0
1145,L00571,L,299.4,309.5,1437,35.3,143,0,0,0,0,0,0
1146,H00238,H,297.0,306.8,1613,33.5,148,0,0,0,0,0,0
1147,M00338,M,302.6,313.0,1427,46.1,151,0,0,0,0,0,0
1148,M00339,M,299.9,310.9,1656,40.8,154,0,0,0,0,0,0
1149,H00239,H,299.6,311.3,1467,44.1,159,0,0,0,0,0,0
1150,H00240,H,301.8,312.4,1463,24.1,164,0,0,0,0,0,0
1151,M00340,M,300.8,310.0,1653,41.5,167,0,0,0,0,0,0
1152,H00241,H,297.7,307.6,1610,36.9,172,0,0,0,0,0,0
1153,M00341,M,299.9,309.8,1470,31.6,175,0,0,0,0,0,0
1154,M00342,M,299.3,309.8,1551,39.6,178,0,0,0,0,0,0
1155,M00343,M,296.5,306.9,1467,46.6,181,0,0,0,0,0,0
1156,M00344,M,298.6,310.7,1379,53.6,184,0,0,0,0,0,0
1157,L00572,L,299.6,309.2,1557,41.5,186,0,0,0,0,0,0
1158,H00242,H,299.8,310.2,1502,35.7,191,0,0,0,0,0,0
1159,H00243,H,297.0,309.4,1443,35.4,196,0,0,0,0,0,0
1160,L00573,L,302.3,311.7,1668,45.8,198,0,0,0,0,0,0
1161,H00244,H,299.8,309.9,1447,34.0,203,0,0,0,0,0,0
1162,L00574,L,300.1,309.1,1552,43.7,205,0,0,0,0,0,0
1163,L00575,L,300.8,310.9,1646,41.8,2,0,0,0,0,0,0
1164,M00345,M,298.4,307.6,1512,41.1,5,0,0,0,0,0,0
1165,L00576,L,300.9,312.0,1465,30.6,7,0,0,0,0,0,0
1166,H00245,H,299.3,309.4,1568,37.9,12,0,0,0,0,0,0
1167,H00246,H,298.2,307.3,1584,31.3,17,0,0,0,0,0,0
1168,M00346,M,301.1,312.0,1626,36.5,20,0,0,0,0,0,0
1169,L00577,L,303.0,313.2,1725,45.5,22,0,0,0,0,0,0
1170,L00578,L,301.4,312.4,1492,47.4,24,0,0,0,0,0,0
1171,M00347,M,301.8,310.7,1558,41.3,27,0,0,0,0,0,0
1172,H00247,H,299.0,309.3,1411,36.6,32,0,0,0,0,0,0
1173,M00348,M,296.8,307.6,1605,49.5,35,0,0,0,0,0,0
1174,L00579,L,303.0,312.6,1556,36.5,37,0,0,0,0,0,0
1175,M00349,M,304.1,312.9,1520,33.2,40,0,0,0,0,0,0
1176,M00350,M,303.1,313.0,1476,44.2,43,0,0,0,0,0,0
1177,M00351,M,299.3,310.6,1503,42.7,46,0,0,0,0,0,0
1178,L00580,L,297.7,308.8,1562,36.7,48,0,0,0,0,0,0
1179,M00352,M,297.9,307.4,1441,40.6,51,0,0,0,0,0,0
1180,M00353,M,296.6,305.3,1507,42.7,54,0,0,0,0,0,0
1181,H00248,H,299.8,309.4,1540,41.2,59,0,0,0,0,0,0
1182,L00581,L,303.2,312.7,1384,42.8,61,0,0,0,0,0,0
1183,M00354,M,299.7,310.2,1433,37.0,64,0,0,0,0,0,0
1184,H00249,H,300.6,310.5,1472,43.2,69,0,0,0,0,0,0
1185,L00582,L,302.8,312.0,1695,40.1,71,0,0,0,0,0,0
1186,H00250,H,299.2,310.3,1455,37.2,76,0,0,0,0,0,0
1187,M00355,M,304.1,314.2,1532,38.5,79,0,0,0,0,0,0
1188,L00583,L,304.0,314.4,1434,39.4,81,0,0,0,0,0,0
1189,L00584,L,299.7,308.0,1460,31.3,83,0,0,0,0,0,0
1190,M00356,M,298.8,306.4,1394,36.2,86,0,0,0,0,0,0
1191,L00585,L,301.4,310.0,1605,40.4,88,0,0,0,0,0,0
1192,M00357,M,299.3,308.8,1405,31.9,91,0,0,0,0,0,0
1193,L00586,L,297.7,308.3,1629,36.3,93,0,0,0,0,0,0
1194,M00358,M,302.6,310.2,1585,54.3,96,1,0,0,1,0,0
1195,L00587,L,302.4,314.0,1530,33.2,98,0,0,0,0,0,0
1196,H00251,H,300.3,310.5,1632,37.7,103,0,0,0,0,0,0
1197,H00252,H,297.5,308.8,1848,35.0,108,0,0,0,0,0,0
1198,H00253,H,297.5,306.7,1586,39.3,113,0,0,0,0,0,0
1199,M00359,M,300.2,310.7,1426,35.1,116,0,0,0,0,0,0
1200,L00588,L,299.0,309.1,1687,38.5,118,0,0,0,0,0,0
1201,M00360,M,299.3,310.1,1557,35.7,121,0,0,0,0,0,0
1202,L00589,L,302.0,311.8,1749,46.3,123,0,0,0,0,0,0
1203,L00590,L,301.5,311.9,1487,40.5,125,0,0,0,0,0,0
1204,L00591,L,302.8,313.9,1666,34.0,127,0,0,0,0,0,0
1205,L00592,L,298.0,307.4,1538,45.0,129,0,0,0,0,0,0
1206,M00361,M,299.3,309.6,1804,34.3,132,0,0,0,0,0,0
1207,M00362,M,301.5,309.6,1510,30.6,135,0,0,0,0,0,0
1208,L00593,L,300.9,311.6,1838,40.0,137,0,0,0,0,0,0
1209,L00594,L,303.1,315.0,1582,51.4,139,0,0,0,0,0,0
1210,H00254,H,300.8,309.6,1623,29.0,144,0,0,0,0,0,0
1211,L00595,L,303.7,313.6,1708,32.0,146,0,0,0,0,0,0
1212,L00596,L,301.1,312.0,1459,44.5,148,0,0,0,0,0,0
1213,L00597,L,302.1,312.2,1635,36.1,150,0,0,0,0,0,0
1214,M00363,M,299.4,309.5,1509,43.7,153,0,0,0,0,0,0
1215,M00364,M,300.0,309.6,1553,35.0,156,0,0,0,0,0,0
1216,L00598,L,301.8,311.4,1546,40.9,158,0,0,0,0,0,0
1217,L00599,L,303.2,313.1,1595,50.5,160,0,0,0,0,0,0
1218,M00365,M,301.5,311.5,1591,32.8,163,0,0,0,0,0,0
1219,M00366,M,299.8,308.7,1480,46.1,166,0,0,0,0,0,0
1220,L00600,L,302.8,312.7,1550,44.1,168,0,0,0,0,0,0
1221,H00255,H,295.6,307.2,1305,31.1,173,0,0,0,0,0,0
1222,L00601,L,297.2,306.7,1637,43.4,175,0,0,0,0,0,0
1223,L00602,L,301.4,310.1,1707,40.4,177,0,0,0,0,0,0
1224,H00256,H,300.0,309.9,1557,40.5,182,0,0,0,0,0,0
1225,L00603,L,301.2,310.5,1377,42.0,184,0,0,0,0,0,0
1226,M00367,M,300.1,308.8,1612,37.9,187,0,0,0,0,0,0
1227,L00604,L,301.1,311.3,1462,40.4,189,0,0,0,0,0,0
1228,L00605,L,298.4,307.7,1556,41.4,191,0,0,0,0,0,0
1229,H00257,H,301.1,310.5,1607,44.5,196,0,0,0,0,0,0
1230,L00606,L,302.0,312.1,1593,30.8,198,0,0,0,0,0,0
1231,H00258,H,302.4,310.9,1646,47.7,203,0,0,0,0,0,0
1232,L00607,L,304.0,312.3,1553,33.1,205,0,0,0,0,0,0
1233,L00608,L,300.5,311.2,1555,44.6,207,0,0,0,0,0,0
1234,L00609,L,300.5,308.6,1612,40.5,209,0,0,0,0,0,0
1235,M00368,M,297.0,306.0,1531,32.3,212,0,0,0,0,0,0
1236,L00610,L,298.9,307.1,1469,43.2,214,0,0,0,0,0,0
1237,H00259,H,299.6,309.1,1583,34.3,219,0,0,0,0,0,0
1238,L00611,L,302.1,312.5,1425,46.4,221,0,0,0,0,0,0
1239,H00260,H,298.8,308.9,1530,35.7,226,0,0,0,0,0,0
1240,L00612,L,301.6,314.0,1400,31.0,2,0,0,0,0,0,0
1241,H00261,H,300.0,311.1,1483,49.2,7,0,0,0,0,0,0
1242,M00369,M,299.6,308.7,1487,41.1,10,0,0,0,0,0,0
1243,M00370,M,300.5,309.3,1440,45.2,13,0,0,0,0,0,0
1244,H00262,H,299.2,311.9,1648,34.9,18,0,0,0,0,0,0
1245,M00371,M,299.1,310.2,1640,28.6,21,0,0,0,0,0,0
1246,M00372,M,296.6,307.2,1669,50.1,24,0,0,0,0,0,0
1247,L00613,L,299.5,309.6,1519,40.0,26,0,0,0,0,0,0
1248,L00614,L,299.0,309.3,1495,42.9,28,0,0,0,0,0,0
1249,H00263,H,299.0,307.5,1618,43.9,33,0,0,0,0,0,0
1250,M00373,M,300.8,311.0,1551,38.0,36,0,0,0,0,0,0
1251,M00374,M,301.3,311.4,1550,41.4,39,0,0,0,0,0,0
1252,L00615,L,300.5,309.6,1284,49.6,41,0,0,0,0,0,0
1253,L00616,L,302.0,311.5,1614,39.8,43,0,0,0,0,0,0
1254,L00617,L,301.2,312.7,1600,45.7,45,0,0,0,0,0,0
1255,M00375,M,299.4,309.3,1537,28.1,48,0,0,0,0,0,0
1256,L00618,L,299.1,311.1,1620,46.7,50,0,0,0,0,0,0
1257,L00619,L,300.6,308.9,1598,30.9,52,0,0,0,0,0,0
1258,L00620,L,301.1,310.6,1468,46.1,54,0,0,0,0,0,0
1259,L00621,L,302.8,311.2,1516,42.3,56,0,0,0,0,0,0
1260,M00376,M,302.4,311.2,1437,39.4,59,0,0,0,0,0,0
1261,L00622,L,298.9,308.1,1684,39.4,61,0,0,0,0,0,0
1262,M00377,M,299.8,310.1,1636,38.5,64,0,0,0,0,0,0
1263,L00623,L,301.3,311.6,1457,35.1,66,0,0,0,0,0,0
1264,L00624,L,302.1,311.5,1600,38.8,68,0,0,0,0,0,0
1265,L00625,L,301.9,309.7,1566,53.2,70,0,0,0,0,0,0
1266,L00626,L,299.9,311.3,1469,47.8,72,0,0,0,0,0,0
1267,L00627,L,297.5,307.2,1550,34.8,74,0,0,0,0,0,0
1268,L00628,L,298.0,306.9,1624,41.6,76,0,0,0,0,0,0
1269,M00378,M,300.5,310.8,1632,40.6,79,0,0,0,0,0,0
1270,L00629,L,300.7,310.9,1771,39.1,81,0,0,0,0,0,0
1271,M00379,M,297.8,307.5,1547,34.0,84,0,0,0,0,0,0
1272,H00264,H,300.1,310.2,1514,42.7,89,0,0,0,0,0,0
1273,M00380,M,301.3,310.1,1594,45.1,92,0,0,0,0,0,0
1274,L00630,L,297.7,308.5,1520,35.0,94,0,0,0,0,0,0
1275,L00631,L,302.2,311.2,1480,51.7,96,0,0,0,0,0,0
1276,L00632,L,299.2,308.6,1445,49.1,98,0,0,0,0,0,0
1277,L00633,L,302.5,313.2,1195,43.3,100,0,0,0,0,0,0
1278,H00265,H,298.9,310.1,1611,32.6,105,0,0,0,0,0,0
1279,L00634,L,297.9,309.5,1374,42.4,107,0,0,0,0,0,0
1280,L00635,L,299.1,310.1,1450,41.7,109,0,0,0,0,0,0
1281,M00381,M,299.8,309.5,1567,43.1,112,0,0,0,0,0,0
1282,M00382,M,299.2,307.7,1506,49.5,115,0,0,0,0,0,0
1283,M00383,M,299.6,311.0,1753,38.9,118,0,0,0,0,0,0
1284,L00636,L,300.7,312.0,1387,52.3,120,0,0,0,0,0,0
1285,L00637,L,299.7,309.0,1762,42.4,122,0,0,0,0,0,0
1286,M00384,M,299.9,310.8,1676,38.3,125,0,0,0,0,0,0
1287,L00638,L,296.6,306.2,1629,54.4,127,1,0,0,1,0,0
1288,L00639,L,300.8,312.3,1682,45.0,129,0,0,0,0,0,0
1289,L00640,L,299.8,309.3,1578,37.3,131,0,0,0,0,0,0
1290,L00641,L,303.2,315.2,1368,40.5,133,0,0,0,0,0,0
1291,L00642,L,298.1,308.9,1589,43.8,135,0,0,0,0,0,0
1292,L00643,L,296.4,308.2,1390,39.1,137,0,0,0,0,0,0
1293,M00385,M,301.2,310.8,1485,40.8,140,0,0,0,0,0,0
1294,M00386,M,300.7,311.1,1530,35.1,143,0,0,0,0,0,0
1295,H00266,H,298.0,307.0,1447,29.9,148,0,0,0,0,0,0
1296,L00644,L,296.9,307.8,1633,40.6,150,0,0,0,0,0,0
1297,L00645,L,303.1,314.0,1517,40.8,152,0,0,0,0,0,0
1298,L00646,L,302.8,315.2,1579,43.2,154,0,0,0,0,0,0
1299,M00387,M,295.0,305.5,1537,36.5,157,0,0,0,0,0,0
1300,M00388,M,299.1,309.8,1551,32.0,160,0,0,0,0,0,0
1301,L00647,L,303.3,312.9,1449,34.2,162,0,0,0,0,0,0
1302,H00267,H,299.0,309.6,1421,46.3,167,0,0,0,0,0,0
1303,L00648,L,299.0,308.6,1523,36.0,169,0,0,0,0,0,0
1304,M00389,M,299.4,309.6,1441,37.3,172,0,0,0,0,0,0
1305,M00390,M,297.8,307.9,1677,38.1,175,0,0,0,0,0,0
1306,H00268,H,296.6,306.2,1400,36.3,180,0,0,0,0,0,0
1307,M00391,M,302.1,312.2,1772,35.8,183,0,0,0,0,0,0
1308,H00269,H,296.3,305.9,1568,34.8,188,0,0,0,0,0,0
1309,L00649,L,300.5,310.1,1545,48.4,190,0,0,0,0,0,0
1310,H00270,H,301.8,312.8,1484,44.1,195,0,0,0,0,0,0
1311,L00650,L,297.1,307.3,1604,47.5,197,0,0,0,0,0,0
1312,H00271,H,298.2,308.5,1518,48.7,202,0,0,0,0,0,0
1313,M00392,M,302.4,311.0,1568,25.9,205,0,0,0,0,0,0
1314,H00272,H,301.1,311.5,1622,42.1,210,0,0,0,0,0,0
1315,L00651,L,298.8,309.3,1605,36.5,212,0,0,0,0,0,0
1316,M00393,M,302.4,312.0,1662,46.7,215,0,0,0,0,0,0
1317,M00394,M,302.4,314.5,1592,35.6,218,0,0,0,0,0,0
1318,M00395,M,300.5,308.2,1443,33.7,221,0,0,0,0,0,0
1319,L00652,L,298.2,309.0,1330,31.4,223,0,0,0,0,0,0
1320,L00653,L,299.2,309.9,1559,38.2,225,0,0,0,0,0,0
1321,L00654,L,300.6,311.1,1561,45.5,227,1,0,0,0,0,1
1322,L00655,L,299.6,309.8,1731,41.5,229,0,0,0,0,0,0
1323,H00273,H,301.9,312.4,1526,32.8,234,0,0,0,0,0,0
1324,L00656,L,296.9,307.8,1575,52.9,236,1,0,0,0,1,0
1325,H00274,H,297.0,306.3,1616,43.9,5,0,0,0,0,0,0
1326,L00657,L,300.4,310.7,1589,44.7,7,0,0,0,0,0,0
1327,L00658,L,299.0,308.8,1622,47.7,9,0,0,0,0,0,0
1328,M00396,M,298.7,307.7,1456,30.2,12,0,0,0,0,0,0
1329,M00397,M,296.5,307.2,1440,34.5,15,0,0,0,0,0,0
1330,L00659,L,300.0,309.5,1510,44.9,17,0,0,0,0,0,0
1331,M00398,M,299.9,308.4,1321,35.1,20,1,0,1,0,0,0
1332,M00399,M,301.3,310.8,1534,38.3,23,0,0,0,0,0,0
1333,L00660,L,300.1,309.3,1472,39.5,25,0,0,0,0,0,0
1334,H00275,H,299.7,310.8,1570,32.3,30,0,0,0,0,0,0
1335,H00276,H,302.4,312.5,1511,37.8,35,0,0,0,0,0,0
1336,M00400,M,297.4,308.8,1436,45.5,38,0,0,0,0,0,0
1337,L00661,L,301.1,310.4,1669,44.4,40,0,0,0,0,0,0
1338,M00401,M,296.7,307.5,1546,46.7,43,0,0,0,0,0,0
1339,L00662,L,298.3,311.2,1624,46.1,45,0,0,0,0,0,0
1340,L00663,L,297.6,307.9,1556,42.4,47,0,0,0,0,0,0
1341,L00664,L,301.6,312.4,1584,42.0,49,0,0,0,0,0,0
1342,L00665,L,299.9,310.6,1402,41.5,51,0,0,0,0,0,0
1343,H00277,H,300.0,308.6,1666,36.2,56,0,0,0,0,0,0
1344,M00402,M,297.8,308.4,1626,33.8,59,0,0,0,0,0,0
1345,M00403,M,299.4,309.7,1536,35.9,62,0,0,0,0,0,0
1346,L00666,L,298.5,308.2,1567,38.0,64,0,0,0,0,0,0
1347,L00667,L,300.8,309.9,1638,36.1,66,0,0,0,0,0,0
1348,L00668,L,298.0,308.7,1501,42.5,68,0,0,0,0,0,0
1349,H00278,H,302.7,311.7,1380,41.2,73,0,0,0,0,0,0
1350,L00669,L,296.6,308.8,1503,41.9,75,0,0,0,0,0,0
1351,H00279,H,298.4,308.5,1553,42.1,80,0,0,0,0,0,0
1352,M00404,M,303.4,312.1,1535,47.2,83,0,0,0,0,0,0
1353,L00670,L,299.1,308.6,1670,39.9,85,0,0,0,0,0,0
1354,M00405,M,297.4,307.1,1442,46.1,88,0,0,0,0,0,0
1355,L00671,L,300.4,312.9,1455,43.1,90,0,0,0,0,0,0
1356,H00280,H,299.0,308.2,1432,46.8,95,0,0,0,0,0,0
1357,H00281,H,298.3,308.2,1581,49.7,100,0,0,0,0,0,0
1358,L00672,L,297.8,307.3,1385,43.5,102,0,0,0,0,0,0
1359,L00673,L,305.5,316.0,1612,40.6,104,0,0,0,0,0,0
1360,M00406,M,299.5,309.0,1445,40.6,107,0,0,0,0,0,0
1361,H00282,H,296.1,305.0,1461,37.2,112,0,0,0,0,0,0
1362,L00674,L,303.0,312.8,1715,37.0,114,0,0,0,0,0,0
1363,M00407,M,301.2,310.9,1661,45.4,117,0,0,0,0,0,0
1364,M00408,M,298.5,307.9,1550,34.2,120,0,0,0,0,0,0
1365,M00409,M,298.1,307.6,1407,49.7,123,0,0,0,0,0,0
1366,L00675,L,301.3,312.5,1739,39.1,125,0,0,0,0,0,0
1367,M00410,M,299.5,309.2,1518,57.2,128,1,0,0,1,0,0
1368,H00283,H,296.1,305.0,1563,35.8,133,0,0,0,0,0,0
1369,L00676,L,303.6,313.1,1629,41.5,135,0,0,0,0,0,0
1370,L00677,L,299.1,309.2,1342,37.9,137,0,0,0,0,0,0
1371,H00284,H,303.0,311.7,1474,35.2,142,0,0,0,0,0,0
1372,L00678,L,302.6,314.2,1531,46.4,144,0,0,0,0,0,0
1373,H00285,H,298.0,308.9,1551,33.4,149,0,0,0,0,0,0
1374,L00679,L,302.1,313.5,1408,35.9,151,0,0,0,0,0,0
1375,L00680,L,298.7,309.1,1571,43.5,153,0,0,0,0,0,0
1376,H00286,H,296.3,304.2,1541,44.5,158,0,0,0,0,0,0
1377,L00681,L,299.2,310.7,1705,31.6,160,0,0,0,0,0,0
1378,M00411,M,300.8,309.9,1638,43.5,163,0,0,0,0,0,0
1379,L00682,L,299.1,308.3,1511,40.8,165,0,0,0,0,0,0
1380,M00412,M,299.4,309.5,1518,34.5,168,0,0,0,0,0,0
1381,L00683,L,302.3,313.7,1639,35.3,170,0,0,0,0,0,0
1382,L00684,L,300.2,311.3,1566,27.8,172,0,0,0,0,0,0
1383,H00287,H,298.3,309.2,1401,50.3,177,0,0,0,0,0,0
1384,L00685,L,301.4,311.1,1747,46.1,179,0,0,0,0,0,0
1385,M00413,M,300.4,310.1,1439,32.3,182,0,0,0,0,0,0
1386,L00686,L,295.0,305.3,1786,44.8,184,0,0,0,0,0,0
1387,M00414,M,300.9,310.7,1581,36.6,187,0,0,0,0,0,0
1388,L00687,L,300.8,311.7,1474,45.5,189,0,0,0,0,0,0
1389,H00288,H,300.0,310.9,1301,37.0,194,0,0,0,0,0,0
1390,L00688,L,301.8,312.4,1616,37.8,196,0,0,0,0,0,0
1391,L00689,L,298.7,306.1,1383,38.3,198,0,0,0,0,0,0
1392,L00690,L,300.7,310.8,1574,36.1,200,0,0,0,0,0,0
1393,L00691,L,296.9,306.8,1731,48.4,202,0,0,0,0,0,0
1394,M00415,M,300.8,311.0,1424,45.4,205,0,0,0,0,0,0
1395,L00692,L,303.9,313.2,1612,40.7,207,0,0,0,0,0,0
1396,H00289,H,298.0,306.7,1457,46.1,212,0,0,0,0,0,0
1397,L00693,L,298.5,308.9,1651,30.2,2,0,0,0,0,0,0
1398,L00694,L,298.6,308.2,1545,32.6,4,0,0,0,0,0,0
1399,M00416,M,300.3,310.8,1536,42.8,7,0,0,0,0,0,0
1400,M00417,M,297.9,307.2,1659,44.4,10,0,0,0,0,0,0
1401,L00695,L,300.8,312.3,1601,41.7,12,0,0,0,0,0,0
1402,L00696,L,301.7,312.7,1458,28.7,14,0,0,0,0,0,0
1403,L00697,L,301.1,311.4,1717,33.6,16,0,0,0,0,0,0
1404,M00418,M,296.5,306.2,1384,42.5,19,0,0,0,0,0,0
1405,M00419,M,302.0,312.8,1566,54.6,22,0,0,0,0,0,0
1406,L00698,L,301.9,312.3,1456,47.3,24,0,0,0,0,0,0
1407,H00290,H,301.7,311.9,1389,49.5,29,0,0,0,0,0,0
1408,H00291,H,300.7,311.8,1425,42.0,34,0,0,0,0,0,0
1409,M00420,M,300.4,311.9,1533,42.0,37,0,0,0,0,0,0
1410,H00292,H,302.1,310.8,1573,33.8,42,0,0,0,0,0,0
1411,L00699,L,303.8,312.8,1644,45.7,44,0,0,0,0,0,0
1412,L00700,L,298.1,307.3,1686,39.6,46,0,0,0,0,0,0
1413,L00701,L,302.2,310.7,1566,44.2,48,0,0,0,0,0,0
1414,L00702,L,299.8,309.8,1494,40.2,50,0,0,0,0,0,0
1415,M00421,M,299.7,310.3,1642,41.7,53,0,0,0,0,0,0
1416,H00293,H,296.9,306.9,1477,39.5,58,0,0,0,0,0,0
1417,L00703,L,299.4,308.9,1378,41.3,60,0,0,0,0,0,0
1418,L00704,L,298.0,309.1,1632,46.0,62,0,0,0,0,0,0
1419,L00705,L,299.1,309.2,1670,32.4,64,0,0,0,0,0,0
1420,H00294,H,297.8,308.1,1456,31.0,69,0,0,0,0,0,0
1421,L00706,L,299.1,310.3,1734,42.6,71,0,0,0,0,0,0
1422,M00422,M,299.2,309.1,1596,48.6,74,0,0,0,0,0,0
1423,L00707,L,300.2,312.3,1581,50.2,76,0,0,0,0,0,0
1424,L00708,L,296.8,306.3,1486,32.7,78,0,0,0,0,0,0
1425,H00295,H,297.1,309.1,1640,37.6,83,0,0,0,0,0,0
1426,H00296,H,300.7,309.7,1386,31.1,88,0,0,0,0,0,0
1427,L00709,L,298.4,308.9,1504,36.7,90,0,0,0,0,0,0
1428,H00297,H,302.1,311.5,1465,46.7,95,0,0,0,0,0,0
1429,M00423,M,300.5,311.6,1407,39.9,98,0,0,0,0,0,0
1430,H00298,H,301.2,310.7,1624,37.8,103,0,0,0,0,0,0
1431,L00710,L,302.8,313.1,1572,43.3,105,0,0,0,0,0,0
1432,M00424,M,299.4,308.7,1618,35.2,108,0,0,0,0,0,0
1433,L00711,L,298.9,309.8,1510,49.6,110,0,0,0,0,0,0
1434,M00425,M,301.7,311.1,1637,40.0,113,0,0,0,0,0,0
1435,L00712,L,301.0,312.7,1546,37.6,115,0,0,0,0,0,0
1436,L00713,L,299.6,308.6,1491,43.5,117,0,0,0,0,0,0
1437,L00714,L,302.8,311.4,1474,45.6,119,0,0,0,0,0,0
1438,M00426,M,299.6,310.5,1340,49.6,122,0,0,0,0,0,0
1439,L00715,L,300.1,309.5,1654,38.7,124,0,0,0,0,0,0
1440,M00427,M,300.0,310.0,1643,46.5,127,0,0,0,0,0,0
1441,H00299,H,298.1,307.8,1831,40.6,132,0,0,0,0,0,0
1442,L00716,L,300.2,308.8,1505,36.3,134,0,0,0,0,0,0
1443,M00428,M,302.8,312.7,1471,35.3,137,0,0,0,0,0,0
1444,L00717,L,300.9,312.2,1368,33.4,139,0,0,0,0,0,0
1445,H00300,H,300.1,311.1,1634,35.5,144,0,0,0,0,0,0
1446,L00718,L,299.7,309.9,1611,46.7,146,0,0,0,0,0,0
1447,M00429,M,300.7,311.8,1693,44.2,149,0,0,0,0,0,0
1448,H00301,H,301.5,310.4,1446,32.6,154,0,0,0,0,0,0
1449,H00302,H,301.2,310.9,1610,29.5,159,0,0,0,0,0,0
1450,M00430,M,299.3,309.7,1486,33.3,162,0,0,0,0,0,0
1451,L00719,L,300.6,310.5,1672,35.3,164,0,0,0,0,0,0
1452,M00431,M,301.0,310.7,1592,38.2,167,0,0,0,0,0,0
1453,H00303,H,298.0,306.8,1382,47.0,172,0,0,0,0,0,0
1454,M00432,M,300.3,308.3,1525,36.7,175,0,0,0,0,0,0
1455,L00720,L,295.7,306.5,1343,50.1,177,0,0,0,0,0,0
1456,H00304,H,301.0,311.2,1422,29.9,182,0,0,0,0,0,0
1457,M00433,M,301.3,312.2,1428,37.9,185,0,0,0,0,0,0
1458,M00434,M,301.5,311.1,1474,44.7,188,0,0,0,0,0,0
1459,L00721,L,299.2,308.5,1512,45.1,190,0,0,0,0,0,0
1460,M00435,M,300.6,310.6,1554,38.0,193,0,0,0,0,0,0
1461,L00722,L,302.8,313.7,1549,46.0,195,0,0,0,0,0,0
1462,M00436,M,302.8,312.6,1536,44.9,198,0,0,0,0,0,0
1463,L00723,L,299.9,310.7,1571,35.9,200,0,0,0,0,0,0
1464,M00437,M,300.3,309.3,1413,41.9,203,0,0,0,0,0,0
1465,H00305,H,302.2,312.1,1545,44.2,208,0,0,0,0,0,0
1466,L00724,L,297.0,306.9,1681,36.3,210,0,0,0,0,0,0
1467,H00306,H,299.4,310.6,1521,50.2,215,0,0,0,0,0,0
1468,L00725,L,302.7,312.9,1587,35.0,217,0,0,0,0,0,0
1469,H00307,H,302.0,313.7,1578,40.9,222,0,0,0,0,0,0
1470,M00438,M,300.7,309.4,1624,32.5,225,0,0,0,0,0,0
1471,M00439,M,297.0,307.1,1567,40.6,3,0,0,0,0,0,0
1472,M00440,M,299.9,310.1,1623,33.6,6,0,0,0,0,0,0
1473,H00308,H,298.8,309.4,1589,38.2,11,0,0,0,0,0,0
1474,L00726,L,300.7,309.8,1604,30.5,13,0,0,0,0,0,0
1475,L00727,L,298.4,310.1,1582,44.8,15,0,0,0,0,0,0
1476,M00441,M,297.9,308.0,1437,42.1,18,0,0,0,0,0,0
1477,H00309,H,295.9,304.8,1421,46.5,23,0,0,0,0,0,0
1478,M00442,M,302.4,312.4,1503,37.9,26,0,0,0,0,0,0
1479,M00443,M,299.2,308.9,1693,46.8,29,0,0,0,0,0,0
1480,L00728,L,300.3,313.1,1521,40.2,31,0,0,0,0,0,0
1481,H00310,H,300.0,311.0,1569,40.7,36,0,0,0,0,0,0
1482,L00729,L,297.9,307.9,1341,52.7,38,0,0,0,0,0,0
1483,M00444,M,297.5,307.4,1557,37.1,41,0,0,0,0,0,0
1484,L00730,L,298.0,308.9,1547,47.4,43,0,0,0,0,0,0
1485,L00731,L,298.6,309.6,1271,42.9,45,0,0,0,0,0,0
1486,L00732,L,300.7,307.8,1567,36.6,47,0,0,0,0,0,0
1487,L00733,L,298.4,309.1,1373,32.1,49,0,0,0,0,0,0
1488,M00445,M,303.5,313.5,1465,33.8,52,0,0,0,0,0,0
1489,L00734,L,302.1,310.7,1637,46.8,54,0,0,0,0,0,0
1490,L00735,L,301.6,312.5,1554,50.4,56,0,0,0,0,0,0
1491,L00736,L,299.8,312.0,1493,40.5,58,0,0,0,0,0,0
1492,L00737,L,303.0,313.6,1485,40.9,60,0,0,0,0,0,0
1493,L00738,L,299.6,310.7,1496,44.7,62,0,0,0,0,0,0
1494,L00739,L,299.9,311.7,1554,40.4,64,0,0,0,0,0,0
1495,M00446,M,300.3,309.5,1418,46.6,67,0,0,0,0,0,0
1496,M00447,M,301.4,309.5,1650,41.7,70,0,0,0,0,0,0
1497,M00448,M,301.3,311.9,1423,40.8,73,0,0,0,0,0,0
1498,L00740,L,299.0,308.8,1365,35.8,75,0,0,0,0,0,0
1499,L00741,L,298.9,307.6,1637,34.3,77,0,0,0,0,0,0
1500,H00311,H,301.3,311.2,1494,21.0,82,1,0,0,1,0,0
1501,M00449,M,301.4,312.2,1545,47.4,85,0,0,0,0,0,0
1502,L00742,L,299.2,309.1,1603,39.1,87,0,0,0,0,0,0
1503,L00743,L,296.8,306.0,1466,37.6,89,0,0,0,0,0,0
1504,L00744,L,299.6,309.4,1552,28.3,91,0,0,0,0,0,0
1505,L00745,L,301.2,311.2,1603,36.2,93,0,0,0,0,0,0
1506,L00746,L,303.6,311.7,1702,35.4,95,0,0,0,0,0,0
1507,M00450,M,297.6,307.5,1487,35.2,98,0,0,0,0,0,0
1508,M00451,M,299.1,307.8,1492,42.0,101,0,0,0,0,0,0
1509,M00452,M,299.2,309.9,1594,40.7,104,0,0,0,0,0,0
1510,M00453,M,302.7,311.2,1559,31.8,107,0,0,0,0,0,0
1511,H00312,H,299.9,310.9,1524,32.2,112,0,0,0,0,0,0
1512,M00454,M,298.2,307.8,1697,32.2,115,0,0,0,0,0,0
1513,H00313,H,301.1,310.6,1370,50.9,120,0,0,0,0,0,0
1514,L00747,L,299.2,309.5,1396,49.0,122,0,0,0,0,0,0
1515,L00748,L,297.6,306.7,1371,34.9,124,0,0,0,0,0,0
1516,L00749,L,298.2,308.5,1658,28.1,126,0,0,0,0,0,0
1517,M00455,M,303.5,312.7,1589,40.8,129,0,0,0,0,0,0
1518,H00314,H,300.8,310.2,1401,40.3,134,0,0,0,0,0,0
1519,L00750,L,300.2,310.6,1526,41.9,136,0,0,0,0,0,0
1520,H00315,H,299.5,308.4,1535,44.4,141,0,0,0,0,0,0
1521,L00751,L,300.6,309.3,1317,42.7,143,0,0,0,0,0,0
1522,H00316,H,300.6,310.8,1557,33.3,148,0,0,0,0,0,0
1523,L00752,L,300.6,310.6,1420,41.8,150,0,0,0,0,0,0
1524,L00753,L,300.2,310.4,1609,45.1,152,0,0,0,0,0,0
1525,L00754,L,301.7,312.1,1423,35.7,154,0,0,0,0,0,0
1526,L00755,L,300.0,310.1,1560,41.8,156,0,0,0,0,0,0
1527,L00756,L,298.0,308.7,1667,36.7,158,0,0,0,0,0,0
1528,L00757,L,298.8,308.9,1635,52.0,160,0,0,0,0,0,0
1529,H00317,H,296.0,304.0,1589,32.0,165,0,0,0,0,0,0
1530,M00456,M,304.1,312.3,1530,46.9,168,0,0,0,0,0,0
1531,L00758,L,301.7,313.7,1388,30.0,170,0,0,0,0,0,0
1532,M00457,M,298.3,308.3,1494,50.8,173,0,0,0,0,0,0
1533,M00458,M,299.4,310.4,1515,33.2,176,0,0,0,0,0,0
1534,L00759,L,298.7,308.4,1508,41.1,178,0,0,0,0,0,0
1535,L00760,L,303.1,313.0,1385,30.2,180,0,0,0,0,0,0
1536,L00761,L,297.2,306.7,1581,31.9,182,0,0,0,0,0,0
1537,L00762,L,300.2,312.7,1420,45.4,184,0,0,0,0,0,0
1538,M00459,M,299.8,310.0,1693,46.2,187,0,0,0,0,0,0
1539,L00763,L,301.7,311.1,1553,41.4,189,0,0,0,0,0,0
1540,M00460,M,299.8,308.1,1636,44.4,192,0,0,0,0,0,0
1541,M00461,M,296.5,308.5,1634,46.3,195,0,0,0,0,0,0
1542,L00764,L,299.5,309.3,1746,35.9,197,0,0,0,0,0,0
1543,M00462,M,298.1,308.8,1556,31.6,200,0,0,0,0,0,0
1544,L00765,L,300.2,311.0,1499,39.9,202,0,0,0,0,0,0
1545,H00318,H,302.9,312.4,1501,36.5,207,0,0,0,0,0,0
1546,L00766,L,296.5,307.2,1688,42.3,209,0,0,0,0,0,0
1547,H00319,H,298.4,307.8,1406,43.3,214,0,0,0,0,0,0
1548,M00463,M,298.9,307.9,1450,35.9,217,0,0,0,0,0,0
1549,L00767,L,299.2,310.4,1562,44.2,219,0,0,0,0,0,0
1550,M00464,M,301.5,311.3,1523,43.9,222,0,0,0,0,0,0
1551,H00320,H,299.7,310.2,1635,44.3,227,0,0,0,0,0,0
1552,M00465,M,300.8,311.2,1404,37.6,230,0,0,0,0,0,0
1553,H00321,H,298.7,309.4,1531,44.7,235,1,1,0,0,0,0
1554,H00322,H,300.5,308.9,1519,43.1,5,0,0,0,0,0,0
1555,L00768,L,301.6,311.0,1431,43.8,7,0,0,0,0,0,0
1556,L00769,L,298.5,308.2,1626,50.1,9,0,0,0,0,0,0
1557,M00466,M,301.6,310.7,1529,42.0,12,0,0,0,0,0,0
1558,L00770,L,300.1,310.5,1525,36.4,14,0,0,0,0,0,0
1559,H00323,H,302.1,313.3,1456,33.3,19,0,0,0,0,0,0
1560,H00324,H,299.6,310.9,1501,46.8,24,0,0,0,0,0,0
1561,L00771,L,300.8,310.4,1436,42.1,26,0,0,0,0,0,0
1562,L00772,L,299.9,310.2,1624,50.0,28,0,0,0,0,0,0
1563,M00467,M,299.8,310.3,1641,27.8,31,0,0,0,0,0,0
1564,L00773,L,300.5,311.1,1706,45.5,33,0,0,0,0,0,0
1565,H00325,H,301.1,310.2,1581,38.4,38,0,0,0,0,0,0
1566,L00774,L,297.5,309.3,1504,37.9,40,0,0,0,0,0,0
1567,M00468,M,302.9,313.8,1491,35.4,43,0,0,0,0,0,0
1568,L00775,L,296.3,307.2,1587,45.4,45,0,0,0,0,0,0
1569,M00469,M,298.6,309.8,1558,43.7,48,0,0,0,0,0,0
1570,L00776,L,299.8,310.3,1521,33.1,50,0,0,0,0,0,0
1571,M00470,M,300.8,309.8,1512,41.0,53,0,0,0,0,0,0
1572,L00777,L,303.2,313.0,1655,44.2,55,0,0,0,0,0,0
1573,M00471,M,296.3,304.6,1495,41.1,58,0,0,0,0,0,0
1574,H00326,H,299.0,309.4,1673,46.6,63,0,0,0,0,0,0
1575,L00778,L,295.7,305.6,1556,38.3,65,0,0,0,0,0,0
1576,L00779,L,300.1,310.0,1501,26.5,67,0,0,0,0,0,0
1577,L00780,L,300.5,311.7,1459,41.1,69,0,0,0,0,0,0
1578,M00472,M,303.2,312.7,1523,41.1,72,0,0,0,0,0,0
1579,M00473,M,300.2,310.0,1588,41.9,75,0,0,0,0,0,0
1580,M00474,M,302.1,312.1,1500,46.6,78,0,0,0,0,0,0
1581,L00781,L,301.2,309.3,1623,28.3,80,0,0,0,0,0,0
1582,L00782,L,299.1,308.9,1495,38.6,82,0,0,0,0,0,0
1583,M00475,M,297.2,304.7,1526,34.5,85,0,0,0,0,0,0
1584,L00783,L,300.6,310.0,1409,32.8,87,0,0,0,0,0,0
1585,H00327,H,297.0,307.9,1594,39.6,92,0,0,0,0,0,0
1586,L00784,L,302.6,313.0,1511,44.2,94,0,0,0,0,0,0
1587,M00476,M,299.7,309.1,1696,41.8,97,0,0,0,0,0,0
1588,L00785,L,302.4,312.4,1608,35.9,99,0,0,0,0,0,0
1589,L00786,L,299.0,308.0,1546,39.1,101,0,0,0,0,0,0
1590,M00477,M,300.5,310.5,1661,45.6,104,0,0,0,0,0,0
1591,M00478,M,300.4,313.3,1579,44.1,107,0,0,0,0,0,0
1592,H00328,H,299.9,311.8,1639,36.7,112,0,0,0,0,0,0
1593,L00787,L,299.1,309.2,1452,36.3,114,0,0,0,0,0,0
1594,L00788,L,300.8,310.9,1584,29.7,116,0,0,0,0,0,0
1595,M00479,M,298.1,307.2,1588,37.4,119,0,0,0,0,0,0
1596,M00480,M,297.6,306.8,1384,29.6,122,0,0,0,0,0,0
1597,L00789,L,302.5,312.8,1689,52.4,124,1,0,0,1,0,0
1598,L00790,L,301.5,310.9,1422,34.9,126,0,0,0,0,0,0
1599,L00791,L,300.1,311.0,1408,46.7,128,0,0,0,0,0,0
1600,H00329,H,303.3,314.9,1253,50.9,133,0,0,0,0,0,0
1601,L00792,L,299.5,309.8,1585,41.3,135,0,0,0,0,0,0
1602,L00793,L,302.6,312.7,1374,39.4,137,0,0,0,0,0,0
1603,L00794,L,300.4,308.7,1486,32.1,139,0,0,0,0,0,0
1604,L00795,L,298.0,308.7,1622,37.0,141,0,0,0,0,0,0
1605,L00796,L,303.7,312.6,1557,49.6,143,0,0,0,0,0,0
1606,M00481,M,302.0,311.6,1476,42.1,146,0,0,0,0,0,0
1607,L00797,L,299.8,310.7,1379,40.2,148,0,0,0,0,0,0
1608,H00330,H,301.5,312.5,1527,47.9,153,0,0,0,0,0,0
1609,L00798,L,299.2,308.7,1624,44.2,155,0,0,0,0,0,0
1610,M00482,M,301.7,311.2,1608,39.1,158,0,0,0,0,0,0
1611,H00331,H,295.2,304.5,1717,41.3,163,0,0,0,0,0,0
1612,M00483,M,298.0,306.8,1473,35.4,166,0,0,0,0,0,0
1613,M00484,M,302.0,311.3,1406,36.6,169,0,0,0,0,0,0
1614,L00799,L,299.5,307.9,1569,38.8,171,0,0,0,0,0,0
1615,L00800,L,300.4,311.1,1559,43.3,173,0,0,0,0,0,0
1616,M00485,M,297.3,307.7,1538,32.5,176,0,0,0,0,0,0
1617,H00332,H,303.7,314.3,1463,40.5,181,0,0,0,0,0,0
1618,M00486,M,302.4,311.4,1273,37.7,184,0,0,0,0,0,0
1619,M00487,M,299.6,308.4,1437,34.6,187,0,0,0,0,0,0
1620,M00488,M,299.2,309.2,1594,37.7,190,0,0,0,0,0,0
1621,L00801,L,302.1,312.1,1566,26.1,192,0,0,0,0,0,0
1622,L00802,L,304.0,313.8,1635,35.5,194,0,0,0,0,0,0
1623,M00489,M,301.9,311.6,1573,33.4,197,0,0,0,0,0,0
1624,H00333,H,304.3,316.1,1612,38.3,202,0,0,0,0,0,0
1625,L00803,L,298.2,308.6,1614,26.3,204,0,0,0,0,0,0
1626,M00490,M,298.4,310.3,1540,41.1,207,0,0,0,0,0,0
1627,L00804,L,297.6,308.9,1541,45.5,209,0,0,0,0,0,0
1628,M00491,M,300.9,312.6,1247,39.3,212,0,0,0,0,0,0
1629,L00805,L,300.4,309.3,1472,43.0,214,0,0,0,0,0,0
1630,L00806,L,299.7,310.3,1477,36.9,216,0,0,0,0,0,0
1631,M00492,M,301.6,311.2,1527,30.7,219,1,1,0,0,0,0
1632,L00807,L,302.5,310.8,1445,40.0,2,0,0,0,0,0,0
1633,M00493,M,296.9,308.4,1632,44.1,5,0,0,0,0,0,0
1634,M00494,M,298.8,308.5,1450,32.1,8,0,0,0,0,0,0
1635,H00334,H,301.6,310.6,1648,37.2,13,0,0,0,0,0,0
1636,L00808,L,299.1,308.6,1442,38.5,15,0,0,0,0,0,0
1637,L00809,L,298.4,307.6,1478,57.1,17,0,0,0,0,0,0
1638,L00810,L,302.0,311.3,1470,41.3,19,0,0,0,0,0,0
1639,H00335,H,297.4,307.2,1488,28.6,24,0,0,0,0,0,0
1640,H00336,H,299.4,311.1,1656,27.1,29,0,0,0,0,0,0
1641,M00495,M,300.7,310.0,1505,44.4,32,0,0,0,0,0,0
1642,H00337,H,298.9,310.5,1508,54.9,37,0,0,0,0,0,0
1643,M00496,M,301.6,312.4,1464,38.3,40,0,0,0,0,0,0
1644,M00497,M,298.9,309.3,1512,38.0,43,0,0,0,0,0,0
1645,L00811,L,302.8,313.6,1560,42.6,45,0,0,0,0,0,0
1646,M00498,M,299.7,309.8,1516,35.2,48,0,0,0,0,0,0
1647,L00812,L,301.3,312.6,1523,24.7,50,0,0,0,0,0,0
1648,H00338,H,301.5,312.1,1640,46.2,55,0,0,0,0,0,0
1649,M00499,M,298.7,307.1,1565,36.3,58,0,0,0,0,0,0
1650,M00500,M,295.9,306.2,1423,46.3,61,0,0,0,0,0,0
1651,L00813,L,300.7,311.5,1529,35.4,63,0,0,0,0,0,0
1652,L00814,L,300.1,309.9,1484,40.7,65,0,0,0,0,0,0
1653,L00815,L,301.1,311.2,1590,45.1,67,0,0,0,0,0,0
1654,L00816,L,299.5,308.9,1548,46.4,69,0,0,0,0,0,0
1655,L00817,L,299.1,307.8,1651,41.4,71,0,0,0,0,0,0
1656,H00339,H,304.0,312.5,1464,41.1,76,0,0,0,0,0,0
1657,M00501,M,297.1,305.5,1519,43.7,79,0,0,0,0,0,0
1658,L00818,L,301.5,312.1,1432,42.8,81,0,0,0,0,0,0
1659,L00819,L,298.9,306.4,1534,32.3,83,0,0,0,0,0,0
1660,L00820,L,299.3,308.7,1384,32.4,85,0,0,0,0,0,0
1661,M00502,M,299.4,308.6,1570,27.3,88,0,0,0,0,0,0
1662,M00503,M,298.4,308.1,1532,44.6,91,0,0,0,0,0,0
1663,H00340,H,301.1,309.3,1554,37.6,96,0,0,0,0,0,0
1664,L00821,L,302.8,313.2,1617,44.9,98,0,0,0,0,0,0
1665,H00341,H,300.9,309.7,1560,42.4,103,0,0,0,0,0,0
1666,H00342,H,300.2,311.3,1410,34.0,108,0,0,0,0,0,0
1667,L00822,L,298.0,307.4,1482,39.3,110,0,0,0,0,0,0
1668,H00343,H,301.0,310.9,1530,37.3,115,0,0,0,0,0,0
1669,L00823,L,304.3,314.3,1505,36.3,117,0,0,0,0,0,0
1670,H00344,H,299.2,309.5,1517,45.5,122,0,0,0,0,0,0
1671,L00824,L,299.2,309.3,1700,55.1,124,1,0,0,1,0,0
1672,H00345,H,298.9,308.5,1548,46.7,129,0,0,0,0,0,0
1673,H00346,H,299.0,309.4,1576,39.8,134,0,0,0,0,0,0
1674,H00347,H,294.5,305.0,1337,47.6,139,0,0,0,0,0,0
1675,M00504,M,300.8,310.0,1613,50.3,142,0,0,0,0,0,0
1676,L00825,L,298.3,308.7,1823,31.6,144,0,0,0,0,0,0
1677,L00826,L,296.8,308.0,1673,47.3,146,0,0,0,0,0,0
1678,L00827,L,301.5,312.2,1494,44.6,148,0,0,0,0,0,0
1679,L00828,L,297.8,308.8,1766,47.1,150,0,0,0,0,0,0
1680,M00505,M,299.3,309.5,1541,44.9,153,0,0,0,0,0,0
1681,L00829,L,302.9,312.0,1569,38.6,155,0,0,0,0,0,0
1682,H00348,H,297.2,306.4,1511,52.2,160,0,0,0,0,0,0
1683,M00506,M,296.9,307.3,1509,42.0,163,0,0,0,0,0,0
1684,H00349,H,300.5,311.5,1313,37.4,168,0,0,0,0,0,0
1685,L00830,L,302.3,315.1,1617,43.0,170,0,0,0,0,0,0
1686,H00350,H,296.9,307.8,1508,45.8,175,0,0,0,0,0,0
1687,H00351,H,300.8,309.6,1519,40.6,180,0,0,0,0,0,0
1688,L00831,L,301.2,310.4,1565,42.4,182,0,0,0,0,0,0
1689,M00507,M,295.9,308.2,1497,40.5,185,0,0,0,0,0,0
1690,M00508,M,301.6,311.4,1564,36.0,188,0,0,0,0,0,0
1691,L00832,L,301.8,311.8,1658,35.1,190,0,0,0,0,0,0
1692,M00509,M,299.4,308.4,1578,31.6,193,0,0,0,0,0,0
1693,L00833,L,302.5,314.1,1523,49.1,195,0,0,0,0,0,0
1694,L00834,L,302.3,312.8,1526,38.7,197,0,0,0,0,0,0
1695,L00835,L,300.2,309.4,1558,19.4,199,1,0,0,1,0,0
1696,L00836,L,299.1,308.1,1455,42.4,201,0,0,0,0,0,0
1697,L00837,L,298.1,308.4,1559,42.3,203,0,0,0,0,0,0
1698,L00838,L,299.9,310.0,1606,28.8,205,0,0,0,0,0,0
1699,H00352,H,301.1,312.0,1547,35.0,210,0,0,0,0,0,0
1700,M00510,M,299.4,309.9,1496,34.7,213,0,0,0,0,0,0
1701,H00353,H,295.6,305.3,1509,35.5,218,0,0,0,0,0,0
1702,L00839,L,302.5,312.0,1603,47.3,220,0,0,0,0,0,0
1703,L00840,L,300.4,310.2,1428,39.1,2,0,0,0,0,0,0
1704,M00511,M,299.2,308.7,1456,37.4,5,0,0,0,0,0,0
1705,L00841,L,301.7,311.6,1377,46.7,7,0,0,0,0,0,0
1706,L00842,L,303.0,313.1,1541,43.0,9,0,0,0,0,0,0
1707,M00512,M,294.4,303.5,1624,29.6,12,0,0,0,0,0,0
1708,L00843,L,300.9,311.5,1671,36.3,14,0,0,0,0,0,0
1709,M00513,M,297.1,306.8,1693,41.9,17,0,0,0,0,0,0
1710,M00514,M,301.0,310.2,1469,34.4,20,0,0,0,0,0,0
1711,L00844,L,300.3,309.9,1563,52.2,22,0,0,0,0,0,0
1712,L00845,L,301.3,311.5,1498,40.7,24,0,0,0,0,0,0
1713,M00515,M,299.0,309.1,1703,35.5,27,0,0,0,0,0,0
1714,L00846,L,296.3,306.7,1668,33.3,29,0,0,0,0,0,0
1715,L00847,L,299.1,310.0,1555,45.6,31,0,0,0,0,0,0
1716,H00354,H,300.8,312.1,1476,36.1,36,0,0,0,0,0,0
1717,L00848,L,302.0,312.3,1193,42.3,38,0,0,0,0,0,0
1718,M00516,M,297.7,306.6,1395,33.1,41,0,0,0,0,0,0
1719,H00355,H,302.1,311.8,1353,40.4,46,0,0,0,0,0,0
1720,L00849,L,298.7,307.7,1393,36.2,48,0,0,0,0,0,0
1721,L00850,L,300.7,312.4,1726,38.1,50,0,0,0,0,0,0
1722,L00851,L,299.0,311.0,1408,35.2,52,0,0,0,0,0,0
1723,L00852,L,300.4,311.0,1432,46.2,54,0,0,0,0,0,0
1724,L00853,L,301.8,312.6,1446,37.1,56,0,0,0,0,0,0
1725,M00517,M,297.5,307.8,1798,39.1,59,0,0,0,0,0,0
1726,L00854,L,298.6,309.0,1532,39.4,61,0,0,0,0,0,0
1727,M00518,M,300.4,308.8,1637,49.7,64,0,0,0,0,0,0
1728,H00356,H,304.8,314.7,1556,45.3,69,0,0,0,0,0,0
1729,H00357,H,298.3,307.4,1340,44.7,74,0,0,0,0,0,0
1730,M00519,M,304.1,314.4,1691,30.5,77,0,0,0,0,0,0
1731,L00855,L,304.0,313.9,1578,36.1,79,0,0,0,0,0,0
1732,M00520,M,299.8,311.8,1526,47.1,82,0,0,0,0,0,0
1733,M00521,M,299.4,310.3,1714,33.0,85,0,0,0,0,0,0
1734,L00856,L,298.6,308.9,1503,40.5,87,0,0,0,0,0,0
1735,L00857,L,299.9,309.6,1524,33.6,89,0,0,0,0,0,0
1736,H00358,H,297.2,308.9,1503,34.2,94,0,0,0,0,0,0
1737,L00858,L,299.8,309.8,1646,50.1,96,0,0,0,0,0,0
1738,L00859,L,303.0,313.3,1619,44.3,98,0,0,0,0,0,0
1739,L00860,L,298.8,308.8,1566,45.9,100,0,0,0,0,0,0
1740,L00861,L,299.5,309.1,1433,44.7,102,0,0,0,0,0,0
1741,H00359,H,296.6,306.6,1501,39.2,107,0,0,0,0,0,0
1742,M00522,M,300.7,308.8,1433,35.9,110,0,0,0,0,0,0
1743,M00523,M,300.5,309.0,1654,37.6,113,0,0,0,0,0,0
1744,L00862,L,300.1,310.5,1381,38.8,115,0,0,0,0,0,0
1745,L00863,L,299.6,311.1,1697,50.7,117,1,0,0,1,0,0
1746,L00864,L,299.4,309.8,1667,32.0,119,0,0,0,0,0,0
1747,L00865,L,301.0,310.3,1446,36.7,121,0,0,0,0,0,0
1748,L00866,L,299.9,308.5,1496,34.5,123,0,0,0,0,0,0
1749,M00524,M,300.6,311.4,1467,46.3,126,0,0,0,0,0,0
1750,L00867,L,300.4,309.9,1581,51.1,128,0,0,0,0,0,0
1751,M00525,M,302.2,312.9,1679,41.9,131,0,0,0,0,0,0
1752,L00868,L,301.4,311.7,1657,42.3,133,0,0,0,0,0,0
1753,L00869,L,300.4,310.9,1495,40.5,135,0,0,0,0,0,0
1754,L00870,L,303.0,313.1,1663,42.6,137,0,0,0,0,0,0
1755,H00360,H,300.8,311.2,1655,44.6,142,0,0,0,0,0,0
1756,H00361,H,302.6,312.5,1519,42.6,147,0,0,0,0,0,0
1757,H00362,H,301.2,310.6,1537,43.0,152,0,0,0,0,0,0
1758,L00871,L,296.3,305.4,1692,44.7,154,0,0,0,0,0,0
1759,L00872,L,302.6,310.2,1644,29.3,156,0,0,0,0,0,0
1760,M00526,M,300.3,310.1,1660,40.0,159,0,0,0,0,0,0
1761,L00873,L,299.9,311.4,1797,41.8,161,0,0,0,0,0,0
1762,H00363,H,300.6,311.3,1593,42.5,166,0,0,0,0,0,0
1763,L00874,L,299.3,309.5,1571,39.0,168,0,0,0,0,0,0
1764,L00875,L,300.5,309.7,1674,41.0,170,0,0,0,0,0,0
1765,L00876,L,298.8,309.8,1737,35.7,172,0,0,0,0,0,0
1766,L00877,L,302.5,312.4,1477,29.4,174,0,0,0,0,0,0
1767,M00527,M,299.8,311.3,1518,45.9,177,0,0,0,0,0,0
1768,L00878,L,299.2,308.3,1436,33.2,179,0,0,0,0,0,0
1769,L00879,L,298.2,307.4,1572,39.0,181,0,0,0,0,0,0
1770,L00880,L,300.5,309.7,1627,35.5,183,0,0,0,0,0,0
1771,L00881,L,300.4,308.9,1443,49.5,185,0,0,0,0,0,0
1772,M00528,M,300.8,309.8,1651,39.5,188,0,0,0,0,0,0
1773,H00364,H,297.9,308.0,1493,38.1,193,0,0,0,0,0,0
1774,H00365,H,296.8,306.1,1485,44.5,198,0,0,0,0,0,0
1775,M00529,M,301.3,307.4,1651,52.9,201,1,0,0,1,0,0
1776,L00882,L,303.0,314.0,1475,42.4,203,0,0,0,0,0,0
1777,M00530,M,297.9,306.3,1398,37.7,206,0,0,0,0,0,0
1778,L00883,L,303.2,313.8,1612,44.2,208,0,0,0,0,0,0
1779,L00884,L,300.6,310.6,1525,30.6,210,0,0,0,0,0,0
1780,H00366,H,300.0,312.1,1658,40.3,215,0,0,0,0,0,0
1781,L00885,L,299.2,310.2,1621,52.0,217,1,0,0,0,1,0
1782,H00367,H,297.2,306.7,1363,40.9,222,0,0,0,0,0,0
1783,L00886,L,302.0,311.3,1670,40.6,224,0,0,0,0,0,0
1784,M00531,M,298.4,310.0,1728,40.1,227,0,0,0,0,0,0
1785,M00532,M,298.4,307.0,1641,37.6,230,0,0,0,0,0,0
1786,H00368,H,302.0,312.2,1645,41.9,235,0,0,0,0,0,0
1787,M00533,M,296.2,306.1,1513,44.7,3,0,0,0,0,0,0
1788,M00534,M,297.0,306.6,1490,38.0,6,0,0,0,0,0,0
1789,L00887,L,300.0,310.3,1559,25.1,8,0,0,0,0,0,0
1790,M00535,M,300.6,310.8,1630,42.8,11,0,0,0,0,0,0
1791,L00888,L,301.0,311.4,1627,52.8,13,0,0,0,0,0,0
1792,M00536,M,299.4,309.5,1494,37.7,16,0,0,0,0,0,0
1793,M00537,M,305.1,315.5,1484,31.2,19,0,0,0,0,0,0
1794,M00538,M,299.5,309.6,1389,44.1,22,0,0,0,0,0,0
1795,L00889,L,299.5,308.9,1603,50.5,24,0,0,0,0,0,0
1796,L00890,L,298.4,308.4,1499,43.2,26,0,0,0,0,0,0
1797,M00539,M,300.2,309.5,1508,50.3,29,0,0,0,0,0,0
1798,L00891,L,301.2,310.4,1711,44.8,31,0,0,0,0,0,0
1799,L00892,L,302.4,312.1,1598,44.2,33,0,0,0,0,0,0
1800,L00893,L,297.0,306.9,1570,36.9,35,0,0,0,0,0,0
1801,H00369,H,299.5,309.5,1621,41.7,40,0,0,0,0,0,0
1802,M00540,M,300.9,311.8,1680,39.8,43,0,0,0,0,0,0
1803,L00894,L,301.2,310.7,1376,39.6,45,0,0,0,0,0,0
1804,L00895,L,300.0,310.2,1481,38.5,47,0,0,0,0,0,0
1805,L00896,L,301.1,311.2,1515,41.4,49,0,0,0,0,0,0
1806,M00541,M,298.4,307.8,1440,32.2,52,0,0,0,0,0,0
1807,M00542,M,303.1,313.2,1511,44.9,55,0,0,0,0,0,0
1808,L00897,L,302.0,313.0,1383,34.7,57,0,0,0,0,0,0
1809,L00898,L,297.3,307.5,1630,38.5,59,0,0,0,0,0,0
1810,L00899,L,297.8,308.1,1486,42.0,61,0,0,0,0,0,0
1811,M00543,M,297.9,307.2,1558,34.4,64,0,0,0,0,0,0
1812,M00544,M,301.4,313.3,1543,28.2,67,0,0,0,0,0,0
1813,L00900,L,297.4,306.8,1594,37.7,69,0,0,0,0,0,0
1814,L00901,L,299.3,307.7,1292,31.4,71,1,0,1,0,0,0
1815,L00902,L,300.9,311.8,1583,44.3,73,0,0,0,0,0,0
1816,H00370,H,299.9,309.8,1510,33.1,78,0,0,0,0,0,0
1817,L00903,L,300.5,310.2,1579,48.9,80,0,0,0,0,0,0
1818,M00545,M,297.9,307.3,1420,40.0,83,0,0,0,0,0,0
1819,M00546,M,301.2,313.1,1579,40.4,86,0,0,0,0,0,0
1820,L00904,L,298.8,309.1,1668,28.1,88,0,0,0,0,0,0
1821,L00905,L,299.4,309.9,1557,40.9,90,0,0,0,0,0,0
1822,L00906,L,300.5,310.6,1466,39.5,92,0,0,0,0,0,0
1823,M00547,M,300.2,310.5,1471,32.2,95,0,0,0,0,0,0
1824,M00548,M,300.0,311.4,1596,40.5,98,0,0,0,0,0,0
1825,M00549,M,298.5,308.2,1595,37.6,101,0,0,0,0,0,0
1826,M00550,M,299.4,307.9,1574,38.7,104,0,0,0,0,0,0
1827,L00907,L,300.0,310.9,1534,40.2,106,0,0,0,0,0,0
1828,H00371,H,297.2,307.7,1558,37.2,111,0,0,0,0,0,0
1829,M00551,M,299.1,309.2,1532,41.5,114,0,0,0,0,0,0
1830,L00908,L,300.8,311.2,1500,39.5,116,0,0,0,0,0,0
1831,H00372,H,297.4,307.1,1614,42.8,121,0,0,0,0,0,0
1832,M00552,M,302.3,312.3,1569,36.8,124,0,0,0,0,0,0
1833,M00553,M,302.5,312.4,1667,33.6,127,0,0,0,0,0,0
1834,M00554,M,297.5,306.9,1650,35.7,130,0,0,0,0,0,0
1835,H00373,H,302.7,313.9,1566,48.7,135,0,0,0,0,0,0
1836,M00555,M,299.7,308.3,1598,45.7,138,0,0,0,0,0,0
1837,L00909,L,300.8,313.2,1442,47.3,140,0,0,0,0,0,0
1838,L00910,L,299.0,309.9,1530,47.7,142,0,0,0,0,0,0
1839,H00374,H,301.8,310.1,1572,37.2,147,0,0,0,0,0,0
1840,L00911,L,300.8,310.6,1380,41.8,149,0,0,0,0,0,0
1841,L00912,L,298.4,308.2,1581,40.5,151,0,0,0,0,0,0
1842,L00913,L,297.7,308.1,1442,44.0,153,0,0,0,0,0,0
1843,L00914,L,297.1,306.1,1453,38.3,155,0,0,0,0,0,0
1844,M00556,M,300.4,310.4,1485,40.6,158,0,0,0,0,0,0
1845,H00375,H,301.1,311.0,1535,40.4,163,0,0,0,0,0,0
1846,L00915,L,301.3,310.6,1405,43.2,165,0,0,0,0,0,0
1847,L00916,L,299.8,308.9,1624,43.9,167,0,0,0,0,0,0
1848,L00917,L,297.7,308.6,1556,40.6,169,0,0,0,0,0,0
1849,H00376,H,298.6,306.9,1730,40.7,174,0,0,0,0,0,0
1850,M00557,M,302.3,312.8,1568,41.4,177,0,0,0,0,0,0
1851,L00918,L,299.0,309.8,1595,49.9,179,0,0,0,0,0,0
1852,H00377,H,300.3,310.1,1453,29.6,184,0,0,0,0,0,0
1853,H00378,H,297.8,307.9,1420,34.2,189,0,0,0,0,0,0
1854,H00379,H,300.7,311.8,1600,44.0,194,0,0,0,0,0,0
1855,H00380,H,299.1,308.4,1429,41.6,199,0,0,0,0,0,0
1856,L00919,L,302.1,311.5,1602,41.6,201,0,0,0,0,0,0
1857,M00558,M,301.5,311.1,1709,44.0,204,0,0,0,0,0,0
1858,L00920,L,299.0,310.2,1633,41.3,206,0,0,0,0,0,0
1859,H00381,H,299.7,311.0,1595,36.6,211,0,0,0,0,0,0
1860,M00559,M,298.9,307.5,1565,43.8,214,0,0,0,0,0,0
1861,M00560,M,297.2,308.2,1500,40.1,217,0,0,0,0,0,0
1862,M00561,M,298.3,309.1,1527,37.3,220,0,0,0,0,0,0
1863,L00921,L,300.4,312.0,1481,44.1,222,0,0,0,0,0,0
1864,M00562,M,300.7,311.0,1406,43.9,225,0,0,0,0,0,0
1865,H00382,H,300.3,310.3,1542,41.3,230,0,0,0,0,0,0
1866,H00383,H,299.4,310.5,1649,50.3,5,0,0,0,0,0,0
1867,L00922,L,301.9,312.6,1409,48.0,7,0,0,0,0,0,0
1868,L00923,L,300.1,312.4,1678,46.0,9,0,0,0,0,0,0
1869,L00924,L,301.4,312.4,1660,55.4,11,1,0,0,1,0,0
1870,M00563,M,296.5,306.6,1578,39.1,14,0,0,0,0,0,0
1871,H00384,H,292.2,301.0,1579,37.2,19,0,0,0,0,0,0
1872,L00925,L,300.6,310.0,1519,45.2,21,0,0,0,0,0,0
1873,M00564,M,297.2,305.7,1542,38.5,24,0,0,0,0,0,0
1874,H00385,H,299.6,309.4,1492,40.1,29,0,0,0,0,0,0
1875,M00565,M,299.4,310.3,1541,34.1,32,0,0,0,0,0,0
1876,M00566,M,303.2,313.2,1552,43.6,35,0,0,0,0,0,0
1877,M00567,M,300.8,311.8,1726,31.2,38,0,0,0,0,0,0
1878,M00568,M,300.3,310.7,1595,39.4,41,0,0,0,0,0,0
1879,L00926,L,301.7,311.3,1517,39.9,43,0,0,0,0,0,0
1880,M00569,M,300.7,310.8,1528,37.4,46,0,0,0,0,0,0
1881,M00570,M,299.1,309.6,1467,29.5,49,0,0,0,0,0,0
1882,H00386,H,302.1,312.3,1483,29.4,54,0,0,0,0,0,0
1883,M00571,M,297.8,307.9,1629,35.5,57,0,0,0,0,0,0
1884,M00572,M,300.6,309.9,1489,43.2,60,0,0,0,0,0,0
1885,L00927,L,296.9,306.5,1476,41.7,62,0,0,0,0,0,0
1886,L00928,L,300.4,312.7,1479,39.9,64,0,0,0,0,0,0
1887,L00929,L,300.4,311.6,1465,34.7,66,0,0,0,0,0,0
1888,L00930,L,303.4,311.9,1651,42.0,68,0,0,0,0,0,0
1889,M00573,M,296.9,304.5,1552,29.2,71,0,0,0,0,0,0
1890,H00387,H,298.8,308.9,1510,25.6,76,0,0,0,0,0,0
1891,L00931,L,301.6,312.5,1541,38.5,78,0,0,0,0,0,0
1892,L00932,L,300.7,310.2,1560,36.7,80,0,0,0,0,0,0
1893,H00388,H,300.4,311.4,1463,46.1,85,0,0,0,0,0,0
1894,L00933,L,298.1,308.1,1399,40.9,87,0,0,0,0,0,0
1895,M00574,M,298.8,308.7,1672,49.9,90,0,0,0,0,0,0
1896,M00575,M,302.5,313.2,1637,36.7,93,0,0,0,0,0,0
1897,M00576,M,299.9,309.4,1576,42.9,96,0,0,0,0,0,0
1898,L00934,L,300.8,310.5,1630,38.5,98,0,0,0,0,0,0
1899,L00935,L,299.8,310.4,1729,48.3,100,0,0,0,0,0,0
1900,M00577,M,297.6,307.6,1484,38.8,103,0,0,0,0,0,0
1901,M00578,M,301.9,313.8,1426,45.1,106,0,0,0,0,0,0
1902,L00936,L,301.0,311.7,1604,33.5,108,0,0,0,0,0,0
1903,M00579,M,304.6,315.2,1391,37.5,111,0,0,0,0,0,0
1904,L00937,L,298.0,307.9,1542,39.5,113,0,0,0,0,0,0
1905,M00580,M,301.6,312.5,1508,47.6,116,0,0,0,0,0,0
1906,L00938,L,297.4,307.1,1605,26.8,118,0,0,0,0,0,0
1907,H00389,H,300.3,310.6,1490,38.0,123,0,0,0,0,0,0
1908,L00939,L,302.0,311.0,1658,37.8,125,0,0,0,0,0,0
1909,L00940,L,295.9,306.9,1463,27.5,127,0,0,0,0,0,0
1910,L00941,L,299.6,309.9,1609,37.2,129,0,0,0,0,0,0
1911,L00942,L,298.9,310.9,1471,30.8,131,0,0,0,0,0,0
1912,H00390,H,298.6,311.0,1593,26.0,136,0,0,0,0,0,0
1913,H00391,H,300.8,311.5,1437,38.4,141,0,0,0,0,0,0
1914,L00943,L,302.2,312.3,1536,38.2,143,0,0,0,0,0,0
1915,L00944,L,299.7,308.8,1670,38.5,145,0,0,0,0,0,0
1916,M00581,M,300.4,311.3,1550,41.5,148,0,0,0,0,0,0
1917,H00392,H,300.2,310.4,1656,34.7,153,0,0,0,0,0,0
1918,M00582,M,300.0,310.5,1535,50.7,156,0,0,0,0,0,0
1919,L00945,L,297.8,309.6,1487,39.8,158,0,0,0,0,0,0
1920,L00946,L,302.2,311.4,1555,47.7,160,0,0,0,0,0,0
1921,M00583,M,300.6,309.7,1600,29.9,163,0,0,0,0,0,0
1922,L00947,L,300.8,310.6,1347,35.0,165,0,0,0,0,0,0
1923,M00584,M,298.4,309.2,1590,44.1,168,0,0,0,0,0,0
1924,L00948,L,299.1,309.6,1444,38.6,170,0,0,0,0,0,0
1925,M00585,M,299.6,308.8,1419,33.6,173,0,0,0,0,0,0
1926,L00949,L,296.9,307.7,1592,29.0,175,0,0,0,0,0,0
1927,M00586,M,296.6,305.4,1672,44.4,178,0,0,0,0,0,0
1928,L00950,L,298.8,308.0,1560,43.9,180,0,0,0,0,0,0
1929,M00587,M,301.0,310.9,1402,41.5,183,0,0,0,0,0,0
1930,L00951,L,298.7,308.1,1471,37.0,185,0,0,0,0,0,0
1931,M00588,M,298.0,308.9,1496,33.3,188,0,0,0,0,0,0
1932,M00589,M,298.4,308.7,1558,39.7,191,0,0,0,0,0,0
1933,M00590,M,299.1,310.9,1531,32.1,194,0,0,0,0,0,0
1934,M00591,M,299.3,309.0,1588,35.5,197,0,0,0,0,0,0
1935,M00592,M,304.3,314.2,1638,47.6,200,0,0,0,0,0,0
1936,H00393,H,302.1,313.3,1572,28.9,205,0,0,0,0,0,0
1937,L00952,L,302.0,312.0,1628,44.1,207,0,0,0,0,0,0
1938,H00394,H,302.3,313.8,1511,49.0,212,0,0,0,0,0,0
1939,L00953,L,298.0,308.5,1868,44.9,214,0,0,0,0,0,0
1940,L00954,L,297.6,305.2,1593,42.4,216,0,0,0,0,0,0
1941,L00955,L,297.8,309.0,1606,37.2,218,0,0,0,0,0,0
1942,L00956,L,302.7,313.6,1714,36.1,220,0,0,0,0,0,0
1943,M00593,M,298.9,309.9,1547,26.5,3,0,0,0,0,0,0
1944,M00594,M,297.5,305.6,1473,40.2,6,0,0,0,0,0,0
1945,M00595,M,299.1,308.5,1669,37.6,9,0,0,0,0,0,0
1946,M00596,M,299.5,308.9,1675,35.8,12,0,0,0,0,0,0
1947,L00957,L,300.5,309.7,1553,39.9,14,0,0,0,0,0,0
1948,L00958,L,300.5,312.2,1714,40.4,16,0,0,0,0,0,0
1949,L00959,L,298.3,308.3,1530,36.2,18,0,0,0,0,0,0
1950,L00960,L,301.4,311.3,1631,49.7,20,0,0,0,0,0,0
1951,L00961,L,298.7,309.3,1690,44.4,22,0,0,0,0,0,0
1952,L00962,L,299.7,310.3,1548,45.4,24,0,0,0,0,0,0
1953,M00597,M,301.4,308.0,1584,39.4,27,0,0,0,0,0,0
1954,M00598,M,298.7,308.1,1641,43.1,30,0,0,0,0,0,0
1955,H00395,H,298.9,307.4,1501,34.6,35,0,0,0,0,0,0
1956,H00396,H,301.2,311.6,1457,44.0,40,0,0,0,0,0,0
1957,M00599,M,298.3,308.0,1671,38.8,43,0,0,0,0,0,0
1958,L00963,L,299.2,309.2,1569,33.9,45,0,0,0,0,0,0
1959,M00600,M,301.1,309.0,1487,39.9,48,0,0,0,0,0,0
1960,M00601,M,304.1,313.8,1547,38.2,51,0,0,0,0,0,0
1961,L00964,L,301.2,312.3,1589,53.9,53,0,0,0,0,0,0
1962,L00965,L,300.9,312.4,1381,42.6,55,0,0,0,0,0,0
1963,H00397,H,301.1,311.8,1610,49.5,60,0,0,0,0,0,0
1964,L00966,L,297.9,306.5,1579,46.8,62,0,0,0,0,0,0
1965,M00602,M,300.2,311.5,1704,40.2,65,0,0,0,0,0,0
1966,M00603,M,299.9,310.7,1516,37.3,68,0,0,0,0,0,0
1967,L00967,L,300.6,310.5,1676,29.6,70,0,0,0,0,0,0
1968,L00968,L,300.2,308.2,1534,34.8,72,0,0,0,0,0,0
1969,L00969,L,300.8,311.7,1552,44.0,74,0,0,0,0,0,0
1970,L00970,L,299.4,308.8,1566,38.2,76,0,0,0,0,0,0
1971,L00971,L,300.1,310.5,1747,42.3,78,0,0,0,0,0,0
1972,H00398,H,297.5,307.6,1414,27.8,83,0,0,0,0,0,0
1973,L00972,L,299.4,310.9,1588,42.7,85,0,0,0,0,0,0
1974,M00604,M,302.8,312.7,1542,46.6,88,0,0,0,0,0,0
1975,L00973,L,300.6,310.6,1535,29.3,90,0,0,0,0,0,0
1976,H00399,H,300.0,311.5,1596,42.2,95,0,0,0,0,0,0
1977,L00974,L,303.8,313.1,1649,48.1,97,0,0,0,0,0,0
1978,L00975,L,297.3,308.1,1591,50.1,99,0,0,0,0,0,0
1979,H00400,H,297.8,307.6,1662,37.0,104,0,0,0,0,0,0
1980,H00401,H,303.4,312.4,1513,44.7,109,0,0,0,0,0,0
1981,L00976,L,300.1,310.1,1533,48.6,111,0,0,0,0,0,0
1982,H00402,H,299.5,310.2,1438,42.4,116,0,0,0,0,0,0
1983,L00977,L,297.6,309.0,1736,47.7,118,0,0,0,0,0,0
1984,L00978,L,300.9,312.4,1519,39.8,120,0,0,0,0,0,0
1985,L00979,L,301.1,310.8,1508,42.4,122,0,0,0,0,0,0
1986,L00980,L,297.8,306.8,1599,36.3,124,0,0,0,0,0,0
1987,M00605,M,299.7,309.4,1649,39.0,127,0,0,0,0,0,0
1988,L00981,L,299.3,308.1,1469,42.6,129,0,0,0,0,0,0
1989,L00982,L,300.5,310.3,1657,35.8,131,0,0,0,0,0,0
1990,M00606,M,297.8,307.4,1508,38.7,134,0,0,0,0,0,0
1991,M00607,M,302.5,313.2,1681,44.6,137,0,0,0,0,0,0
1992,L00983,L,301.8,309.6,1484,52.3,139,0,0,0,0,0,0
1993,M00608,M,299.3,308.5,1612,27.7,142,0,0,0,0,0,0
1994,L00984,L,299.6,308.8,1542,51.9,144,0,0,0,0,0,0
1995,M00609,M,299.7,310.9,1425,38.4,147,0,0,0,0,0,0
1996,M00610,M,298.4,307.3,1396,45.8,150,0,0,0,0,0,0
1997,H00403,H,299.1,309.3,1464,47.0,155,0,0,0,0,0,0
1998,L00985,L,299.5,309.3,1637,49.4,157,0,0,0,0,0,0
1999,L00986,L,303.2,314.3,1344,35.6,159,0,0,0,0,0,0
2000,L00987,L,301.9,312.5,1571,38.6,161,0,0,0,0,0,0
2001,L00988,L,301.9,312.0,1563,39.7,163,0,0,0,0,0,0
2002,L00989,L,300.7,310.2,1370,37.9,165,0,0,0,0,0,0
2003,H00404,H,297.8,305.9,1458,47.9,170,0,0,0,0,0,0
2004,L00990,L,299.9,310.2,1458,39.5,172,0,0,0,0,0,0
2005,L00991,L,301.9,312.5,1543,30.3,174,0,0,0,0,0,0
2006,M00611,M,297.5,305.9,1685,36.2,177,0,0,0,0,0,0
2007,L00992,L,301.3,310.0,1645,30.5,179,0,0,0,0,0,0
2008,M00612,M,304.6,314.9,1502,38.6,182,0,0,0,0,0,0
2009,L00993,L,302.1,312.5,1455,44.0,184,0,0,0,0,0,0
2010,L00994,L,302.8,311.8,1382,36.1,186,0,0,0,0,0,0
2011,L00995,L,300.4,309.9,1500,37.6,188,0,0,0,0,0,0
2012,L00996,L,301.9,310.1,1448,38.4,190,0,0,0,0,0,0
2013,H00405,H,298.6,309.9,1534,40.8,195,0,0,0,0,0,0
2014,L00997,L,301.6,310.3,1538,43.1,197,0,0,0,0,0,0
2015,M00613,M,301.3,311.9,1490,44.8,200,0,0,0,0,0,0
2016,L00998,L,300.6,310.5,1493,53.5,202,0,0,0,0,0,0
2017,L00999,L,302.6,313.9,1469,40.7,204,0,0,0,0,0,0
2018,H00406,H,298.9,308.1,1487,44.4,209,0,0,0,0,0,0
2019,L01000,L,299.6,309.7,1682,30.5,211,0,0,0,0,0,0
2020,M00614,M,300.2,308.5,1590,37.7,214,0,0,0,0,0,0
2021,H00407,H,297.9,306.0,1591,38.4,219,0,0,0,0,0,0
2022,M00615,M,300.5,311.1,1639,33.9,222,0,0,0,0,0,0
2023,H00408,H,296.6,304.8,1630,36.8,227,0,0,0,0,0,0
2024,L01001,L,302.1,311.9,1680,39.4,2,0,0,0,0,0,0
2025,L01002,L,300.1,311.1,1597,37.0,4,0,0,0,0,0,0
2026,L01003,L,299.0,309.7,1559,55.6,6,1,0,0,1,0,0
2027,M00616,M,298.3,307.7,1479,43.1,9,0,0,0,0,0,0
2028,H00409,H,299.5,307.9,1456,52.0,14,0,0,0,0,0,0
2029,L01004,L,301.4,311.9,1626,49.0,16,0,0,0,0,0,0
2030,M00617,M,301.1,312.4,1527,36.2,19,0,0,0,0,0,0
2031,L01005,L,298.6,307.9,1402,40.2,21,0,0,0,0,0,0
2032,M00618,M,298.3,307.5,1329,37.4,24,0,0,0,0,0,0
2033,L01006,L,301.3,310.8,1753,39.0,26,0,0,0,0,0,0
2034,H00410,H,298.6,309.1,1439,34.1,31,0,0,0,0,0,0
2035,M00619,M,300.1,311.3,1469,37.4,34,0,0,0,0,0,0
2036,L01007,L,300.2,309.0,1661,42.2,36,0,0,0,0,0,0
2037,L01008,L,300.6,309.1,1417,42.0,38,0,0,0,0,0,0
2038,L01009,L,301.7,314.1,1591,41.5,40,0,0,0,0,0,0
2039,L01010,L,297.5,307.3,1720,39.6,42,0,0,0,0,0,0
2040,L01011,L,296.2,306.4,1749,45.2,44,0,0,0,0,0,0
2041,H00411,H,298.9,308.2,1493,38.5,49,0,0,0,0,0,0
2042,M00620,M,303.6,314.1,1537,48.3,52,0,0,0,0,0,0
2043,M00621,M,304.0,315.0,1498,28.9,55,0,0,0,0,0,0
2044,L01012,L,303.7,314.0,1536,43.9,57,0,0,0,0,0,0
2045,H00412,H,299.6,311.4,1668,42.9,62,0,0,0,0,0,0
2046,M00622,M,296.4,306.1,1398,36.0,65,0,0,0,0,0,0
2047,L01013,L,295.3,305.1,1603,37.9,67,0,0,0,0,0,0
2048,M00623,M,298.8,309.0,1518,42.8,70,0,0,0,0,0,0
2049,M00624,M,299.6,310.1,1675,45.5,73,0,0,0,0,0,0
2050,L01014,L,302.6,312.8,1670,29.5,75,0,0,0,0,0,0
2051,L01015,L,301.7,310.5,1497,43.8,77,0,0,0,0,0,0
2052,L01016,L,300.5,310.8,1527,37.3,79,0,0,0,0,0,0
2053,L01017,L,298.2,307.8,1627,46.8,81,0,0,0,0,0,0
2054,H00413,H,298.1,307.5,1636,29.0,86,0,0,0,0,0,0
2055,H00414,H,300.5,310.5,1291,54.7,91,0,0,0,0,0,0
2056,M00625,M,301.4,310.4,1627,34.7,94,0,0,0,0,0,0
2057,L01018,L,300.8,309.6,1703,48.6,96,0,0,0,0,0,0
2058,L01019,L,297.9,305.3,1564,39.6,98,0,0,0,0,0,0
2059,M00626,M,301.3,313.0,1633,35.1,101,0,0,0,0,0,0
2060,M00627,M,300.9,311.4,1666,41.6,104,0,0,0,0,0,0
2061,L01020,L,297.9,307.7,1560,46.2,106,0,0,0,0,0,0
2062,M00628,M,298.4,307.8,1619,30.7,109,0,0,0,0,0,0
2063,H00415,H,301.4,308.5,1539,44.2,114,0,0,0,0,0,0
2064,L01021,L,299.5,308.8,1533,39.9,116,0,0,0,0,0,0
2065,L01022,L,303.2,313.9,1472,43.5,118,0,0,0,0,0,0
2066,M00629,M,301.0,311.9,1555,40.1,121,0,0,0,0,0,0
2067,L01023,L,299.0,309.7,1727,36.6,123,0,0,0,0,0,0
2068,L01024,L,300.0,310.1,1448,33.3,125,0,0,0,0,0,0
2069,L01025,L,300.1,311.4,1600,44.0,127,0,0,0,0,0,0
2070,L01026,L,298.5,308.2,1570,44.0,129,0,0,0,0,0,0
2071,M00630,M,298.2,309.3,1685,44.0,132,0,0,0,0,0,0
2072,M00631,M,301.4,311.0,1704,42.6,135,0,0,0,0,0,0
2073,L01027,L,301.7,310.8,1446,45.7,137,0,0,0,0,0,0
2074,H00416,H,301.2,310.2,1481,48.4,142,0,0,0,0,0,0
2075,H00417,H,303.0,312.0,1486,28.7,147,0,0,0,0,0,0
2076,H00418,H,298.9,309.6,1490,25.9,152,0,0,0,0,0,0
2077,L01028,L,303.3,312.6,1498,50.3,154,0,0,0,0,0,0
2078,L01029,L,298.2,307.2,1573,32.0,156,0,0,0,0,0,0
2079,H00419,H,298.0,308.7,1453,33.5,161,0,0,0,0,0,0
2080,M00632,M,296.5,306.8,1467,38.3,164,0,0,0,0,0,0
2081,L01030,L,299.1,310.1,1459,30.1,166,0,0,0,0,0,0
2082,L01031,L,299.0,309.5,1587,37.7,168,0,0,0,0,0,0
2083,L01032,L,301.1,310.3,1532,34.3,170,0,0,0,0,0,0
2084,H00420,H,300.5,310.6,1514,38.6,175,0,0,0,0,0,0
2085,M00633,M,297.6,307.7,1454,41.7,178,0,0,0,0,0,0
2086,L01033,L,299.2,308.3,1378,37.9,180,0,0,0,0,0,0
2087,L01034,L,299.3,308.2,1701,37.6,182,0,0,0,0,0,0
2088,M00634,M,296.4,305.8,1509,41.5,185,0,0,0,0,0,0
2089,H00421,H,298.0,310.1,1809,46.3,190,0,0,0,0,0,0
2090,L01035,L,298.5,308.0,1615,49.6,192,0,0,0,0,0,0
2091,M00635,M,302.9,314.1,1721,38.7,195,0,0,0,0,0,0
2092,H00422,H,300.4,309.9,1637,50.9,200,0,0,0,0,0,0
2093,L01036,L,301.3,312.2,1554,45.3,202,0,0,0,0,0,0
2094,M00636,M,297.0,307.9,1478,32.6,205,0,0,0,0,0,0
2095,L01037,L,302.4,313.3,1440,32.4,207,0,0,0,0,0,0
2096,M00637,M,302.6,313.0,1650,36.5,210,0,0,0,0,0,0
2097,M00638,M,296.0,307.4,1565,48.7,213,0,0,0,0,0,0
2098,M00639,M,298.6,309.0,1600,37.0,216,0,0,0,0,0,0
2099,M00640,M,301.0,312.7,1619,28.6,219,0,0,0,0,0,0
2100,L01038,L,301.3,309.7,1574,38.6,221,0,0,0,0,0,0
2101,H00423,H,298.6,309.0,1491,28.1,226,0,0,0,0,0,0
2102,M00641,M,299.4,309.7,1639,33.7,229,0,0,0,0,0,0
2103,L01039,L,298.8,307.9,1518,36.5,231,0,0,0,0,0,0
2104,M00642,M,300.2,310.8,1547,40.9,234,0,0,0,0,0,0
2105,M00643,M,302.4,310.9,1610,46.1,237,0,0,0,0,0,0
2106,L01040,L,298.5,307.8,1532,44.2,2,0,0,0,0,0,0
2107,H00424,H,302.0,310.0,1356,32.9,7,1,0,1,0,0,0
2108,H00425,H,298.4,310.0,1642,37.8,12,0,0,0,0,0,0
2109,L01041,L,298.3,308.1,1663,40.5,14,0,0,0,0,0,0
2110,H00426,H,301.6,313.8,1355,38.4,19,0,0,0,0,0,0
2111,L01042,L,301.8,312.6,1434,38.4,21,0,0,0,0,0,0
2112,L01043,L,301.7,312.2,1740,29.7,23,0,0,0,0,0,0
2113,L01044,L,297.4,306.8,1561,33.1,25,0,0,0,0,0,0
2114,H00427,H,299.1,308.0,1538,37.6,30,0,0,0,0,0,0
2115,M00644,M,301.6,312.2,1495,21.4,33,1,0,0,1,0,0
2116,L01045,L,300.1,310.0,1435,43.8,35,0,0,0,0,0,0
2117,L01046,L,297.9,306.5,1519,31.8,37,0,0,0,0,0,0
2118,M00645,M,300.9,309.4,1635,44.1,40,0,0,0,0,0,0
2119,L01047,L,298.6,307.6,1536,43.6,42,0,0,0,0,0,0
2120,H00428,H,303.6,315.4,1599,36.7,47,0,0,0,0,0,0
2121,H00429,H,303.1,315.3,1715,46.0,52,0,0,0,0,0,0
2122,M00646,M,301.2,311.4,1480,44.5,55,0,0,0,0,0,0
2123,H00430,H,302.7,312.9,1568,38.1,60,0,0,0,0,0,0
2124,L01048,L,300.1,309.8,1638,37.5,62,0,0,0,0,0,0
2125,H00431,H,301.5,310.6,1445,46.6,67,0,0,0,0,0,0
2126,M00647,M,303.0,314.3,1556,41.4,70,0,0,0,0,0,0
2127,M00648,M,300.5,312.4,1725,46.3,73,0,0,0,0,0,0
2128,L01049,L,299.5,308.6,1504,25.7,75,0,0,0,0,0,0
2129,H00432,H,296.6,306.5,1645,40.6,80,0,0,0,0,0,0
2130,L01050,L,299.8,309.4,1524,30.5,82,0,0,0,0,0,0
2131,L01051,L,301.6,311.2,1718,39.8,84,0,0,0,0,0,0
2132,L01052,L,301.9,313.1,1373,44.3,86,0,0,0,0,0,0
2133,M00649,M,301.0,309.7,1544,50.4,89,0,0,0,0,0,0
2134,M00650,M,298.9,309.4,1390,34.4,92,0,0,0,0,0,0
2135,M00651,M,296.0,306.8,1468,36.8,95,0,0,0,0,0,0
2136,H00433,H,299.0,308.9,1467,39.4,100,0,0,0,0,0,0
2137,L01053,L,299.4,310.3,1511,34.2,102,0,0,0,0,0,0
2138,M00652,M,299.4,309.5,1419,45.9,105,0,0,0,0,0,0
2139,L01054,L,301.2,312.5,1531,39.6,107,0,0,0,0,0,0
2140,H00434,H,304.0,312.4,1584,40.7,112,0,0,0,0,0,0
2141,H00435,H,300.2,309.9,1385,43.7,117,0,0,0,0,0,0
2142,M00653,M,299.6,309.5,1475,39.6,120,0,0,0,0,0,0
2143,M00654,M,299.5,306.8,1792,35.1,123,0,0,0,0,0,0
2144,L01055,L,300.2,309.2,1571,39.6,125,0,0,0,0,0,0
2145,L01056,L,298.3,307.5,1356,34.9,127,0,0,0,0,0,0
2146,H00436,H,300.2,311.2,1398,40.6,132,0,0,0,0,0,0
2147,L01057,L,300.9,310.2,1561,46.0,134,0,0,0,0,0,0
2148,L01058,L,300.4,309.6,1548,33.0,136,0,0,0,0,0,0
2149,L01059,L,300.9,311.7,1479,30.8,138,0,0,0,0,0,0
2150,H00437,H,300.9,309.2,1757,40.3,143,0,0,0,0,0,0
2151,L01060,L,296.5,304.4,1800,35.4,145,0,0,0,0,0,0
2152,L01061,L,301.3,310.9,1512,40.2,147,0,0,0,0,0,0
2153,M00655,M,298.7,307.2,1625,41.9,150,0,0,0,0,0,0
2154,H00438,H,297.8,306.4,1630,27.1,155,0,0,0,0,0,0
2155,L01062,L,297.8,308.4,1644,44.1,157,0,0,0,0,0,0
2156,L01063,L,300.9,311.7,1474,33.0,159,0,0,0,0,0,0
2157,L01064,L,299.6,310.3,1732,39.9,161,0,0,0,0,0,0
2158,L01065,L,296.6,307.7,1531,36.0,163,0,0,0,0,0,0
2159,L01066,L,301.0,312.2,1580,36.7,165,0,0,0,0,0,0
2160,M00656,M,297.1,305.0,1538,50.2,168,0,0,0,0,0,0
2161,M00657,M,300.3,310.7,1524,41.9,171,0,0,0,0,0,0
2162,M00658,M,300.5,309.9,1566,45.4,174,0,0,0,0,0,0
2163,L01067,L,301.8,311.0,1419,40.9,176,0,0,0,0,0,0
2164,H00439,H,303.6,314.1,1341,43.7,181,0,0,0,0,0,0
2165,L01068,L,297.3,305.5,1517,42.5,183,0,0,0,0,0,0
2166,H00440,H,299.9,308.1,1450,41.5,188,0,0,0,0,0,0
2167,M00659,M,299.4,310.1,1593,46.6,191,0,0,0,0,0,0
2168,L01069,L,300.9,311.4,1581,40.9,193,0,0,0,0,0,0
2169,M00660,M,300.4,310.6,1539,53.7,196,0,0,0,0,0,0
2170,L01070,L,299.3,308.4,1686,45.8,198,0,0,0,0,0,0
2171,M00661,M,299.1,309.9,1537,33.2,201,0,0,0,0,0,0
2172,L01071,L,297.8,308.4,1392,38.9,203,0,0,0,0,0,0
2173,L01072,L,302.0,312.1,1516,42.4,205,0,0,0,0,0,0
2174,H00441,H,300.9,309.7,1655,40.3,210,0,0,0,0,0,0
2175,L01073,L,301.8,311.4,1350,44.1,2,0,0,0,0,0,0
2176,H00442,H,299.4,310.2,1529,44.8,7,0,0,0,0,0,0
2177,L01074,L,298.7,310.0,1596,31.8,9,0,0,0,0,0,0
2178,M00662,M,297.8,307.5,1803,47.7,12,1,0,0,1,0,0
2179,M00663,M,300.7,310.5,1659,37.0,15,0,0,0,0,0,0
2180,M00664,M,297.9,307.8,1551,36.4,18,0,0,0,0,0,0
2181,L01075,L,303.7,314.0,1590,36.4,20,0,0,0,0,0,0
2182,L01076,L,297.4,306.8,1348,44.9,22,0,0,0,0,0,0
2183,L01077,L,300.5,307.7,1433,38.4,24,0,0,0,0,0,0
2184,L01078,L,303.1,314.3,1603,36.0,26,0,0,0,0,0,0
2185,M00665,M,301.2,313.0,1554,37.5,29,0,0,0,0,0,0
2186,H00443,H,300.4,309.7,1567,29.2,34,0,0,0,0,0,0
2187,H00444,H,298.1,307.0,1541,34.9,39,0,0,0,0,0,0
2188,M00666,M,297.2,307.1,1537,32.6,42,0,0,0,0,0,0
2189,M00667,M,301.5,311.4,1548,38.4,45,0,0,0,0,0,0
2190,M00668,M,303.0,314.0,1432,44.0,48,0,0,0,0,0,0
2191,L01079,L,299.1,309.2,1515,43.3,50,0,0,0,0,0,0
2192,H00445,H,297.7,306.9,1414,47.5,55,0,0,0,0,0,0
2193,M00669,M,295.1,303.8,1476,46.2,58,0,0,0,0,0,0
2194,M00670,M,298.0,308.9,1658,36.8,61,0,0,0,0,0,0
2195,L01080,L,299.8,310.4,1520,40.1,63,0,0,0,0,0,0
2196,L01081,L,303.2,314.3,1598,39.8,65,0,0,0,0,0,0
2197,L01082,L,301.3,310.4,1550,27.1,67,0,0,0,0,0,0
2198,H00446,H,300.6,312.4,1500,32.7,72,0,0,0,0,0,0
2199,M00671,M,299.2,307.5,1437,39.0,75,0,0,0,0,0,0
2200,L01083,L,298.8,309.5,1498,39.0,77,0,0,0,0,0,0
2201,H00447,H,302.8,310.9,1556,43.1,82,0,0,0,0,0,0
2202,L01084,L,300.4,309.6,1596,42.8,84,0,0,0,0,0,0
2203,L01085,L,295.8,307.4,1550,29.4,86,0,0,0,0,0,0
2204,L01086,L,298.7,309.5,1603,43.1,88,0,0,0,0,0,0
2205,M00672,M,298.3,307.7,1386,41.1,91,0,0,0,0,0,0
2206,H00448,H,298.9,308.4,1625,43.7,96,0,0,0,0,0,0
2207,L01087,L,301.1,311.2,1425,46.4,98,0,0,0,0,0,0
2208,H00449,H,299.8,310.3,1636,39.1,103,0,0,0,0,0,0
2209,L01088,L,299.8,311.1,1588,47.5,105,0,0,0,0,0,0
2210,H00450,H,302.6,312.2,1351,34.7,110,0,0,0,0,0,0
2211,M00673,M,298.6,307.0,1612,34.3,113,0,0,0,0,0,0
2212,H00451,H,303.7,313.9,1638,42.6,118,0,0,0,0,0,0
2213,L01089,L,298.7,308.2,1664,37.8,120,0,0,0,0,0,0
2214,H00452,H,300.2,308.9,1461,41.6,125,0,0,0,0,0,0
2215,M00674,M,299.4,309.7,1556,52.0,128,0,0,0,0,0,0
2216,L01090,L,300.2,310.0,1607,42.4,130,0,0,0,0,0,0
2217,H00453,H,300.9,311.2,1612,41.3,135,0,0,0,0,0,0
2218,L01091,L,300.9,310.0,1579,34.8,137,0,0,0,0,0,0
2219,H00454,H,298.5,309.0,1495,29.8,142,0,0,0,0,0,0
2220,L01092,L,297.8,306.4,1637,39.6,144,0,0,0,0,0,0
2221,M00675,M,305.0,314.2,1637,46.4,147,0,0,0,0,0,0
2222,M00676,M,299.0,308.8,1523,38.1,150,0,0,0,0,0,0
2223,L01093,L,301.4,313.1,1460,42.4,152,0,0,0,0,0,0
2224,L01094,L,296.8,307.6,1465,48.6,154,0,0,0,0,0,0
2225,L01095,L,299.4,310.5,1674,48.4,156,0,0,0,0,0,0
2226,L01096,L,299.7,311.2,1633,42.6,158,0,0,0,0,0,0
2227,L01097,L,300.9,314.5,1536,41.0,160,0,0,0,0,0,0
2228,M00677,M,294.6,304.6,1518,30.9,163,0,0,0,0,0,0
2229,L01098,L,300.3,311.8,1361,36.2,165,0,0,0,0,0,0
2230,L01099,L,297.7,308.7,1530,38.3,167,0,0,0,0,0,0
2231,M00678,M,300.6,311.6,1419,34.9,170,0,0,0,0,0,0
2232,L01100,L,297.9,309.7,1554,41.5,172,0,0,0,0,0,0
2233,H00455,H,298.3,307.9,1657,51.5,177,0,0,0,0,0,0
2234,H00456,H,299.5,309.0,1440,49.1,182,0,0,0,0,0,0
2235,M00679,M,297.9,308.2,1562,41.5,185,0,0,0,0,0,0
2236,M00680,M,299.0,308.9,1638,44.7,188,0,0,0,0,0,0
2237,H00457,H,297.6,307.9,1560,35.6,193,0,0,0,0,0,0
2238,L01101,L,296.3,307.9,1486,48.8,195,0,0,0,0,0,0
2239,L01102,L,302.0,311.6,1539,30.6,197,0,0,0,0,0,0
2240,L01103,L,297.4,307.1,1634,45.5,199,0,0,0,0,0,0
2241,M00681,M,299.6,309.8,1564,43.0,202,0,0,0,0,0,0
2242,L01104,L,301.5,311.3,1538,35.5,204,0,0,0,0,0,0
2243,M00682,M,298.8,306.9,1654,38.7,207,0,0,0,0,0,0
2244,H00458,H,298.3,307.8,1589,33.2,5,0,0,0,0,0,0
2245,H00459,H,300.5,311.1,1418,33.5,10,0,0,0,0,0,0
2246,M00683,M,302.2,313.7,1601,30.5,13,0,0,0,0,0,0
2247,L01105,L,297.7,306.5,1633,44.6,15,0,0,0,0,0,0
2248,H00460,H,299.7,308.5,1414,47.2,20,0,0,0,0,0,0
2249,M00684,M,296.5,306.6,1311,27.0,23,0,0,0,0,0,0
2250,L01106,L,299.2,307.1,1434,51.0,25,0,0,0,0,0,0
2251,L01107,L,300.1,309.6,1528,39.9,27,0,0,0,0,0,0
2252,H00461,H,298.3,306.6,1639,41.7,32,0,0,0,0,0,0
2253,M00685,M,299.1,310.5,1449,31.2,35,0,0,0,0,0,0
2254,H00462,H,297.2,306.4,1594,47.9,40,0,0,0,0,0,0
2255,H00463,H,300.2,311.8,1249,41.2,45,0,0,0,0,0,0
2256,M00686,M,302.1,313.2,1556,46.8,48,0,0,0,0,0,0
2257,M00687,M,297.8,307.2,1497,47.3,51,0,0,0,0,0,0
2258,L01108,L,298.8,307.7,1748,48.0,53,0,0,0,0,0,0
2259,L01109,L,301.0,310.8,1349,36.1,55,0,0,0,0,0,0
2260,L01110,L,302.4,312.3,1537,38.8,57,0,0,0,0,0,0
2261,M00688,M,297.0,307.4,1348,36.3,60,0,0,0,0,0,0
2262,M00689,M,299.7,308.9,1483,45.4,63,0,0,0,0,0,0
2263,H00464,H,300.6,311.3,1368,42.0,68,0,0,0,0,0,0
2264,L01111,L,299.8,310.1,1768,46.4,70,0,0,0,0,0,0
2265,M00690,M,295.0,304.7,1502,46.7,73,0,0,0,0,0,0
2266,M00691,M,301.0,310.3,1517,29.6,76,0,0,0,0,0,0
2267,M00692,M,303.0,312.9,1534,48.1,79,0,0,0,0,0,0
2268,M00693,M,300.2,309.4,1425,45.7,82,0,0,0,0,0,0
2269,L01112,L,297.9,308.0,1644,37.8,84,0,0,0,0,0,0
2270,M00694,M,299.0,309.1,1602,42.1,87,0,0,0,0,0,0
2271,L01113,L,303.5,313.8,1630,39.3,89,0,0,0,0,0,0
2272,L01114,L,301.8,313.6,1416,43.7,91,0,0,0,0,0,0
2273,L01115,L,301.3,311.1,1652,37.8,93,0,0,0,0,0,0
2274,M00695,M,300.7,311.7,1640,42.9,96,0,0,0,0,0,0
2275,H00465,H,298.7,308.9,1515,40.4,101,0,0,0,0,0,0
2276,M00696,M,299.6,309.4,1628,37.4,104,0,0,0,0,0,0
2277,M00697,M,299.8,309.7,1565,41.1,107,0,0,0,0,0,0
2278,M00698,M,301.1,311.0,1379,56.2,110,0,0,0,0,0,0
2279,M00699,M,303.0,313.3,1520,35.9,113,0,0,0,0,0,0
2280,L01116,L,302.2,311.3,1490,38.5,115,0,0,0,0,0,0
2281,L01117,L,297.2,305.7,1547,36.0,117,0,0,0,0,0,0
2282,L01118,L,300.4,311.1,1640,36.6,119,0,0,0,0,0,0
2283,L01119,L,301.5,312.4,1374,44.9,121,0,0,0,0,0,0
2284,L01120,L,301.2,312.0,1494,44.3,123,0,0,0,0,0,0
2285,L01121,L,298.7,308.9,1456,40.0,125,0,0,0,0,0,0
2286,L01122,L,305.8,316.6,1460,46.2,127,0,0,0,0,0,0
2287,H00466,H,297.4,308.2,1456,44.8,132,0,0,0,0,0,0
2288,L01123,L,297.8,308.6,1545,39.0,134,0,0,0,0,0,0
2289,L01124,L,300.5,309.6,1590,30.8,136,0,0,0,0,0,0
2290,L01125,L,304.2,313.1,1573,45.0,138,0,0,0,0,0,0
2291,M00700,M,298.3,307.9,1557,41.0,141,0,0,0,0,0,0
2292,L01126,L,299.5,309.5,1600,40.1,143,0,0,0,0,0,0
2293,L01127,L,302.2,311.9,1776,37.2,145,0,0,0,0,0,0
2294,M00701,M,300.0,308.1,1552,44.5,148,0,0,0,0,0,0
2295,L01128,L,299.3,311.1,1640,42.1,150,0,0,0,0,0,0
2296,L01129,L,301.1,310.9,1634,38.6,152,0,0,0,0,0,0
2297,L01130,L,300.5,310.7,1716,32.6,154,0,0,0,0,0,0
2298,L01131,L,302.1,313.3,1594,46.4,156,0,0,0,0,0,0
2299,L01132,L,302.6,310.2,1454,43.6,158,0,0,0,0,0,0
2300,L01133,L,300.6,310.1,1568,41.5,160,0,0,0,0,0,0
2301,H00467,H,300.6,310.2,1563,24.1,165,0,0,0,0,0,0
2302,M00702,M,300.4,310.1,1620,39.8,168,0,0,0,0,0,0
2303,M00703,M,301.0,310.8,1451,38.6,171,0,0,0,0,0,0
2304,L01134,L,300.1,311.6,1665,36.3,173,0,0,0,0,0,0
2305,H00468,H,300.0,310.7,1539,44.5,178,0,0,0,0,0,0
2306,L01135,L,302.4,313.4,1622,44.3,180,0,0,0,0,0,0
2307,L01136,L,303.0,313.1,1569,42.6,182,0,0,0,0,0,0
2308,M00704,M,297.0,305.6,1550,46.2,185,0,0,0,0,0,0
2309,L01137,L,300.0,307.9,1561,33.9,187,0,0,0,0,0,0
2310,L01138,L,298.6,307.1,1605,37.3,189,0,0,0,0,0,0
2311,M00705,M,299.4,309.7,1734,40.4,192,0,0,0,0,0,0
2312,H00469,H,300.8,310.8,1336,36.3,197,0,0,0,0,0,0
2313,L01139,L,301.3,311.1,1592,44.4,199,0,0,0,0,0,0
2314,M00706,M,299.8,309.4,1542,36.9,202,0,0,0,0,0,0
2315,H00470,H,296.2,308.2,1520,47.8,207,0,0,0,0,0,0
2316,L01140,L,298.1,307.2,1302,34.4,209,0,0,0,0,0,0
2317,L01141,L,301.8,312.7,1596,52.8,211,1,0,0,0,1,0
2318,L01142,L,294.5,304.5,1526,52.2,213,1,0,0,0,1,0
2319,L01143,L,302.4,312.3,1455,39.4,215,0,0,0,0,0,0
2320,L01144,L,301.0,312.2,1542,46.9,217,0,0,0,0,0,0
2321,H00471,H,302.6,314.1,1509,37.6,222,0,0,0,0,0,0
2322,M00707,M,299.6,309.4,1364,46.1,225,0,0,0,0,0,0
2323,M00708,M,295.9,306.7,1547,38.9,228,0,0,0,0,0,0
2324,L01145,L,300.9,311.2,1596,32.3,230,0,0,0,0,0,0
2325,H00472,H,302.5,312.6,1483,18.8,235,1,0,0,1,0,0
2326,H00473,H,301.8,312.1,1564,38.4,5,0,0,0,0,0,0
2327,H00474,H,298.7,308.0,1549,41.7,10,0,0,0,0,0,0
2328,L01146,L,300.2,309.9,1643,48.0,12,0,0,0,0,0,0
2329,M00709,M,298.9,308.4,1528,40.2,15,0,0,0,0,0,0
2330,L01147,L,298.4,309.3,1618,46.0,17,0,0,0,0,0,0
2331,L01148,L,301.9,311.8,1507,37.3,19,0,0,0,0,0,0
2332,L01149,L,297.6,306.3,1735,38.0,21,0,0,0,0,0,0
2333,M00710,M,298.2,307.5,1494,46.3,24,0,0,0,0,0,0
2334,M00711,M,297.8,304.6,1470,25.2,27,0,0,0,0,0,0
2335,L01150,L,297.0,306.5,1528,40.1,29,0,0,0,0,0,0
2336,L01151,L,300.3,310.3,1465,37.6,31,0,0,0,0,0,0
2337,L01152,L,302.3,312.2,1413,48.2,33,0,0,0,0,0,0
2338,L01153,L,299.6,311.6,1611,36.8,35,0,0,0,0,0,0
2339,L01154,L,297.0,307.6,1232,43.1,37,0,0,0,0,0,0
2340,L01155,L,301.7,312.2,1466,45.5,39,0,0,0,0,0,0
2341,M00712,M,303.4,311.7,1404,31.0,42,0,0,0,0,0,0
2342,L01156,L,298.7,308.3,1552,39.2,44,0,0,0,0,0,0
2343,L01157,L,299.0,308.6,1319,37.4,46,0,0,0,0,0,0
2344,L01158,L,301.0,310.2,1593,45.7,48,0,0,0,0,0,0
2345,H00475,H,303.2,312.4,1604,44.1,53,0,0,0,0,0,0
2346,M00713,M,299.0,307.2,1375,38.6,56,1,0,1,0,0,0
2347,M00714,M,297.3,306.1,1557,33.7,59,0,0,0,0,0,0
2348,L01159,L,301.3,312.1,1590,46.2,61,0,0,0,0,0,0
2349,M00715,M,301.6,311.5,1632,39.6,64,0,0,0,0,0,0
2350,L01160,L,300.0,309.5,1391,30.3,66,0,0,0,0,0,0
2351,M00716,M,298.9,308.9,1377,30.8,69,0,0,0,0,0,0
2352,H00476,H,302.0,313.2,1688,42.6,74,0,0,0,0,0,0
2353,M00717,M,301.1,311.1,1456,32.3,77,0,0,0,0,0,0
2354,H00477,H,298.5,309.0,1485,51.2,82,0,0,0,0,0,0
2355,M00718,M,300.1,309.3,1601,34.4,85,0,0,0,0,0,0
2356,L01161,L,297.3,306.7,1421,40.0,87,0,0,0,0,0,0
2357,H00478,H,301.4,311.7,1511,41.0,92,0,0,0,0,0,0
2358,L01162,L,299.5,311.4,1627,35.6,94,0,0,0,0,0,0
2359,M00719,M,299.1,310.6,1396,26.6,97,0,0,0,0,0,0
2360,L01163,L,299.9,310.5,1488,41.1,99,0,0,0,0,0,0
2361,L01164,L,300.1,310.2,1425,35.5,101,0,0,0,0,0,0
2362,L01165,L,301.8,313.2,1461,40.7,103,0,0,0,0,0,0
2363,L01166,L,301.2,312.0,1657,39.3,105,0,0,0,0,0,0
2364,L01167,L,299.7,307.4,1679,41.6,107,0,0,0,0,0,0
2365,M00720,M,301.5,310.5,1564,49.4,110,0,0,0,0,0,0
2366,L01168,L,300.8,311.1,1591,36.7,112,0,0,0,0,0,0
2367,L01169,L,299.1,307.4,1588,37.2,114,0,0,0,0,0,0
2368,M00721,M,299.8,308.9,1471,30.0,117,0,0,0,0,0,0
2369,L01170,L,299.7,309.0,1562,38.8,119,0,0,0,0,0,0
2370,M00722,M,301.0,310.8,1408,42.5,122,0,0,0,0,0,0
2371,M00723,M,299.3,309.0,1442,37.1,125,0,0,0,0,0,0
2372,H00479,H,299.2,308.9,1529,42.5,130,0,0,0,0,0,0
2373,M00724,M,303.9,314.8,1432,38.9,133,0,0,0,0,0,0
2374,L01171,L,301.9,311.6,1411,32.2,135,0,0,0,0,0,0
2375,M00725,M,298.5,308.1,1467,41.9,138,0,0,0,0,0,0
2376,L01172,L,301.1,309.8,1653,38.8,140,0,0,0,0,0,0
2377,L01173,L,300.2,311.3,1694,40.7,142,0,0,0,0,0,0
2378,M00726,M,300.8,310.1,1535,36.6,145,0,0,0,0,0,0
2379,L01174,L,300.3,309.2,1596,36.1,147,0,0,0,0,0,0
2380,M00727,M,302.4,312.6,1482,40.9,150,0,0,0,0,0,0
2381,H00480,H,300.7,309.9,1331,38.6,155,0,0,0,0,0,0
2382,H00481,H,299.9,309.3,1449,50.3,160,0,0,0,0,0,0
2383,H00482,H,302.1,312.3,1507,44.8,165,0,0,0,0,0,0
2384,L01175,L,300.5,310.1,1552,43.3,167,0,0,0,0,0,0
2385,L01176,L,300.2,312.6,1528,38.9,169,0,0,0,0,0,0
2386,M00728,M,300.6,310.6,1510,27.8,172,0,0,0,0,0,0
2387,L01177,L,299.8,310.4,1481,35.2,174,0,0,0,0,0,0
2388,M00729,M,300.0,308.1,1572,36.1,177,0,0,0,0,0,0
2389,M00730,M,298.8,308.0,1402,38.4,180,0,0,0,0,0,0
2390,M00731,M,298.5,307.4,1618,39.8,183,0,0,0,0,0,0
2391,L01178,L,298.0,307.0,1479,43.9,185,0,0,0,0,0,0
2392,L01179,L,297.2,307.6,1745,41.6,187,0,0,0,0,0,0
2393,L01180,L,298.2,309.3,1506,47.0,189,0,0,0,0,0,0
2394,L01181,L,299.7,310.0,1490,38.1,191,0,0,0,0,0,0
2395,H00483,H,300.2,310.0,1482,41.5,196,0,0,0,0,0,0
2396,L01182,L,299.5,308.8,1491,42.1,198,0,0,0,0,0,0
2397,L01183,L,295.3,306.4,1599,41.5,200,0,0,0,0,0,0
2398,L01184,L,303.1,315.2,1534,47.7,202,0,0,0,0,0,0
2399,M00732,M,302.2,312.3,1637,44.8,205,0,0,0,0,0,0
2400,M00733,M,300.9,311.8,1584,32.1,208,0,0,0,0,0,0
2401,L01185,L,303.8,314.2,1541,39.3,210,0,0,0,0,0,0
2402,L01186,L,298.0,308.8,1575,39.9,212,0,0,0,0,0,0
2403,L01187,L,303.8,312.6,1658,52.9,214,1,0,0,1,1,0
2404,L01188,L,298.1,307.6,1604,38.0,216,0,0,0,0,0,0
2405,M00734,M,300.5,310.9,1566,34.1,219,0,0,0,0,0,0
2406,M00735,M,297.5,308.7,1580,42.6,222,0,0,0,0,0,0
2407,L01189,L,300.0,309.2,1423,43.0,224,0,0,0,0,0,0
2408,L01190,L,300.8,308.7,1795,39.6,226,0,0,0,0,0,0
2409,H00484,H,299.7,309.2,1591,38.7,231,0,0,0,0,0,0
2410,L01191,L,301.4,312.4,1601,45.7,233,0,0,0,0,0,0
2411,M00736,M,300.2,308.6,1535,34.9,236,0,0,0,0,0,0
2412,L01192,L,299.0,307.8,1308,38.0,238,0,0,0,0,0,0
2413,L01193,L,298.9,309.0,1511,36.9,2,0,0,0,0,0,0
2414,L01194,L,301.6,311.5,1546,46.6,4,0,0,0,0,0,0
2415,M00737,M,298.7,309.3,1456,41.7,7,0,0,0,0,0,0
2416,H00485,H,301.8,310.6,1455,33.6,12,0,0,0,0,0,0
2417,L01195,L,302.4,312.1,1504,34.2,14,0,0,0,0,0,0
2418,L01196,L,296.7,307.9,1615,51.2,16,0,0,0,0,0,0
2419,L01197,L,302.3,311.1,1664,46.5,18,0,0,0,0,0,0
2420,L01198,L,304.1,315.6,1555,45.0,20,0,0,0,0,0,0
2421,L01199,L,300.5,309.4,1481,40.1,22,0,0,0,0,0,0
2422,L01200,L,301.2,312.0,1502,49.1,24,0,0,0,0,0,0
2423,M00738,M,302.1,311.7,1548,33.4,27,0,0,0,0,0,0
2424,L01201,L,299.4,308.3,1560,44.5,29,0,0,0,0,0,0
2425,L01202,L,300.4,309.9,1581,37.3,31,0,0,0,0,0,0
2426,H00486,H,297.4,307.9,1494,38.5,36,0,0,0,0,0,0
2427,L01203,L,300.3,310.3,1591,44.4,38,0,0,0,0,0,0
2428,H00487,H,301.0,312.1,1583,39.1,43,0,0,0,0,0,0
2429,L01204,L,301.0,312.5,1498,37.4,45,0,0,0,0,0,0
2430,H00488,H,302.1,310.9,1366,37.0,50,0,0,0,0,0,0
2431,M00739,M,298.5,307.2,1450,28.1,53,0,0,0,0,0,0
2432,H00489,H,298.9,307.6,1695,44.6,58,0,0,0,0,0,0
2433,H00490,H,303.8,312.9,1369,34.0,63,0,0,0,0,0,0
2434,L01205,L,299.7,310.8,1670,51.2,65,0,0,0,0,0,0
2435,H00491,H,300.4,311.0,1365,38.3,70,0,0,0,0,0,0
2436,L01206,L,299.9,309.3,1461,47.9,72,0,0,0,0,0,0
2437,L01207,L,298.4,308.3,1501,29.1,74,0,0,0,0,0,0
2438,L01208,L,303.2,314.7,1716,44.4,76,0,0,0,0,0,0
2439,M00740,M,298.9,310.9,1541,45.9,79,0,0,0,0,0,0
2440,L01209,L,297.7,308.0,1517,47.8,81,0,0,0,0,0,0
2441,M00741,M,299.1,306.4,1444,30.8,84,0,0,0,0,0,0
2442,M00742,M,296.0,306.3,1590,35.8,87,0,0,0,0,0,0
2443,M00743,M,298.7,309.6,1487,43.5,90,0,0,0,0,0,0
2444,H00492,H,298.1,308.3,1515,40.9,95,0,0,0,0,0,0
2445,L01210,L,301.2,312.0,1502,41.8,97,0,0,0,0,0,0
2446,L01211,L,298.7,309.0,1610,37.8,99,0,0,0,0,0,0
2447,L01212,L,301.8,310.5,1614,49.3,101,0,0,0,0,0,0
2448,L01213,L,302.8,311.9,1449,55.7,103,0,0,0,0,0,0
2449,L01214,L,301.6,311.2,1475,40.6,105,0,0,0,0,0,0
2450,L01215,L,299.6,310.6,1465,42.7,107,0,0,0,0,0,0
2451,L01216,L,300.3,309.5,1556,40.3,109,0,0,0,0,0,0
2452,H00493,H,297.0,307.4,1629,47.7,114,0,0,0,0,0,0
2453,M00744,M,299.7,310.0,1558,45.0,117,0,0,0,0,0,0
2454,L01217,L,298.3,309.9,1319,33.6,119,0,0,0,0,0,0
2455,M00745,M,301.4,311.3,1614,36.3,122,0,0,0,0,0,0
2456,L01218,L,305.1,313.4,1403,33.9,124,0,0,0,0,0,0
2457,L01219,L,301.0,311.6,1466,56.2,126,0,0,0,0,0,0
2458,M00746,M,296.0,308.2,1558,43.8,129,0,0,0,0,0,0
2459,L01220,L,299.3,310.0,1530,36.4,131,0,0,0,0,0,0
2460,L01221,L,300.2,309.5,1625,35.9,133,0,0,0,0,0,0
2461,H00494,H,300.2,309.1,1477,44.8,138,0,0,0,0,0,0
2462,H00495,H,298.5,307.6,1441,45.4,143,0,0,0,0,0,0
2463,M00747,M,300.5,312.5,1507,44.8,146,0,0,0,0,0,0
2464,M00748,M,297.5,307.2,1636,37.4,149,0,0,0,0,0,0
2465,M00749,M,298.1,307.4,1601,41.8,152,0,0,0,0,0,0
2466,L01222,L,301.3,311.1,1547,40.7,154,0,0,0,0,0,0
2467,L01223,L,298.0,307.7,1671,34.4,156,0,0,0,0,0,0
2468,L01224,L,301.1,312.6,1652,34.4,158,0,0,0,0,0,0
2469,L01225,L,297.3,306.2,1617,42.5,160,0,0,0,0,0,0
2470,M00750,M,303.5,314.7,1420,41.2,163,0,0,0,0,0,0
2471,L01226,L,298.5,308.6,1616,43.3,165,0,0,0,0,0,0
2472,H00496,H,299.6,310.8,1518,44.7,170,0,0,0,0,0,0
2473,H00497,H,300.7,312.2,1499,49.0,175,0,0,0,0,0,0
2474,M00751,M,298.9,309.0,1470,35.3,178,0,0,0,0,0,0
2475,M00752,M,300.3,310.0,1521,43.8,181,0,0,0,0,0,0
2476,H00498,H,301.2,311.2,1475,44.5,186,0,0,0,0,0,0
2477,L01227,L,301.9,311.8,1555,38.1,188,0,0,0,0,0,0
2478,M00753,M,301.6,309.9,1521,40.7,191,0,0,0,0,0,0
2479,L01228,L,299.7,311.2,1560,38.3,193,0,0,0,0,0,0
2480,M00754,M,299.7,310.0,1593,52.7,196,0,0,0,0,0,0
2481,L01229,L,304.7,313.5,1509,40.6,198,0,0,0,0,0,0
2482,H00499,H,301.9,309.8,1464,42.7,203,1,1,0,0,0,0
2483,H00500,H,298.2,305.8,1337,38.4,5,1,0,1,0,0,0
2484,L01230,L,300.2,311.0,1615,37.1,7,0,0,0,0,0,0
2485,L01231,L,299.3,308.7,1546,32.2,9,0,0,0,0,0,0
2486,H00501,H,299.7,309.3,1520,46.6,14,0,0,0,0,0,0
2487,L01232,L,297.5,308.0,1655,44.6,16,0,0,0,0,0,0
2488,H00502,H,299.2,308.7,1409,38.2,21,0,0,0,0,0,0
2489,M00755,M,303.6,314.2,1544,34.6,24,0,0,0,0,0,0
2490,L01233,L,301.2,311.3,1442,41.1,26,0,0,0,0,0,0
2491,L01234,L,295.0,304.9,1604,37.0,28,0,0,0,0,0,0
2492,L01235,L,302.4,310.9,1315,38.7,30,1,0,1,0,0,0
2493,M00756,M,302.2,311.4,1618,32.4,33,0,0,0,0,0,0
2494,L01236,L,299.3,309.9,1614,41.3,35,0,0,0,0,0,0
2495,M00757,M,301.4,310.8,1446,41.4,38,0,0,0,0,0,0
2496,L01237,L,298.3,309.5,1545,46.6,40,0,0,0,0,0,0
2497,M00758,M,299.1,311.4,1448,39.1,43,0,0,0,0,0,0
2498,H00503,H,303.0,313.7,1581,38.0,48,0,0,0,0,0,0
2499,H00504,H,299.5,310.9,1620,30.7,53,0,0,0,0,0,0
2500,L01238,L,296.3,307.0,1438,46.6,55,0,0,0,0,0,0
2501,H00505,H,299.9,309.3,1408,45.4,60,0,0,0,0,0,0
2502,M00759,M,299.8,310.0,1648,40.2,63,0,0,0,0,0,0
2503,M00760,M,302.4,314.4,1732,32.0,66,0,0,0,0,0,0
2504,H00506,H,300.0,309.5,1587,32.7,71,0,0,0,0,0,0
2505,L01239,L,299.2,308.1,1595,36.7,73,0,0,0,0,0,0
2506,L01240,L,302.1,311.0,1505,45.8,75,0,0,0,0,0,0
2507,H00507,H,300.2,310.0,1556,41.7,80,0,0,0,0,0,0
2508,L01241,L,298.5,307.5,1573,31.0,82,0,0,0,0,0,0
2509,H00508,H,302.3,314.0,1520,42.4,87,0,0,0,0,0,0
2510,H00509,H,300.4,310.6,1673,35.0,92,0,0,0,0,0,0
2511,L01242,L,300.0,311.0,1556,36.9,94,0,0,0,0,0,0
2512,H00510,H,300.4,310.1,1569,45.8,99,0,0,0,0,0,0
2513,L01243,L,297.9,306.7,1522,44.6,101,0,0,0,0,0,0
2514,M00761,M,298.9,307.6,1532,46.6,104,0,0,0,0,0,0
2515,M00762,M,300.0,309.1,1660,39.9,107,0,0,0,0,0,0
2516,H00511,H,299.6,310.0,1553,45.3,112,0,0,0,0,0,0
2517,L01244,L,302.5,313.1,1555,36.5,114,0,0,0,0,0,0
2518,L01245,L,300.4,311.0,1556,38.5,116,0,0,0,0,0,0
2519,M00763,M,301.7,310.2,1502,38.0,119,0,0,0,0,0,0
2520,M00764,M,300.0,310.0,1397,40.1,122,0,0,0,0,0,0
2521,M00765,M,302.1,311.1,1695,32.3,125,0,0,0,0,0,0
2522,L01246,L,300.8,311.2,1645,38.6,127,0,0,0,0,0,0
2523,L01247,L,300.0,310.5,1663,48.7,129,0,0,0,0,0,0
2524,L01248,L,300.0,308.8,1431,33.4,131,0,0,0,0,0,0
2525,H00512,H,298.1,309.1,1682,32.0,136,0,0,0,0,0,0
2526,L01249,L,301.0,313.4,1735,32.5,138,0,0,0,0,0,0
2527,L01250,L,299.9,310.8,1642,56.0,140,1,0,0,1,0,0
2528,H00513,H,299.0,308.8,1703,42.8,145,0,0,0,0,0,0
2529,L01251,L,302.2,311.9,1618,38.4,147,0,0,0,0,0,0
2530,H00514,H,297.5,307.3,1453,40.4,152,0,0,0,0,0,0
2531,M00766,M,299.2,308.4,1589,41.4,155,0,0,0,0,0,0
2532,H00515,H,302.1,312.3,1436,36.2,160,0,0,0,0,0,0
2533,L01252,L,300.6,309.5,1478,36.9,162,0,0,0,0,0,0
2534,L01253,L,299.9,308.0,1570,39.1,164,0,0,0,0,0,0
2535,M00767,M,300.5,310.7,1556,35.7,167,0,0,0,0,0,0
2536,H00516,H,300.4,310.4,1584,37.6,172,0,0,0,0,0,0
2537,M00768,M,297.0,306.4,1359,42.1,175,0,0,0,0,0,0
2538,L01254,L,299.3,308.0,1523,34.0,177,0,0,0,0,0,0
2539,M00769,M,303.2,313.5,1593,55.7,180,1,0,0,1,0,0
2540,M00770,M,298.7,307.7,1613,44.5,183,0,0,0,0,0,0
2541,M00771,M,299.4,309.2,1619,32.4,186,0,0,0,0,0,0
2542,M00772,M,298.9,310.7,1563,25.1,189,0,0,0,0,0,0
2543,H00517,H,299.8,310.5,1500,35.9,194,0,0,0,0,0,0
2544,M00773,M,298.8,307.5,1588,44.1,197,0,0,0,0,0,0
2545,L01255,L,301.0,309.7,1508,42.9,199,0,0,0,0,0,0
2546,L01256,L,300.4,310.5,1628,39.3,201,0,0,0,0,0,0
2547,L01257,L,301.5,310.2,1581,36.4,203,0,0,0,0,0,0
2548,L01258,L,297.9,305.9,1532,34.6,205,0,0,0,0,0,0
2549,L01259,L,299.3,309.9,1461,37.6,207,0,0,0,0,0,0
2550,L01260,L,299.5,309.9,1650,33.9,209,0,0,0,0,0,0
2551,L01261,L,300.9,311.4,1594,37.6,211,0,0,0,0,0,0
2552,L01262,L,298.4,308.7,1748,48.0,213,0,0,0,0,0,0
2553,H00518,H,301.8,311.8,1591,35.4,218,0,0,0,0,0,0
2554,H00519,H,302.4,311.7,1599,43.7,223,0,0,0,0,0,0
2555,L01263,L,298.0,308.5,1391,44.6,225,0,0,0,0,0,0
2556,H00520,H,299.0,310.5,1569,33.5,230,0,0,0,0,0,0
2557,M00774,M,298.9,308.4,1506,34.9,233,0,0,0,0,0,0
2558,L01264,L,305.3,314.2,1621,46.4,2,0,0,0,0,0,0
2559,L01265,L,299.1,308.0,1571,34.4,4,0,0,0,0,0,0
2560,M00775,M,303.4,312.5,1637,39.7,7,0,0,0,0,0,0
2561,M00776,M,297.5,307.7,1751,52.2,10,1,0,0,1,0,0
2562,M00777,M,298.0,305.9,1458,45.9,13,0,0,0,0,0,0
2563,L01266,L,298.6,309.1,1633,40.5,15,0,0,0,0,0,0
2564,L01267,L,298.3,309.0,1606,45.0,17,0,0,0,0,0,0
2565,L01268,L,299.5,307.7,1736,39.7,19,0,0,0,0,0,0
2566,L01269,L,298.6,307.6,1609,46.1,21,0,0,0,0,0,0
2567,L01270,L,298.4,308.4,1598,27.7,23,0,0,0,0,0,0
2568,L01271,L,302.3,312.2,1623,39.2,25,0,0,0,0,0,0
2569,H00521,H,302.4,313.0,1630,27.5,30,0,0,0,0,0,0
2570,H00522,H,301.9,311.8,1683,41.0,35,0,0,0,0,0,0
2571,L01272,L,301.0,312.3,1456,38.6,37,0,0,0,0,0,0
2572,H00523,H,300.2,309.9,1499,48.2,42,0,0,0,0,0,0
2573,L01273,L,299.0,308.0,1712,44.3,44,0,0,0,0,0,0
2574,L01274,L,298.1,307.0,1342,36.8,46,0,0,0,0,0,0
2575,L01275,L,300.7,311.5,1530,37.6,48,0,0,0,0,0,0
2576,M00778,M,297.7,307.7,1553,42.3,51,0,0,0,0,0,0
2577,H00524,H,298.0,308.6,1520,36.6,56,0,0,0,0,0,0
2578,M00779,M,302.3,312.9,1696,39.8,59,0,0,0,0,0,0
2579,L01276,L,303.8,311.8,1586,47.9,61,0,0,0,0,0,0
2580,M00780,M,300.8,309.6,1499,35.0,64,0,0,0,0,0,0
2581,L01277,L,302.2,311.2,1475,37.3,66,0,0,0,0,0,0
2582,H00525,H,299.5,308.7,1566,38.2,71,0,0,0,0,0,0
2583,M00781,M,297.3,306.9,1655,58.9,74,1,0,0,1,0,0
2584,L01278,L,301.2,312.2,1552,43.6,76,0,0,0,0,0,0
2585,M00782,M,301.1,312.3,1525,46.8,79,0,0,0,0,0,0
2586,M00783,M,300.1,309.9,1468,44.6,82,0,0,0,0,0,0
2587,L01279,L,299.5,309.3,1575,45.0,84,0,0,0,0,0,0
2588,M00784,M,301.9,311.2,1570,42.8,87,0,0,0,0,0,0
2589,L01280,L,298.0,308.1,1466,42.2,89,0,0,0,0,0,0
2590,M00785,M,298.5,308.7,1641,31.3,92,0,0,0,0,0,0
2591,H00526,H,298.0,308.8,1709,42.1,97,0,0,0,0,0,0
2592,H00527,H,300.2,311.0,1543,39.3,102,0,0,0,0,0,0
2593,M00786,M,297.8,305.5,1568,43.3,105,0,0,0,0,0,0
2594,M00787,M,298.6,308.5,1428,39.6,108,0,0,0,0,0,0
2595,L01281,L,298.6,310.0,1612,44.6,110,0,0,0,0,0,0
2596,M00788,M,299.5,309.0,1584,45.6,113,0,0,0,0,0,0
2597,L01282,L,297.0,308.2,1505,22.5,115,0,0,0,0,0,0
2598,L01283,L,300.2,309.9,1464,37.4,117,0,0,0,0,0,0
2599,L01284,L,302.5,312.7,1723,28.9,119,0,0,0,0,0,0
2600,L01285,L,300.3,309.1,1576,41.4,121,0,0,0,0,0,0
2601,M00789,M,303.1,312.0,1446,38.2,124,0,0,0,0,0,0
2602,L01286,L,302.7,313.4,1624,48.1,126,0,0,0,0,0,0
2603,M00790,M,301.6,312.4,1561,41.2,129,0,0,0,0,0,0
2604,L01287,L,300.1,310.2,1544,37.1,131,0,0,0,0,0,0
2605,L01288,L,300.0,308.8,1636,45.6,133,0,0,0,0,0,0
2606,M00791,M,301.5,311.6,1277,38.1,136,0,0,0,0,0,0
2607,L01289,L,299.2,310.5,1357,37.0,138,0,0,0,0,0,0
2608,L01290,L,296.2,308.0,1676,42.4,140,0,0,0,0,0,0
2609,M00792,M,301.0,310.7,1525,49.7,143,0,0,0,0,0,0
2610,L01291,L,297.7,306.1,1495,45.1,145,0,0,0,0,0,0
2611,H00528,H,298.1,308.9,1404,43.4,150,0,0,0,0,0,0
2612,L01292,L,300.0,309.7,1557,56.5,152,1,0,0,1,0,0
2613,L01293,L,299.8,310.8,1570,35.6,154,0,0,0,0,0,0
2614,M00793,M,297.2,307.5,1682,35.5,157,0,0,0,0,0,0
2615,L01294,L,300.3,309.4,1575,40.9,159,0,0,0,0,0,0
2616,L01295,L,301.9,312.0,1508,49.1,161,0,0,0,0,0,0
2617,L01296,L,297.7,309.1,1579,34.3,163,0,0,0,0,0,0
2618,L01297,L,302.5,312.4,1649,50.5,165,0,0,0,0,0,0
2619,H00529,H,296.9,305.8,1627,31.4,170,0,0,0,0,0,0
2620,L01298,L,304.2,312.6,1600,39.3,172,0,0,0,0,0,0
2621,M00794,M,299.2,308.4,1565,41.0,175,0,0,0,0,0,0
2622,H00530,H,300.3,309.9,1480,34.7,180,0,0,0,0,0,0
2623,L01299,L,296.2,307.0,1435,36.3,182,0,0,0,0,0,0
2624,H00531,H,299.9,308.8,1419,44.8,187,0,0,0,0,0,0
2625,L01300,L,300.5,312.0,1577,48.6,189,0,0,0,0,0,0
2626,H00532,H,299.8,308.5,1588,27.3,194,0,0,0,0,0,0
2627,L01301,L,298.9,311.2,1647,41.1,196,0,0,0,0,0,0
2628,M00795,M,298.1,309.8,1594,39.3,199,0,0,0,0,0,0
2629,L01302,L,302.3,312.4,1643,40.6,201,0,0,0,0,0,0
2630,L01303,L,300.1,308.4,1525,38.1,203,0,0,0,0,0,0
2631,M00796,M,303.1,313.0,1615,32.3,206,0,0,0,0,0,0
2632,M00797,M,298.9,308.6,1438,49.3,209,0,0,0,0,0,0
2633,L01304,L,299.1,307.9,1532,47.0,211,0,0,0,0,0,0
2634,L01305,L,301.6,311.9,1355,39.4,213,0,0,0,0,0,0
2635,M00798,M,296.8,305.9,1541,37.1,216,0,0,0,0,0,0
2636,M00799,M,297.6,306.9,1660,36.3,219,0,0,0,0,0,0
2637,H00533,H,302.2,312.0,1545,24.5,224,0,0,0,0,0,0
2638,M00800,M,297.7,307.1,1610,42.1,3,0,0,0,0,0,0
2639,H00534,H,296.4,308.4,1565,44.7,8,0,0,0,0,0,0
2640,M00801,M,303.7,313.2,1481,40.8,11,0,0,0,0,0,0
2641,L01306,L,297.2,307.7,1519,39.5,13,0,0,0,0,0,0
2642,L01307,L,300.4,310.5,1656,40.8,15,0,0,0,0,0,0
2643,M00802,M,300.1,310.5,1610,34.9,18,0,0,0,0,0,0
2644,M00803,M,294.4,304.8,1476,37.0,21,0,0,0,0,0,0
2645,L01308,L,299.5,310.3,1399,39.0,23,0,0,0,0,0,0
2646,L01309,L,300.9,311.2,1559,44.2,25,0,0,0,0,0,0
2647,H00535,H,300.7,310.9,1480,48.3,30,0,0,0,0,0,0
2648,M00804,M,301.8,311.9,1520,38.6,33,0,0,0,0,0,0
2649,L01310,L,299.2,309.1,1393,33.7,35,0,0,0,0,0,0
2650,L01311,L,301.4,310.5,1642,40.2,37,0,0,0,0,0,0
2651,L01312,L,298.6,308.6,1528,52.1,39,0,0,0,0,0,0
2652,L01313,L,297.2,307.4,1543,34.3,41,0,0,0,0,0,0
2653,L01314,L,297.4,307.8,1455,45.3,43,0,0,0,0,0,0
2654,L01315,L,297.1,307.3,1510,48.0,45,0,0,0,0,0,0
2655,M00805,M,302.0,311.8,1550,37.8,48,0,0,0,0,0,0
2656,L01316,L,297.0,306.9,1477,35.8,50,0,0,0,0,0,0
2657,H00536,H,300.5,310.0,1516,43.4,55,0,0,0,0,0,0
2658,H00537,H,299.5,309.8,1677,42.1,60,0,0,0,0,0,0
2659,L01317,L,299.8,309.6,1363,44.2,62,0,0,0,0,0,0
2660,M00806,M,302.7,312.9,1556,52.4,65,0,0,0,0,0,0
2661,L01318,L,299.1,310.1,1459,41.0,67,0,0,0,0,0,0
2662,H00538,H,301.2,310.5,1672,32.8,72,0,0,0,0,0,0
2663,L01319,L,300.1,310.7,1520,40.4,74,0,0,0,0,0,0
2664,M00807,M,299.7,309.7,1433,41.4,77,0,0,0,0,0,0
2665,M00808,M,304.6,316.6,1516,47.6,80,0,0,0,0,0,0
2666,L01320,L,297.1,306.9,1573,38.8,82,0,0,0,0,0,0
2667,L01321,L,302.6,313.3,1816,37.5,84,0,0,0,0,0,0
2668,M00809,M,301.3,311.3,1327,31.8,87,0,0,0,0,0,0
2669,M00810,M,299.0,307.7,1418,43.3,90,0,0,0,0,0,0
2670,L01322,L,303.3,312.7,1669,60.1,92,1,0,0,1,0,0
2671,M00811,M,296.3,307.2,1387,38.7,95,0,0,0,0,0,0
2672,L01323,L,299.0,308.5,1539,42.7,97,0,0,0,0,0,0
2673,M00812,M,297.6,305.4,1490,36.7,100,0,0,0,0,0,0
2674,L01324,L,300.8,310.8,1474,32.3,102,0,0,0,0,0,0
2675,H00539,H,297.8,306.7,1521,42.6,107,0,0,0,0,0,0
2676,L01325,L,300.9,311.0,1505,40.2,109,0,0,0,0,0,0
2677,L01326,L,299.6,311.2,1644,25.7,111,0,0,0,0,0,0
2678,L01327,L,299.0,309.8,1671,49.7,113,0,0,0,0,0,0
2679,L01328,L,300.8,312.3,1581,42.5,115,0,0,0,0,0,0
2680,M00813,M,299.5,308.9,1514,40.4,118,0,0,0,0,0,0
2681,L01329,L,297.8,307.7,1564,37.5,120,0,0,0,0,0,0
2682,H00540,H,305.6,314.6,1619,42.4,125,0,0,0,0,0,0
2683,L01330,L,299.0,308.3,1638,42.7,127,0,0,0,0,0,0
2684,L01331,L,295.6,304.6,1575,42.4,129,0,0,0,0,0,0
2685,L01332,L,298.3,307.0,1691,46.4,131,0,0,0,0,0,0
2686,L01333,L,297.5,308.8,1476,47.8,133,0,0,0,0,0,0
2687,L01334,L,301.7,309.6,1652,52.0,135,1,0,0,1,0,0
2688,L01335,L,300.6,312.0,1608,35.0,137,0,0,0,0,0,0
2689,L01336,L,300.8,312.0,1477,36.6,139,0,0,0,0,0,0
2690,L01337,L,299.3,309.8,1561,42.2,141,0,0,0,0,0,0
2691,M00814,M,299.4,308.3,1568,35.3,144,0,0,0,0,0,0
2692,M00815,M,299.3,307.7,1524,36.3,147,0,0,0,0,0,0
2693,L01338,L,299.8,309.3,1523,42.9,149,0,0,0,0,0,0
2694,L01339,L,301.7,312.3,1386,45.4,151,0,0,0,0,0,0
2695,H00541,H,300.7,310.7,1469,47.7,156,0,0,0,0,0,0
2696,M00816,M,301.0,310.0,1514,38.8,159,0,0,0,0,0,0
2697,M00817,M,301.0,312.1,1481,42.8,162,0,0,0,0,0,0
2698,L01340,L,301.8,313.5,1452,41.5,164,0,0,0,0,0,0
2699,M00818,M,300.6,310.3,1644,40.1,167,0,0,0,0,0,0
2700,M00819,M,300.7,310.8,1528,35.1,170,0,0,0,0,0,0
2701,M00820,M,302.4,310.9,1755,34.3,173,0,0,0,0,0,0
2702,H00542,H,298.7,308.3,1560,44.0,178,0,0,0,0,0,0
2703,L01341,L,298.3,308.8,1642,35.0,180,0,0,0,0,0,0
2704,L01342,L,297.6,308.0,1517,29.3,182,0,0,0,0,0,0
2705,M00821,M,300.4,309.9,1472,39.8,185,0,0,0,0,0,0
2706,H00543,H,296.3,306.0,1564,48.7,190,0,0,0,0,0,0
2707,L01343,L,300.9,310.5,1668,23.2,192,0,0,0,0,0,0
2708,L01344,L,299.8,309.5,1529,38.3,194,0,0,0,0,0,0
2709,L01345,L,302.3,312.7,1583,44.1,196,0,0,0,0,0,0
2710,L01346,L,298.7,306.7,1564,29.1,198,0,0,0,0,0,0
2711,M00822,M,299.6,309.5,1528,38.7,201,0,0,0,0,0,0
2712,M00823,M,302.2,312.6,1533,33.2,204,0,0,0,0,0,0
2713,L01347,L,302.8,312.2,1438,34.0,206,0,0,0,0,0,0
2714,L01348,L,298.6,308.2,1537,37.6,208,0,0,0,0,0,0
2715,L01349,L,300.4,309.9,1603,33.3,2,0,0,0,0,0,0
2716,L01350,L,300.6,310.1,1568,32.8,4,0,0,0,0,0,0
2717,M00824,M,300.7,310.8,1556,39.6,7,0,0,0,0,0,0
2718,H00544,H,299.5,309.6,1611,53.4,12,1,0,0,1,0,0
2719,H00545,H,302.6,310.5,1557,44.5,17,0,0,0,0,0,0
2720,L01351,L,296.2,306.9,1539,46.1,19,0,0,0,0,0,0
2721,H00546,H,299.2,308.9,1612,44.8,24,0,0,0,0,0,0
2722,M00825,M,300.9,312.8,1552,35.8,27,0,0,0,0,0,0
2723,M00826,M,300.9,309.7,1514,41.9,30,0,0,0,0,0,0
2724,L01352,L,302.7,311.8,1585,46.6,32,0,0,0,0,0,0
2725,L01353,L,302.4,312.2,1534,45.0,34,0,0,0,0,0,0
2726,L01354,L,299.4,309.8,1510,41.2,36,0,0,0,0,0,0
2727,L01355,L,302.6,310.6,1554,43.1,38,0,0,0,0,0,0
2728,L01356,L,298.6,307.7,1555,54.8,40,0,0,0,0,0,0
2729,L01357,L,301.9,312.5,1428,45.0,42,0,0,0,0,0,0
2730,L01358,L,303.6,312.7,1571,38.1,44,0,0,0,0,0,0
2731,M00827,M,302.4,313.8,1723,39.6,47,0,0,0,0,0,0
2732,L01359,L,300.2,309.8,1440,33.7,49,0,0,0,0,0,0
2733,L01360,L,299.3,308.4,1488,54.1,51,0,0,0,0,0,0
2734,H00547,H,296.9,307.6,1816,49.6,56,1,0,0,1,0,0
2735,H00548,H,300.6,312.2,1456,40.5,61,0,0,0,0,0,0
2736,M00828,M,297.8,308.2,1667,53.1,64,1,0,0,1,0,0
2737,H00549,H,298.4,309.7,1515,43.8,69,0,0,0,0,0,0
2738,M00829,M,297.6,309.3,1544,37.4,72,0,0,0,0,0,0
2739,H00550,H,299.1,308.2,1525,45.4,77,0,0,0,0,0,0
2740,L01361,L,299.9,310.9,1581,42.4,79,0,0,0,0,0,0
2741,L01362,L,300.5,309.0,1380,45.0,81,0,0,0,0,0,0
2742,L01363,L,298.8,309.2,1557,31.8,83,0,0,0,0,0,0
2743,L01364,L,302.1,312.1,1498,35.1,85,0,0,0,0,0,0
2744,L01365,L,299.6,310.8,1352,48.9,87,0,0,0,0,0,0
2745,M00830,M,298.4,309.6,1650,50.2,90,0,0,0,0,0,0
2746,M00831,M,300.5,311.0,1327,48.5,93,0,0,0,0,0,0
2747,M00832,M,303.9,314.2,1753,53.3,96,1,0,0,1,0,0
2748,L01366,L,300.7,311.2,1600,43.5,98,0,0,0,0,0,0
2749,H00551,H,299.3,309.3,1402,43.0,103,0,0,0,0,0,0
2750,M00833,M,296.9,306.9,1672,34.5,106,0,0,0,0,0,0
2751,L01367,L,299.6,311.0,1463,36.5,108,0,0,0,0,0,0
2752,M00834,M,300.5,312.0,1468,28.1,111,0,0,0,0,0,0
2753,L01368,L,299.2,309.1,1358,38.1,113,0,0,0,0,0,0
2754,L01369,L,296.7,306.9,1452,27.6,115,0,0,0,0,0,0
2755,H00552,H,298.3,308.4,1463,46.5,120,0,0,0,0,0,0
2756,L01370,L,302.9,311.3,1620,42.3,122,0,0,0,0,0,0
2757,L01371,L,302.9,312.5,1655,27.8,124,0,0,0,0,0,0
2758,H00553,H,298.2,309.8,1414,38.9,129,0,0,0,0,0,0
2759,M00835,M,301.3,310.6,1565,51.8,132,0,0,0,0,0,0
2760,L01372,L,297.6,309.8,1354,39.2,134,0,0,0,0,0,0
2761,L01373,L,302.8,314.0,1565,34.0,136,0,0,0,0,0,0
2762,L01374,L,300.5,310.9,1754,29.3,138,0,0,0,0,0,0
2763,M00836,M,301.9,312.5,1360,29.5,141,0,0,0,0,0,0
2764,L01375,L,296.6,305.7,1437,43.2,143,0,0,0,0,0,0
2765,L01376,L,301.4,311.1,1611,37.4,145,0,0,0,0,0,0
2766,H00554,H,300.0,311.4,1623,37.9,150,0,0,0,0,0,0
2767,M00837,M,301.7,311.1,1444,37.4,153,0,0,0,0,0,0
2768,L01377,L,301.8,312.9,1685,39.2,155,0,0,0,0,0,0
2769,M00838,M,300.1,308.8,1456,32.6,158,0,0,0,0,0,0
2770,M00839,M,298.8,307.6,1705,41.9,161,0,0,0,0,0,0
2771,L01378,L,301.6,313.5,1585,31.5,163,0,0,0,0,0,0
2772,L01379,L,299.9,309.9,1665,35.5,165,0,0,0,0,0,0
2773,H00555,H,298.3,307.7,1575,46.1,170,0,0,0,0,0,0
2774,L01380,L,298.2,309.5,1604,42.3,172,0,0,0,0,0,0
2775,M00840,M,297.0,308.3,1609,44.1,175,0,0,0,0,0,0
2776,L01381,L,299.0,309.9,1652,52.9,177,1,0,0,1,0,0
2777,L01382,L,302.2,311.6,1535,39.6,179,0,0,0,0,0,0
2778,L01383,L,300.4,310.1,1448,40.1,181,0,0,0,0,0,0
2779,L01384,L,298.9,309.3,1530,38.4,183,0,0,0,0,0,0
2780,L01385,L,301.6,312.3,1471,37.3,185,0,0,0,0,0,0
2781,L01386,L,298.3,307.8,1478,33.9,187,0,0,0,0,0,0
2782,H00556,H,300.2,310.4,1703,40.5,192,0,0,0,0,0,0
2783,H00557,H,299.6,309.9,1600,42.1,197,0,0,0,0,0,0
2784,M00841,M,301.6,312.8,1596,42.5,200,0,0,0,0,0,0
2785,H00558,H,296.8,307.6,1645,40.4,205,0,0,0,0,0,0
2786,L01387,L,298.3,306.8,1600,45.6,207,0,0,0,0,0,0
2787,H00559,H,296.7,306.5,1725,40.2,212,0,0,0,0,0,0
2788,L01388,L,299.5,308.6,1329,37.5,214,0,0,0,0,0,0
2789,H00560,H,302.4,313.0,1438,34.4,219,0,0,0,0,0,0
2790,H00561,H,299.0,309.9,1468,30.7,224,0,0,0,0,0,0
2791,M00842,M,299.0,309.1,1400,48.8,227,0,0,0,0,0,0
2792,H00562,H,301.7,311.5,1549,35.8,232,0,0,0,0,0,0
2793,M00843,M,302.1,312.2,1554,34.4,235,0,0,0,0,0,0
2794,L01389,L,299.8,310.0,1736,37.5,2,0,0,0,0,0,0
2795,L01390,L,301.4,310.7,1628,38.3,4,0,0,0,0,0,0
2796,M00844,M,297.8,306.6,1487,49.8,7,0,0,0,0,0,0
2797,L01391,L,302.8,310.7,1587,38.0,9,0,0,0,0,0,0
2798,M00845,M,304.3,315.6,1355,55.8,12,0,0,0,0,0,0
2799,H00563,H,301.0,311.5,1552,40.4,17,0,0,0,0,0,0
2800,L01392,L,295.8,306.2,1547,52.3,19,0,0,0,0,0,0
2801,M00846,M,298.9,310.1,1448,45.4,22,0,0,0,0,0,0
2802,H00564,H,301.2,310.0,1518,42.2,27,0,0,0,0,0,0
2803,H00565,H,299.2,307.4,1469,49.5,32,0,0,0,0,0,0
2804,H00566,H,302.5,312.9,1445,46.7,37,0,0,0,0,0,0
2805,M00847,M,301.2,311.5,1605,43.8,40,0,0,0,0,0,0
2806,H00567,H,298.6,306.9,1641,53.9,45,1,0,0,1,0,0
2807,M00848,M,300.1,310.4,1589,37.0,48,0,0,0,0,0,0
2808,L01393,L,298.2,307.8,1494,34.0,50,0,0,0,0,0,0
2809,L01394,L,299.6,308.8,1472,35.9,52,0,0,0,0,0,0
2810,M00849,M,298.9,308.6,1497,50.5,55,0,0,0,0,0,0
2811,L01395,L,302.3,309.9,1516,48.7,57,0,0,0,0,0,0
2812,M00850,M,304.2,313.6,1451,36.8,60,0,0,0,0,0,0
2813,M00851,M,297.1,306.4,1643,25.9,63,0,0,0,0,0,0
2814,L01396,L,296.2,306.7,1518,38.8,65,0,0,0,0,0,0
2815,M00852,M,299.5,309.4,1614,33.9,68,0,0,0,0,0,0
2816,M00853,M,297.0,307.6,1398,37.0,71,0,0,0,0,0,0
2817,L01397,L,300.1,307.5,1469,33.7,73,0,0,0,0,0,0
2818,L01398,L,301.5,310.7,1624,30.3,75,0,0,0,0,0,0
2819,L01399,L,303.0,313.5,1625,51.3,77,0,0,0,0,0,0
2820,L01400,L,300.4,310.1,1418,35.9,79,0,0,0,0,0,0
2821,H00568,H,299.6,310.5,1568,48.5,84,0,0,0,0,0,0
2822,L01401,L,296.0,304.2,1571,38.7,86,0,0,0,0,0,0
2823,M00854,M,300.1,310.8,1467,33.2,89,0,0,0,0,0,0
2824,L01402,L,300.1,309.5,1574,43.1,91,0,0,0,0,0,0
2825,L01403,L,301.3,310.5,1380,37.7,93,0,0,0,0,0,0
2826,H00569,H,298.6,309.6,1445,38.8,98,0,0,0,0,0,0
2827,M00855,M,299.1,310.3,1598,40.9,101,0,0,0,0,0,0
2828,L01404,L,297.0,308.1,1541,35.1,103,0,0,0,0,0,0
2829,L01405,L,295.4,307.5,1546,30.3,105,0,0,0,0,0,0
2830,L01406,L,297.8,309.0,1520,39.7,107,0,0,0,0,0,0
2831,L01407,L,296.9,306.1,1592,45.8,109,0,0,0,0,0,0
2832,M00856,M,300.7,310.8,1597,34.6,112,0,0,0,0,0,0
2833,L01408,L,299.0,308.6,1617,40.9,114,0,0,0,0,0,0
2834,L01409,L,298.9,311.0,1551,49.0,116,0,0,0,0,0,0
2835,L01410,L,298.0,309.1,1499,39.5,118,0,0,0,0,0,0
2836,H00570,H,293.5,303.3,1482,40.5,123,0,0,0,0,0,0
2837,H00571,H,303.0,313.9,1432,40.3,128,0,0,0,0,0,0
2838,L01411,L,298.0,306.8,1498,35.9,130,0,0,0,0,0,0
2839,M00857,M,299.2,309.4,1477,34.0,133,0,0,0,0,0,0
2840,L01412,L,297.1,306.2,1698,34.1,135,0,0,0,0,0,0
2841,L01413,L,301.9,310.3,1433,42.2,137,0,0,0,0,0,0
2842,M00858,M,300.3,311.1,1642,44.5,140,0,0,0,0,0,0
2843,H00572,H,298.3,309.3,1511,44.8,145,0,0,0,0,0,0
2844,H00573,H,299.2,309.7,1517,37.7,150,0,0,0,0,0,0
2845,M00859,M,303.4,313.2,1578,46.6,153,0,0,0,0,0,0
2846,L01414,L,299.9,308.6,1396,41.8,155,0,0,0,0,0,0
2847,M00860,M,299.6,308.5,1458,40.4,158,0,0,0,0,0,0
2848,L01415,L,298.1,307.1,1414,20.0,160,1,0,0,1,0,0
2849,M00861,M,296.2,306.0,1500,35.1,163,0,0,0,0,0,0
2850,L01416,L,299.7,310.8,1447,30.9,165,0,0,0,0,0,0
2851,M00862,M,300.7,311.7,1670,43.8,168,0,0,0,0,0,0
2852,L01417,L,302.2,310.6,1480,40.6,170,0,0,0,0,0,0
2853,L01418,L,295.5,304.8,1300,33.6,172,0,0,0,0,0,0
2854,H00574,H,297.7,307.0,1505,41.8,177,0,0,0,0,0,0
2855,L01419,L,298.8,306.3,1619,31.5,179,0,0,0,0,0,0
2856,M00863,M,300.0,310.6,1701,33.7,182,0,0,0,0,0,0
2857,L01420,L,299.7,309.5,1515,35.7,184,0,0,0,0,0,0
2858,L01421,L,299.8,309.6,1486,43.2,186,0,0,0,0,0,0
2859,L01422,L,300.8,312.2,1537,48.4,188,0,0,0,0,0,0
2860,L01423,L,298.2,308.3,1580,36.5,190,0,0,0,0,0,0
2861,H00575,H,301.9,311.4,1425,47.9,195,0,0,0,0,0,0
2862,L01424,L,300.9,311.4,1514,40.3,197,0,0,0,0,0,0
2863,H00576,H,299.4,310.4,1533,41.4,202,0,0,0,0,0,0
2864,M00864,M,303.2,313.5,1543,39.6,205,0,0,0,0,0,0
2865,L01425,L,303.1,313.8,1524,38.8,207,0,0,0,0,0,0
2866,M00865,M,301.9,311.7,1444,42.6,210,0,0,0,0,0,0
2867,M00866,M,294.0,303.9,1572,44.4,213,0,0,0,0,0,0
2868,M00867,M,303.2,313.3,1534,34.7,216,0,0,0,0,0,0
2869,L01426,L,301.6,310.8,1533,38.9,218,0,0,0,0,0,0
2870,L01427,L,304.0,313.4,1430,50.0,220,1,0,0,0,1,0
2871,H00577,H,302.5,313.9,1602,41.1,225,0,0,0,0,0,0
2872,H00578,H,303.2,315.2,1443,41.7,230,0,0,0,0,0,0
2873,H00579,H,301.8,313.3,1700,47.0,235,0,0,0,0,0,0
2874,L01428,L,302.7,311.4,1420,37.0,237,0,0,0,0,0,0
2875,M00868,M,304.0,312.6,1614,39.8,3,0,0,0,0,0,0
2876,L01429,L,300.4,309.2,1347,44.9,5,0,0,0,0,0,0
2877,L01430,L,296.9,307.0,1312,47.4,7,0,0,0,0,0,0
2878,L01431,L,299.4,306.6,1483,25.8,9,0,0,0,0,0,0
2879,M00869,M,300.8,310.2,1312,35.6,12,0,0,0,0,0,0
2880,L01432,L,300.1,311.6,1611,34.0,14,0,0,0,0,0,0
2881,L01433,L,297.5,308.5,1536,39.3,16,0,0,0,0,0,0
2882,H00580,H,296.7,306.2,1678,34.5,21,0,0,0,0,0,0
2883,L01434,L,298.5,308.1,1521,44.0,23,0,0,0,0,0,0
2884,L01435,L,301.6,312.2,1562,41.0,25,0,0,0,0,0,0
2885,L01436,L,303.2,314.1,1511,45.3,27,0,0,0,0,0,0
2886,H00581,H,301.8,311.3,1451,45.7,32,0,0,0,0,0,0
2887,M00870,M,302.1,311.9,1497,44.1,35,0,0,0,0,0,0
2888,L01437,L,299.8,309.3,1418,38.0,37,0,0,0,0,0,0
2889,H00582,H,296.5,305.2,1577,40.6,42,0,0,0,0,0,0
2890,H00583,H,299.1,308.9,1507,37.2,47,0,0,0,0,0,0
2891,L01438,L,299.5,309.2,1528,31.8,49,0,0,0,0,0,0
2892,M00871,M,299.0,307.7,1820,45.7,52,0,0,0,0,0,0
2893,M00872,M,300.1,310.8,1498,39.5,55,0,0,0,0,0,0
2894,M00873,M,300.9,311.4,1569,31.0,58,0,0,0,0,0,0
2895,L01439,L,301.7,312.4,1533,43.2,60,0,0,0,0,0,0
2896,H00584,H,299.4,308.7,1654,38.7,65,0,0,0,0,0,0
2897,M00874,M,296.2,304.2,1562,27.6,68,0,0,0,0,0,0
2898,L01440,L,299.0,309.5,1511,31.8,70,0,0,0,0,0,0
2899,L01441,L,300.1,309.4,1767,35.8,72,0,0,0,0,0,0
2900,L01442,L,302.4,311.6,1452,41.3,74,0,0,0,0,0,0
2901,L01443,L,298.9,307.6,1519,44.7,76,0,0,0,0,0,0
2902,M00875,M,301.0,310.7,1630,44.5,79,0,0,0,0,0,0
2903,L01444,L,300.6,312.2,1456,43.6,81,0,0,0,0,0,0
2904,L01445,L,300.1,309.6,1615,39.8,83,0,0,0,0,0,0
2905,M00876,M,301.9,310.8,1490,50.3,86,0,0,0,0,0,0
2906,L01446,L,298.7,309.3,1638,44.2,88,0,0,0,0,0,0
2907,H00585,H,298.8,309.0,1636,41.3,93,0,0,0,0,0,0
2908,L01447,L,300.0,307.9,1529,43.4,95,0,0,0,0,0,0
2909,L01448,L,298.7,309.4,1438,37.6,97,0,0,0,0,0,0
2910,L01449,L,301.0,313.1,1499,39.7,99,0,0,0,0,0,0
2911,L01450,L,298.6,306.0,1537,27.5,101,0,0,0,0,0,0
2912,L01451,L,300.5,309.2,1627,37.7,103,0,0,0,0,0,0
2913,M00877,M,299.8,307.0,1570,50.6,106,0,0,0,0,0,0
2914,H00586,H,300.4,310.4,1592,40.9,111,0,0,0,0,0,0
2915,L01452,L,299.1,310.1,1573,40.6,113,0,0,0,0,0,0
2916,M00878,M,299.3,309.4,1623,46.0,116,0,0,0,0,0,0
2917,M00879,M,300.2,311.6,1518,42.1,119,0,0,0,0,0,0
2918,H00587,H,300.4,311.2,1554,35.3,124,0,0,0,0,0,0
2919,L01453,L,300.0,311.7,1541,40.1,126,0,0,0,0,0,0
2920,L01454,L,303.4,314.6,1494,33.2,128,0,0,0,0,0,0
2921,L01455,L,298.0,307.6,1639,41.1,130,0,0,0,0,0,0
2922,M00880,M,299.9,309.9,1637,35.0,133,0,0,0,0,0,0
2923,H00588,H,296.9,306.0,1659,45.6,138,0,0,0,0,0,0
2924,L01456,L,300.7,310.5,1462,36.9,140,0,0,0,0,0,0
2925,L01457,L,297.8,307.8,1573,35.1,142,0,0,0,0,0,0
2926,H00589,H,299.4,309.4,1647,39.3,147,0,0,0,0,0,0
2927,H00590,H,299.3,310.6,1688,42.2,152,0,0,0,0,0,0
2928,H00591,H,300.6,310.2,1387,32.8,157,0,0,0,0,0,0
2929,M00881,M,298.9,308.0,1538,36.9,160,0,0,0,0,0,0
2930,L01458,L,298.8,307.9,1519,40.6,162,0,0,0,0,0,0
2931,M00882,M,302.9,313.5,1697,48.0,165,0,0,0,0,0,0
2932,M00883,M,300.6,309.2,1317,24.8,168,1,0,1,1,0,0
2933,L01459,L,298.9,308.7,1433,43.7,170,0,0,0,0,0,0
2934,M00884,M,299.5,310.8,1681,37.7,173,0,0,0,0,0,0
2935,M00885,M,303.3,313.6,1491,37.0,176,0,0,0,0,0,0
2936,L01460,L,299.5,309.5,1408,35.9,178,0,0,0,0,0,0
2937,M00886,M,298.6,308.6,1689,37.8,181,0,0,0,0,0,0
2938,M00887,M,298.6,307.6,1395,43.7,184,0,0,0,0,0,0
2939,H00592,H,298.9,308.0,1640,36.8,189,0,0,0,0,0,0
2940,L01461,L,298.8,308.6,1382,50.0,191,0,0,0,0,0,0
2941,L01462,L,297.4,307.7,1394,43.7,193,0,0,0,0,0,0
2942,M00888,M,297.8,308.7,1558,41.2,196,0,0,0,0,0,0
2943,L01463,L,298.3,308.4,1453,39.0,198,0,0,0,0,0,0
2944,M00889,M,301.2,312.5,1565,47.1,201,0,0,0,0,0,0
2945,M00890,M,299.2,310.8,1718,48.0,204,0,0,0,0,0,0
2946,L01464,L,299.6,310.4,1522,33.0,2,0,0,0,0,0,0
2947,M00891,M,302.5,313.8,1701,35.8,5,0,0,0,0,0,0
2948,M00892,M,302.6,311.6,1570,43.8,8,0,0,0,0,0,0
2949,L01465,L,299.4,308.3,1634,45.6,10,0,0,0,0,0,0
2950,H00593,H,298.7,309.3,1303,38.2,15,0,0,0,0,0,0
2951,H00594,H,298.3,306.9,1602,35.5,20,0,0,0,0,0,0
2952,M00893,M,301.4,311.1,1586,40.5,23,0,0,0,0,0,0
2953,M00894,M,299.6,310.4,1502,48.9,26,0,0,0,0,0,0
2954,L01466,L,299.2,310.6,1728,40.2,28,0,0,0,0,0,0
2955,H00595,H,298.4,308.1,1489,32.4,33,1,0,0,0,0,1
2956,M00895,M,298.5,307.8,1377,40.7,36,0,0,0,0,0,0
2957,M00896,M,300.6,311.0,1616,44.7,39,0,0,0,0,0,0
2958,H00596,H,297.4,306.3,1396,39.4,44,0,0,0,0,0,0
2959,L01467,L,302.0,311.8,1546,47.5,46,0,0,0,0,0,0
2960,H00597,H,298.9,308.9,1672,45.2,51,0,0,0,0,0,0
2961,L01468,L,299.7,309.7,1588,39.6,53,0,0,0,0,0,0
2962,L01469,L,297.3,307.4,1513,40.3,55,0,0,0,0,0,0
2963,L01470,L,300.0,309.1,1503,28.9,57,0,0,0,0,0,0
2964,H00598,H,299.3,308.6,1665,47.3,62,0,0,0,0,0,0
2965,H00599,H,299.9,309.2,1416,38.0,67,0,0,0,0,0,0
2966,M00897,M,302.9,311.3,1616,37.6,70,0,0,0,0,0,0
2967,M00898,M,300.4,310.7,1757,36.7,73,0,0,0,0,0,0
2968,M00899,M,298.4,309.3,1592,42.7,76,0,0,0,0,0,0
2969,H00600,H,298.6,309.4,1514,33.2,81,0,0,0,0,0,0
2970,L01471,L,301.2,310.9,1522,34.1,83,0,0,0,0,0,0
2971,L01472,L,302.6,311.8,1490,39.7,85,0,0,0,0,0,0
2972,L01473,L,300.6,311.3,1473,36.2,87,0,0,0,0,0,0
2973,M00900,M,301.4,312.0,1550,42.0,90,0,0,0,0,0,0
2974,M00901,M,301.2,311.4,1606,36.5,93,0,0,0,0,0,0
2975,L01474,L,302.8,314.6,1699,49.6,95,0,0,0,0,0,0
2976,L01475,L,296.1,306.1,1342,44.2,97,0,0,0,0,0,0
2977,H00601,H,301.3,311.1,1294,44.1,102,0,0,0,0,0,0
2978,L01476,L,302.0,311.6,1701,36.4,104,0,0,0,0,0,0
2979,M00902,M,297.3,305.8,1544,54.4,107,0,0,0,0,0,0
2980,H00602,H,298.2,308.9,1549,37.4,112,0,0,0,0,0,0
2981,L01477,L,298.3,308.2,1588,35.7,114,0,0,0,0,0,0
2982,L01478,L,298.5,309.1,1519,44.2,116,0,0,0,0,0,0
2983,M00903,M,299.0,310.9,1736,41.2,119,0,0,0,0,0,0
2984,H00603,H,300.5,310.1,1587,35.1,124,0,0,0,0,0,0
2985,M00904,M,301.7,309.4,1493,53.2,127,0,0,0,0,0,0
2986,H00604,H,302.2,312.6,1502,45.9,132,0,0,0,0,0,0
2987,L01479,L,298.3,308.5,1524,40.0,134,0,0,0,0,0,0
2988,M00905,M,298.3,307.6,1460,54.4,137,0,0,0,0,0,0
2989,M00906,M,302.6,313.0,1707,44.9,140,0,0,0,0,0,0
2990,H00605,H,301.3,312.1,1550,39.9,145,0,0,0,0,0,0
2991,L01480,L,300.2,309.2,1421,53.7,147,0,0,0,0,0,0
2992,H00606,H,300.9,310.6,1579,44.0,152,0,0,0,0,0,0
2993,M00907,M,299.9,311.4,1682,43.7,155,0,0,0,0,0,0
2994,L01481,L,301.0,310.3,1644,37.7,157,0,0,0,0,0,0
2995,L01482,L,299.3,309.4,1462,40.3,159,0,0,0,0,0,0
2996,H00607,H,300.5,307.9,1427,37.5,164,0,0,0,0,0,0
2997,L01483,L,297.0,305.5,1681,48.6,166,0,0,0,0,0,0
2998,L01484,L,298.6,308.8,1376,30.3,168,0,0,0,0,0,0
2999,L01485,L,298.6,309.9,1575,48.2,170,0,0,0,0,0,0
3000,H00608,H,299.3,307.9,1481,34.7,175,0,0,0,0,0,0
3001,M00908,M,298.1,308.2,1669,39.7,178,0,0,0,0,0,0
3002,M00909,M,298.9,308.6,1433,38.2,181,0,0,0,0,0,0
3003,L01486,L,297.0,307.9,1458,36.9,183,0,0,0,0,0,0
3004,M00910,M,301.1,309.9,1600,44.1,186,0,0,0,0,0,0
3005,M00911,M,299.8,310.3,1618,40.0,189,0,0,0,0,0,0
3006,H00609,H,296.6,305.9,1674,36.0,194,0,0,0,0,0,0
3007,H00610,H,298.3,308.6,1585,40.9,199,0,0,0,0,0,0
3008,L01487,L,300.7,310.7,1573,35.8,201,0,0,0,0,0,0
3009,M00912,M,298.9,308.7,1643,36.8,204,0,0,0,0,0,0
3010,L01488,L,298.6,309.1,1401,31.0,206,0,0,0,0,0,0
3011,M00913,M,299.9,309.9,1450,37.3,209,0,0,0,0,0,0
3012,L01489,L,300.7,310.6,1409,43.0,211,0,0,0,0,0,0
3013,L01490,L,297.1,306.8,1269,40.2,213,0,0,0,0,0,0
3014,L01491,L,301.1,311.2,1622,50.9,215,0,0,0,0,0,0
3015,M00914,M,298.4,308.6,1681,55.7,218,1,0,0,1,1,0
3016,L01492,L,300.0,309.0,1594,37.2,220,0,0,0,0,0,0
3017,M00915,M,299.9,309.6,1576,35.0,223,0,0,0,0,0,0
3018,L01493,L,298.9,307.9,1546,46.8,225,0,0,0,0,0,0
3019,L01494,L,298.0,307.9,1544,42.0,227,0,0,0,0,0,0
3020,M00916,M,299.4,308.8,1708,46.8,230,0,0,0,0,0,0
3021,L01495,L,303.3,314.0,1693,42.4,2,0,0,0,0,0,0
3022,L01496,L,297.3,307.9,1479,38.8,4,0,0,0,0,0,0
3023,M00917,M,303.4,312.5,1649,38.9,7,0,0,0,0,0,0
3024,L01497,L,299.5,309.5,1661,42.6,9,0,0,0,0,0,0
3025,L01498,L,300.1,310.7,1603,38.7,11,0,0,0,0,0,0
3026,L01499,L,297.8,307.7,1577,47.3,13,0,0,0,0,0,0
3027,H00611,H,298.5,307.7,1573,32.2,18,0,0,0,0,0,0
3028,M00918,M,299.0,307.9,1390,47.3,21,0,0,0,0,0,0
3029,M00919,M,297.9,308.8,1381,28.8,24,0,0,0,0,0,0
3030,M00920,M,299.6,310.5,1616,40.9,27,0,0,0,0,0,0
3031,L01500,L,299.2,309.0,1428,38.0,29,0,0,0,0,0,0
3032,L01501,L,303.7,314.5,1399,30.9,31,0,0,0,0,0,0
3033,M00921,M,297.7,304.7,1330,27.6,34,1,0,1,0,0,0
3034,L01502,L,300.2,311.5,1490,33.4,36,0,0,0,0,0,0
3035,L01503,L,300.5,310.3,1575,40.3,38,0,0,0,0,0,0
3036,L01504,L,297.9,308.0,1583,36.4,40,0,0,0,0,0,0
3037,L01505,L,301.4,311.1,1623,33.8,42,0,0,0,0,0,0
3038,H00612,H,299.2,310.6,1499,48.1,47,0,0,0,0,0,0
3039,L01506,L,295.0,304.0,1549,32.6,49,0,0,0,0,0,0
3040,M00922,M,301.3,312.8,1623,44.1,52,0,0,0,0,0,0
3041,L01507,L,297.8,308.2,1584,34.7,54,0,0,0,0,0,0
3042,H00613,H,297.9,308.5,1480,33.3,59,0,0,0,0,0,0
3043,L01508,L,301.4,311.0,1568,36.4,61,0,0,0,0,0,0
3044,L01509,L,299.3,308.0,1340,43.7,63,0,0,0,0,0,0
3045,M00923,M,301.8,312.8,1538,31.8,66,0,0,0,0,0,0
3046,M00924,M,302.4,312.7,1476,41.7,69,0,0,0,0,0,0
3047,L01510,L,298.7,310.1,1690,34.2,71,0,0,0,0,0,0
3048,L01511,L,301.6,311.4,1440,35.3,73,0,0,0,0,0,0
3049,L01512,L,298.5,308.1,1550,42.4,75,0,0,0,0,0,0
3050,L01513,L,304.5,315.9,1495,53.0,77,0,0,0,0,0,0
3051,L01514,L,298.6,310.5,1482,34.5,79,0,0,0,0,0,0
3052,L01515,L,302.1,312.1,1576,44.3,81,0,0,0,0,0,0
3053,L01516,L,301.7,310.9,1496,38.1,83,0,0,0,0,0,0
3054,L01517,L,300.6,311.4,1723,37.2,85,0,0,0,0,0,0
3055,M00925,M,298.7,308.4,1341,46.4,88,0,0,0,0,0,0
3056,H00614,H,299.7,310.3,1601,34.9,93,0,0,0,0,0,0
3057,M00926,M,295.7,305.4,1530,33.1,96,0,0,0,0,0,0
3058,L01518,L,300.4,312.0,1533,42.8,98,0,0,0,0,0,0
3059,L01519,L,300.7,310.0,1568,49.6,100,0,0,0,0,0,0
3060,H00615,H,300.3,310.7,1638,44.5,105,0,0,0,0,0,0
3061,L01520,L,294.1,303.6,1565,31.6,107,0,0,0,0,0,0
3062,L01521,L,297.5,307.2,1638,36.3,109,0,0,0,0,0,0
3063,M00927,M,298.5,308.1,1543,45.9,112,0,0,0,0,0,0
3064,M00928,M,300.6,311.3,1435,49.5,115,0,0,0,0,0,0
3065,M00929,M,300.6,311.5,1529,41.4,118,0,0,0,0,0,0
3066,L01522,L,299.7,310.2,1653,36.5,120,0,0,0,0,0,0
3067,L01523,L,301.3,311.2,1497,49.9,122,0,0,0,0,0,0
3068,H00616,H,297.9,308.1,1430,39.6,127,0,0,0,0,0,0
3069,L01524,L,301.2,312.1,1600,36.4,129,0,0,0,0,0,0
3070,M00930,M,300.9,311.9,1572,35.4,132,0,0,0,0,0,0
3071,M00931,M,300.8,308.1,1461,32.8,135,0,0,0,0,0,0
3072,M00932,M,299.6,309.4,1515,57.0,138,1,0,0,1,0,0
3073,L01525,L,303.7,313.4,1520,48.5,140,0,0,0,0,0,0
3074,L01526,L,301.0,311.7,1539,36.1,142,0,0,0,0,0,0
3075,M00933,M,298.1,308.0,1603,50.4,145,0,0,0,0,0,0
3076,H00617,H,300.5,311.2,1497,43.2,150,0,0,0,0,0,0
3077,H00618,H,301.5,310.4,1608,42.8,155,0,0,0,0,0,0
3078,L01527,L,298.8,309.1,1485,35.7,157,0,0,0,0,0,0
3079,L01528,L,302.2,313.1,1705,36.9,159,0,0,0,0,0,0
3080,H00619,H,300.8,309.3,1707,39.7,164,0,0,0,0,0,0
3081,M00934,M,295.3,307.8,1452,28.2,167,0,0,0,0,0,0
3082,H00620,H,300.6,311.8,1415,37.1,172,0,0,0,0,0,0
3083,L01529,L,299.2,309.2,1636,40.0,174,0,0,0,0,0,0
3084,M00935,M,301.1,310.2,1564,47.9,177,0,0,0,0,0,0
3085,M00936,M,301.9,311.7,1593,36.3,180,0,0,0,0,0,0
3086,M00937,M,300.4,310.5,1473,44.9,183,0,0,0,0,0,0
3087,L01530,L,303.3,313.8,1525,27.6,185,0,0,0,0,0,0
3088,L01531,L,299.6,311.1,1504,47.0,187,0,0,0,0,0,0
3089,M00938,M,301.2,310.8,1568,34.6,190,0,0,0,0,0,0
3090,L01532,L,301.6,312.2,1413,40.8,192,0,0,0,0,0,0
3091,L01533,L,299.8,308.5,1528,42.4,194,0,0,0,0,0,0
3092,H00621,H,301.6,311.1,1412,41.3,199,0,0,0,0,0,0
3093,L01534,L,298.8,309.2,1486,39.4,201,0,0,0,0,0,0
3094,H00622,H,299.2,309.8,1528,32.6,206,0,0,0,0,0,0
3095,L01535,L,297.4,306.6,1589,34.7,208,0,0,0,0,0,0
3096,M00939,M,300.5,310.0,1597,46.0,211,0,0,0,0,0,0
3097,H00623,H,300.7,312.1,1614,36.4,216,0,0,0,0,0,0
3098,L01536,L,302.4,313.5,1390,39.4,218,0,0,0,0,0,0
3099,L01537,L,301.6,311.8,1664,31.0,220,0,0,0,0,0,0
3100,L01538,L,299.4,307.2,1474,45.2,222,0,0,0,0,0,0
3101,L01539,L,297.6,310.2,1481,32.1,2,0,0,0,0,0,0
3102,M00940,M,300.9,310.8,1565,45.5,5,0,0,0,0,0,0
3103,H00624,H,302.2,311.9,1504,33.6,10,0,0,0,0,0,0
3104,L01540,L,301.5,311.0,1574,46.1,12,0,0,0,0,0,0
3105,L01541,L,302.2,312.5,1593,40.1,14,0,0,0,0,0,0
3106,L01542,L,299.6,310.0,1462,36.6,16,0,0,0,0,0,0
3107,M00941,M,299.1,310.0,1520,49.6,19,0,0,0,0,0,0
3108,L01543,L,298.5,307.6,1523,39.6,21,0,0,0,0,0,0
3109,M00942,M,299.9,309.6,1634,37.8,24,0,0,0,0,0,0
3110,M00943,M,299.8,311.9,1491,45.5,27,0,0,0,0,0,0
3111,M00944,M,300.4,310.6,1487,31.1,30,0,0,0,0,0,0
3112,L01544,L,299.7,309.6,1436,24.8,32,0,0,0,0,0,0
3113,M00945,M,299.7,308.8,1447,46.9,35,0,0,0,0,0,0
3114,L01545,L,298.4,309.0,1403,35.0,37,0,0,0,0,0,0
3115,L01546,L,301.9,312.9,1468,45.2,39,0,0,0,0,0,0
3116,H00625,H,300.2,311.0,1697,40.3,44,0,0,0,0,0,0
3117,M00946,M,299.7,309.4,1607,33.0,47,0,0,0,0,0,0
3118,L01547,L,298.5,308.9,1666,43.6,49,0,0,0,0,0,0
3119,L01548,L,297.3,309.0,1443,37.5,51,0,0,0,0,0,0
3120,L01549,L,302.6,313.7,1343,33.5,53,0,0,0,0,0,0
3121,L01550,L,301.1,310.3,1570,33.7,55,0,0,0,0,0,0
3122,L01551,L,296.8,304.2,1723,29.6,57,0,0,0,0,0,0
3123,L01552,L,301.5,311.8,1489,42.4,59,0,0,0,0,0,0
3124,L01553,L,301.8,312.6,1548,34.4,61,0,0,0,0,0,0
3125,M00947,M,300.2,309.2,1381,39.8,64,0,0,0,0,0,0
3126,M00948,M,303.2,313.2,1541,38.9,67,0,0,0,0,0,0
3127,M00949,M,300.4,310.2,1526,34.4,70,0,0,0,0,0,0
3128,L01554,L,297.2,307.3,1329,30.9,72,0,0,0,0,0,0
3129,H00626,H,300.7,310.2,1434,55.2,77,0,0,0,0,0,0
3130,H00627,H,300.5,311.8,1426,39.7,82,0,0,0,0,0,0
3131,H00628,H,298.8,308.9,1380,50.9,87,0,0,0,0,0,0
3132,H00629,H,301.1,310.3,1466,47.0,92,0,0,0,0,0,0
3133,H00630,H,296.7,307.6,1589,38.1,97,0,0,0,0,0,0
3134,M00950,M,302.0,310.7,1475,41.1,100,0,0,0,0,0,0
3135,L01555,L,298.2,309.5,1653,40.9,102,0,0,0,0,0,0
3136,M00951,M,298.0,309.0,1502,51.1,105,0,0,0,0,0,0
3137,M00952,M,299.8,311.2,1571,45.0,108,0,0,0,0,0,0
3138,M00953,M,300.9,310.7,1588,35.2,111,0,0,0,0,0,0
3139,M00954,M,300.3,309.8,1691,42.1,114,0,0,0,0,0,0
3140,L01556,L,298.5,308.6,1466,44.8,116,0,0,0,0,0,0
3141,L01557,L,299.0,308.9,1582,32.9,118,0,0,0,0,0,0
3142,H00631,H,297.7,307.1,1443,43.0,123,0,0,0,0,0,0
3143,M00955,M,299.6,309.0,1710,48.1,126,0,0,0,0,0,0
3144,M00956,M,302.2,311.8,1434,34.9,129,0,0,0,0,0,0
3145,L01558,L,300.0,308.8,1576,35.7,131,0,0,0,0,0,0
3146,L01559,L,301.7,312.4,1694,47.0,133,0,0,0,0,0,0
3147,H00632,H,302.9,312.9,1418,37.9,138,0,0,0,0,0,0
3148,M00957,M,298.8,308.5,1598,34.1,141,0,0,0,0,0,0
3149,M00958,M,299.6,308.5,1439,45.3,144,0,0,0,0,0,0
3150,L01560,L,304.3,313.2,1771,43.5,146,0,0,0,0,0,0
3151,M00959,M,302.9,314.8,1349,40.6,149,0,0,0,0,0,0
3152,L01561,L,296.7,306.0,1386,46.7,151,0,0,0,0,0,0
3153,M00960,M,300.8,311.4,1426,47.2,154,0,0,0,0,0,0
3154,L01562,L,300.0,310.2,1429,39.5,156,0,0,0,0,0,0
3155,L01563,L,301.7,308.9,1590,51.8,158,0,0,0,0,0,0
3156,M00961,M,298.5,310.3,1718,49.5,161,0,0,0,0,0,0
3157,H00633,H,298.3,309.0,1654,28.1,166,0,0,0,0,0,0
3158,L01564,L,298.6,307.9,1561,33.8,168,0,0,0,0,0,0
3159,H00634,H,298.9,308.8,1539,26.5,173,0,0,0,0,0,0
3160,L01565,L,301.6,310.5,1477,38.1,175,0,0,0,0,0,0
3161,L01566,L,297.6,309.5,1577,32.7,177,0,0,0,0,0,0
3162,L01567,L,298.8,307.8,1517,35.1,179,0,0,0,0,0,0
3163,L01568,L,296.4,305.9,1557,46.5,181,0,0,0,0,0,0
3164,M00962,M,302.0,311.3,1464,29.5,184,0,0,0,0,0,0
3165,L01569,L,302.5,312.6,1418,40.8,186,0,0,0,0,0,0
3166,L01570,L,299.3,310.7,1541,40.7,188,0,0,0,0,0,0
3167,H00635,H,299.4,311.2,1538,39.5,193,0,0,0,0,0,0
3168,L01571,L,300.9,310.5,1478,40.8,195,0,0,0,0,0,0
3169,M00963,M,302.9,313.3,1461,26.6,198,0,0,0,0,0,0
3170,L01572,L,300.8,310.9,1594,35.1,200,0,0,0,0,0,0
3171,M00964,M,298.6,307.6,1583,49.3,203,0,0,0,0,0,0
3172,L01573,L,296.8,309.2,1726,32.8,205,0,0,0,0,0,0
3173,L01574,L,297.8,309.1,1676,50.0,207,0,0,0,0,0,0
3174,L01575,L,300.1,310.3,1419,31.6,209,0,0,0,0,0,0
3175,L01576,L,298.7,310.3,1519,30.8,211,0,0,0,0,0,0
3176,L01577,L,300.4,311.6,1402,34.3,213,0,0,0,0,0,0
3177,M00965,M,298.9,309.0,1354,46.8,216,0,0,0,0,0,0
3178,H00636,H,297.9,308.2,1758,36.7,5,0,0,0,0,0,0
3179,H00637,H,297.6,309.2,1686,42.1,10,0,0,0,0,0,0
3180,M00966,M,303.1,312.2,1475,40.4,13,0,0,0,0,0,0
3181,L01578,L,301.8,313.5,1662,39.7,15,0,0,0,0,0,0
3182,L01579,L,303.5,313.2,1677,47.6,17,0,0,0,0,0,0
3183,L01580,L,301.1,312.6,1346,44.6,19,0,0,0,0,0,0
3184,L01581,L,299.1,309.1,1623,33.1,21,0,0,0,0,0,0
3185,M00967,M,302.6,313.0,1489,38.3,24,0,0,0,0,0,0
3186,M00968,M,299.9,309.9,1576,50.5,27,0,0,0,0,0,0
3187,L01582,L,300.4,309.9,1839,41.9,29,0,0,0,0,0,0
3188,L01583,L,299.9,309.6,1697,31.0,31,0,0,0,0,0,0
3189,H00638,H,294.1,305.5,1525,31.4,36,0,0,0,0,0,0
3190,M00969,M,303.2,310.9,1680,45.3,39,0,0,0,0,0,0
3191,L01584,L,301.0,309.7,1346,44.2,41,0,0,0,0,0,0
3192,H00639,H,300.7,309.9,1588,34.5,46,0,0,0,0,0,0
3193,H00640,H,299.9,308.8,1591,44.5,51,0,0,0,0,0,0
3194,L01585,L,300.3,311.8,1609,49.6,53,0,0,0,0,0,0
3195,L01586,L,298.8,310.1,1487,48.7,55,0,0,0,0,0,0
3196,M00970,M,301.2,311.8,1576,49.6,58,0,0,0,0,0,0
3197,H00641,H,297.4,306.7,1624,43.3,63,0,0,0,0,0,0
3198,H00642,H,300.4,311.7,1306,38.9,68,0,0,0,0,0,0
3199,L01587,L,301.1,309.5,1506,37.6,70,0,0,0,0,0,0
3200,L01588,L,299.6,311.7,1448,39.9,72,0,0,0,0,0,0
3201,M00971,M,300.7,310.1,1604,34.7,75,0,0,0,0,0,0
3202,M00972,M,298.0,307.8,1676,37.8,78,0,0,0,0,0,0
3203,L01589,L,298.1,307.6,1477,47.7,80,0,0,0,0,0,0
3204,H00643,H,300.5,309.4,1429,30.3,85,0,0,0,0,0,0
3205,M00973,M,301.4,313.3,1550,30.8,88,0,0,0,0,0,0
3206,H00644,H,296.3,307.0,1423,45.0,93,0,0,0,0,0,0
3207,H00645,H,301.0,312.3,1515,37.9,98,0,0,0,0,0,0
3208,M00974,M,298.9,307.7,1505,28.4,101,0,0,0,0,0,0
3209,L01590,L,299.6,309.8,1596,39.6,103,0,0,0,0,0,0
3210,M00975,M,297.3,307.8,1570,38.8,106,0,0,0,0,0,0
3211,L01591,L,298.3,308.6,1554,37.4,108,0,0,0,0,0,0
3212,M00976,M,301.9,310.8,1702,44.1,111,0,0,0,0,0,0
3213,L01592,L,300.1,311.1,1565,32.0,113,0,0,0,0,0,0
3214,M00977,M,299.2,309.4,1496,40.1,116,0,0,0,0,0,0
3215,L01593,L,299.8,308.8,1508,38.7,118,0,0,0,0,0,0
3216,L01594,L,301.0,309.1,1462,40.2,120,0,0,0,0,0,0
3217,L01595,L,300.9,311.5,1436,29.6,122,0,0,0,0,0,0
3218,L01596,L,299.8,312.3,1399,36.9,124,0,0,0,0,0,0
3219,M00978,M,302.2,311.2,1651,40.1,127,0,0,0,0,0,0
3220,M00979,M,301.9,312.1,1466,43.2,130,0,0,0,0,0,0
3221,M00980,M,300.8,311.9,1570,51.1,133,0,0,0,0,0,0
3222,L01597,L,300.1,308.8,1508,44.8,135,0,0,0,0,0,0
3223,L01598,L,301.3,310.8,1535,42.8,137,0,0,0,0,0,0
3224,L01599,L,300.6,309.8,1653,47.6,139,0,0,0,0,0,0
3225,L01600,L,302.1,313.1,1556,38.2,141,0,0,0,0,0,0
3226,H00646,H,301.8,313.1,1446,49.3,146,0,0,0,0,0,0
3227,L01601,L,298.0,308.1,1482,46.7,148,0,0,0,0,0,0
3228,L01602,L,297.8,307.0,1624,37.3,150,0,0,0,0,0,0
3229,L01603,L,298.6,308.2,1586,51.5,152,0,0,0,0,0,0
3230,L01604,L,302.0,311.3,1630,42.7,154,0,0,0,0,0,0
3231,M00981,M,296.8,305.9,1514,53.2,157,0,0,0,0,0,0
3232,M00982,M,300.8,310.7,1398,41.8,160,0,0,0,0,0,0
3233,L01605,L,300.7,311.3,1589,36.6,162,0,0,0,0,0,0
3234,L01606,L,302.3,312.8,1563,35.4,164,0,0,0,0,0,0
3235,L01607,L,300.4,310.4,1566,37.9,166,0,0,0,0,0,0
3236,L01608,L,297.3,307.4,1400,36.6,168,0,0,0,0,0,0
3237,L01609,L,298.1,308.0,1474,47.6,170,0,0,0,0,0,0
3238,H00647,H,297.6,306.3,1444,39.8,175,0,0,0,0,0,0
3239,M00983,M,298.9,309.1,1578,30.3,178,0,0,0,0,0,0
3240,M00984,M,299.6,309.1,1581,41.3,181,0,0,0,0,0,0
3241,L01610,L,297.7,306.3,1534,40.8,183,0,0,0,0,0,0
3242,L01611,L,302.9,313.3,1635,37.2,185,0,0,0,0,0,0
3243,M00985,M,297.3,306.7,1687,41.6,188,0,0,0,0,0,0
3244,M00986,M,302.7,312.9,1573,39.7,191,0,0,0,0,0,0
3245,M00987,M,302.4,313.2,1605,43.8,194,0,0,0,0,0,0
3246,L01612,L,301.8,310.8,1484,43.4,196,0,0,0,0,0,0
3247,M00988,M,298.6,308.7,1465,42.2,199,0,0,0,0,0,0
3248,L01613,L,300.7,308.9,1639,32.2,201,0,0,0,0,0,0
3249,H00648,H,297.4,309.0,1451,52.7,206,0,0,0,0,0,0
3250,M00989,M,301.8,310.5,1608,30.7,209,0,0,0,0,0,0
3251,M00990,M,299.9,309.3,1710,39.2,212,0,0,0,0,0,0
3252,L01614,L,299.2,310.5,1603,33.4,214,0,0,0,0,0,0
3253,M00991,M,297.6,307.3,1530,42.4,3,0,0,0,0,0,0
3254,L01615,L,295.0,303.8,1404,40.8,5,0,0,0,0,0,0
3255,L01616,L,297.9,308.6,1554,39.0,7,0,0,0,0,0,0
3256,L01617,L,302.2,312.9,1639,49.1,9,0,0,0,0,0,0
3257,M00992,M,299.2,308.6,1520,46.7,12,0,0,0,0,0,0
3258,L01618,L,299.7,309.1,1640,38.0,14,0,0,0,0,0,0
3259,L01619,L,301.3,310.9,1575,44.8,16,0,0,0,0,0,0
3260,H00649,H,303.6,313.4,1567,49.4,21,0,0,0,0,0,0
3261,L01620,L,302.7,310.8,1506,46.6,23,0,0,0,0,0,0
3262,M00993,M,298.1,307.9,1392,39.2,26,0,0,0,0,0,0
3263,L01621,L,296.1,307.9,1495,30.5,28,0,0,0,0,0,0
3264,L01622,L,304.7,313.8,1495,41.9,30,0,0,0,0,0,0
3265,M00994,M,304.5,314.0,1596,44.0,33,0,0,0,0,0,0
3266,L01623,L,300.4,309.2,1536,35.4,35,0,0,0,0,0,0
3267,L01624,L,297.5,308.1,1646,40.1,37,0,0,0,0,0,0
3268,M00995,M,301.9,313.1,1566,39.5,40,0,0,0,0,0,0
3269,M00996,M,299.8,311.0,1488,48.3,43,0,0,0,0,0,0
3270,M00997,M,299.8,308.5,1457,51.1,46,0,0,0,0,0,0
3271,L01625,L,301.8,312.3,1478,47.1,48,0,0,0,0,0,0
3272,L01626,L,300.7,312.1,1554,39.5,50,0,0,0,0,0,0
3273,M00998,M,297.6,308.1,1501,46.9,53,0,0,0,0,0,0
3274,M00999,M,299.4,309.8,1430,43.9,56,0,0,0,0,0,0
3275,H00650,H,301.3,310.9,1639,39.6,61,0,0,0,0,0,0
3276,H00651,H,301.0,311.2,1553,52.6,66,0,0,0,0,0,0
3277,H00652,H,300.5,311.8,1565,35.6,71,0,0,0,0,0,0
3278,L01627,L,301.9,312.2,1456,43.6,73,0,0,0,0,0,0
3279,L01628,L,299.3,308.0,1434,45.0,75,0,0,0,0,0,0
3280,M01000,M,300.4,309.9,1522,38.3,78,0,0,0,0,0,0
3281,L01629,L,293.2,304.5,1335,43.4,80,0,0,0,0,0,0
3282,L01630,L,299.1,309.4,1616,45.7,82,0,0,0,0,0,0
3283,H00653,H,301.5,311.6,1468,41.5,87,0,0,0,0,0,0
3284,H00654,H,299.2,308.7,1511,42.8,92,0,0,0,0,0,0
3285,L01631,L,299.1,310.3,1581,40.6,94,0,0,0,0,0,0
3286,L01632,L,297.9,309.6,1516,44.8,96,0,0,0,0,0,0
3287,L01633,L,302.0,313.3,1421,38.6,98,0,0,0,0,0,0
3288,H00655,H,301.1,312.5,1689,38.1,103,0,0,0,0,0,0
3289,H00656,H,301.7,311.3,1385,40.1,108,0,0,0,0,0,0
3290,L01634,L,296.5,306.0,1314,47.1,110,0,0,0,0,0,0
3291,L01635,L,299.7,309.5,1625,29.5,112,0,0,0,0,0,0
3292,H00657,H,299.4,309.5,1392,34.5,117,0,0,0,0,0,0
3293,L01636,L,299.4,310.9,1663,53.7,119,1,0,0,1,0,0
3294,M01001,M,298.8,309.9,1576,41.7,122,0,0,0,0,0,0
3295,H00658,H,299.3,309.8,1566,37.6,127,0,0,0,0,0,0
3296,L01637,L,301.7,310.3,1481,44.8,129,0,0,0,0,0,0
3297,M01002,M,296.2,304.5,1455,35.3,132,0,0,0,0,0,0
3298,L01638,L,303.6,313.8,1500,27.4,134,0,0,0,0,0,0
3299,L01639,L,301.0,311.8,1450,42.1,136,0,0,0,0,0,0
3300,H00659,H,299.9,309.8,1659,35.6,141,0,0,0,0,0,0
3301,L01640,L,301.8,313.7,1464,40.6,143,0,0,0,0,0,0
3302,H00660,H,297.1,306.0,1589,42.0,148,0,0,0,0,0,0
3303,M01003,M,298.7,307.5,1639,40.9,151,0,0,0,0,0,0
3304,L01641,L,299.8,309.1,1450,29.7,153,0,0,0,0,0,0
3305,L01642,L,302.7,312.0,1576,40.2,155,0,0,0,0,0,0
3306,L01643,L,299.9,310.4,1449,42.7,157,0,0,0,0,0,0
3307,L01644,L,300.9,310.5,1521,31.6,159,0,0,0,0,0,0
3308,L01645,L,298.8,307.3,1492,30.9,161,0,0,0,0,0,0
3309,L01646,L,301.0,311.9,1468,33.6,163,0,0,0,0,0,0
3310,L01647,L,303.4,311.6,1554,44.5,165,0,0,0,0,0,0
3311,M01004,M,302.0,310.9,1417,28.0,168,0,0,0,0,0,0
3312,M01005,M,299.8,308.2,1631,45.0,171,0,0,0,0,0,0
3313,M01006,M,301.4,311.6,1430,42.4,174,0,0,0,0,0,0
3314,L01648,L,301.2,311.3,1411,38.5,176,0,0,0,0,0,0
3315,L01649,L,301.0,312.9,1513,31.1,178,0,0,0,0,0,0
3316,M01007,M,302.2,313.1,1501,35.2,181,0,0,0,0,0,0
3317,L01650,L,302.2,313.7,1574,44.7,183,0,0,0,0,0,0
3318,L01651,L,299.7,310.0,1546,47.5,185,0,0,0,0,0,0
3319,H00661,H,301.3,310.3,1375,33.8,190,0,0,0,0,0,0
3320,M01008,M,299.2,309.4,1637,46.9,193,0,0,0,0,0,0
3321,M01009,M,298.2,308.7,1510,44.1,196,0,0,0,0,0,0
3322,L01652,L,299.5,310.2,1562,40.0,198,0,0,0,0,0,0
3323,M01010,M,299.8,309.4,1758,35.6,201,0,0,0,0,0,0
3324,M01011,M,296.7,307.2,1667,36.5,204,0,0,0,0,0,0
3325,M01012,M,301.7,310.8,1559,50.9,207,1,1,0,0,0,0
3326,M01013,M,294.5,303.4,1401,41.1,3,0,0,0,0,0,0
3327,H00662,H,305.4,314.3,1402,48.0,8,0,0,0,0,0,0
3328,M01014,M,303.0,313.0,1654,41.4,11,0,0,0,0,0,0
3329,L01653,L,299.5,308.3,1498,37.3,13,0,0,0,0,0,0
3330,M01015,M,300.0,309.6,1521,43.5,16,0,0,0,0,0,0
3331,M01016,M,300.6,311.5,1423,52.9,19,0,0,0,0,0,0
3332,M01017,M,298.8,307.8,1583,36.1,22,0,0,0,0,0,0
3333,L01654,L,300.4,309.9,1652,45.5,24,0,0,0,0,0,0
3334,L01655,L,299.7,309.8,1690,41.1,26,0,0,0,0,0,0
3335,H00663,H,299.8,310.1,1493,31.3,31,0,0,0,0,0,0
3336,M01018,M,300.4,309.9,1602,31.2,34,0,0,0,0,0,0
3337,H00664,H,297.4,308.2,1528,37.3,39,0,0,0,0,0,0
3338,M01019,M,300.1,310.7,1626,42.1,42,0,0,0,0,0,0
3339,M01020,M,300.3,311.5,1538,45.3,45,0,0,0,0,0,0
3340,M01021,M,300.3,310.2,1456,30.6,48,0,0,0,0,0,0
3341,H00665,H,299.6,309.1,1670,43.9,53,0,0,0,0,0,0
3342,M01022,M,302.3,311.6,1548,39.3,56,0,0,0,0,0,0
3343,M01023,M,299.3,309.6,1503,40.0,59,0,0,0,0,0,0
3344,L01656,L,300.5,310.1,1556,43.5,61,0,0,0,0,0,0
3345,L01657,L,302.6,312.0,1464,50.5,63,0,0,0,0,0,0
3346,M01024,M,299.8,309.4,1580,41.8,66,0,0,0,0,0,0
3347,L01658,L,300.4,309.7,1518,31.9,68,0,0,0,0,0,0
3348,L01659,L,299.8,310.0,1459,38.9,70,0,0,0,0,0,0
3349,L01660,L,302.5,311.1,1776,45.1,72,0,0,0,0,0,0
3350,L01661,L,299.5,309.8,1437,45.3,74,0,0,0,0,0,0
3351,L01662,L,302.6,313.2,1573,44.0,76,0,0,0,0,0,0
3352,L01663,L,299.8,309.2,1544,36.9,78,0,0,0,0,0,0
3353,H00666,H,298.3,310.2,1435,31.8,83,0,0,0,0,0,0
3354,M01025,M,301.4,311.4,1504,43.5,86,0,0,0,0,0,0
3355,L01664,L,299.4,307.8,1404,32.7,88,0,0,0,0,0,0
3356,L01665,L,301.2,311.0,1745,44.2,90,0,0,0,0,0,0
3357,M01026,M,294.5,304.6,1511,44.2,93,0,0,0,0,0,0
3358,L01666,L,300.0,310.5,1520,37.2,95,0,0,0,0,0,0
3359,H00667,H,299.1,308.8,1733,39.3,100,0,0,0,0,0,0
3360,M01027,M,297.9,306.9,1456,41.2,103,0,0,0,0,0,0
3361,M01028,M,298.9,307.8,1667,36.3,106,0,0,0,0,0,0
3362,L01667,L,298.9,308.2,1597,31.7,108,0,0,0,0,0,0
3363,M01029,M,299.9,309.3,1340,39.8,111,0,0,0,0,0,0
3364,L01668,L,297.3,306.1,1501,40.4,113,0,0,0,0,0,0
3365,H00668,H,300.6,309.9,1582,48.2,118,0,0,0,0,0,0
3366,M01030,M,302.7,313.4,1542,35.3,121,0,0,0,0,0,0
3367,L01669,L,300.6,312.2,1542,46.4,123,1,0,0,0,0,1
3368,L01670,L,301.6,312.4,1477,33.1,125,0,0,0,0,0,0
3369,L01671,L,302.2,313.5,1467,31.9,127,0,0,0,0,0,0
3370,M01031,M,302.5,313.4,1507,38.2,130,0,0,0,0,0,0
3371,L01672,L,303.7,314.6,1734,34.4,132,0,0,0,0,0,0
3372,M01032,M,299.0,308.7,1447,31.8,135,0,0,0,0,0,0
3373,L01673,L,298.6,308.7,1490,51.7,137,0,0,0,0,0,0
3374,M01033,M,301.6,311.1,1541,37.3,140,0,0,0,0,0,0
3375,H00669,H,301.4,311.2,1392,53.9,145,0,0,0,0,0,0
3376,M01034,M,301.6,311.6,1581,34.0,148,0,0,0,0,0,0
3377,M01035,M,303.8,314.5,1409,29.7,151,0,0,0,0,0,0
3378,L01674,L,300.0,310.4,1429,47.7,153,0,0,0,0,0,0
3379,L01675,L,300.9,310.7,1424,35.6,155,0,0,0,0,0,0
3380,M01036,M,298.0,308.1,1374,40.8,158,0,0,0,0,0,0
3381,L01676,L,304.3,314.7,1665,31.9,160,0,0,0,0,0,0
3382,L01677,L,299.3,310.0,1590,39.8,162,0,0,0,0,0,0
3383,L01678,L,299.4,307.9,1630,31.8,164,0,0,0,0,0,0
3384,L01679,L,299.3,308.2,1621,39.6,166,0,0,0,0,0,0
3385,L01680,L,298.7,309.8,1521,37.2,168,0,0,0,0,0,0
3386,H00670,H,298.5,308.5,1535,41.4,173,0,0,0,0,0,0
3387,L01681,L,299.0,308.5,1639,43.8,175,0,0,0,0,0,0
3388,M01037,M,297.3,307.0,1702,41.4,178,0,0,0,0,0,0
3389,L01682,L,298.4,308.2,1412,42.7,180,0,0,0,0,0,0
3390,M01038,M,303.9,314.5,1790,39.3,183,0,0,0,0,0,0
3391,L01683,L,301.5,310.4,1406,37.4,185,0,0,0,0,0,0
3392,H00671,H,301.9,311.9,1492,42.8,190,0,0,0,0,0,0
3393,H00672,H,302.4,312.6,1545,39.3,195,0,0,0,0,0,0
3394,L01684,L,303.7,314.1,1555,39.6,197,0,0,0,0,0,0
3395,H00673,H,296.5,306.7,1734,42.4,202,0,0,0,0,0,0
3396,H00674,H,297.5,308.1,1639,33.8,207,0,0,0,0,0,0
3397,H00675,H,298.4,307.8,1579,48.6,212,0,0,0,0,0,0
3398,H00676,H,299.1,308.1,1642,38.5,5,0,0,0,0,0,0
3399,L01685,L,299.4,311.9,1573,40.7,7,0,0,0,0,0,0
3400,M01039,M,299.1,308.8,1470,39.7,10,0,0,0,0,0,0
3401,L01686,L,300.4,310.3,1587,43.9,12,0,0,0,0,0,0
3402,L01687,L,300.1,310.7,1545,42.0,14,0,0,0,0,0,0
3403,H00677,H,298.6,310.2,1454,39.7,19,0,0,0,0,0,0
3404,L01688,L,295.6,305.1,1664,48.7,21,0,0,0,0,0,0
3405,M01040,M,298.0,307.0,1533,20.8,24,1,0,0,1,0,0
3406,H00678,H,298.9,307.7,1426,47.5,29,0,0,0,0,0,0
3407,H00679,H,299.5,311.1,1442,45.5,34,0,0,0,0,0,0
3408,H00680,H,297.7,306.7,1591,29.0,39,0,0,0,0,0,0
3409,L01689,L,299.0,309.0,1643,45.6,41,0,0,0,0,0,0
3410,L01690,L,297.7,306.8,1586,46.4,43,0,0,0,0,0,0
3411,L01691,L,299.7,308.3,1587,43.4,45,0,0,0,0,0,0
3412,L01692,L,297.9,307.6,1457,30.6,47,0,0,0,0,0,0
3413,L01693,L,298.3,307.4,1547,44.1,49,0,0,0,0,0,0
3414,L01694,L,297.4,306.7,1505,46.0,51,0,0,0,0,0,0
3415,M01041,M,299.7,311.7,1519,36.6,54,0,0,0,0,0,0
3416,M01042,M,298.3,308.7,1527,42.6,57,0,0,0,0,0,0
3417,L01695,L,301.8,312.7,1472,37.9,59,0,0,0,0,0,0
3418,M01043,M,300.8,311.6,1613,45.3,62,0,0,0,0,0,0
3419,L01696,L,299.9,309.8,1437,38.1,64,0,0,0,0,0,0
3420,L01697,L,298.4,308.0,1408,36.5,66,0,0,0,0,0,0
3421,M01044,M,300.8,311.0,1459,39.8,69,0,0,0,0,0,0
3422,M01045,M,301.4,311.5,1626,32.0,72,0,0,0,0,0,0
3423,M01046,M,300.3,309.7,1572,39.2,75,0,0,0,0,0,0
3424,L01698,L,303.2,313.3,1360,42.2,77,0,0,0,0,0,0
3425,H00681,H,300.9,310.2,1598,45.2,82,0,0,0,0,0,0
3426,M01047,M,301.8,311.7,1533,41.5,85,0,0,0,0,0,0
3427,M01048,M,300.3,309.9,1496,31.4,88,0,0,0,0,0,0
3428,M01049,M,301.4,310.1,1514,48.1,91,0,0,0,0,0,0
3429,H00682,H,298.4,306.1,1405,48.6,96,0,0,0,0,0,0
3430,M01050,M,299.1,308.1,1555,40.7,99,0,0,0,0,0,0
3431,M01051,M,300.7,312.5,1411,35.5,102,0,0,0,0,0,0
3432,H00683,H,300.7,310.4,1503,36.8,107,0,0,0,0,0,0
3433,M01052,M,301.0,311.8,1503,38.8,110,0,0,0,0,0,0
3434,L01699,L,302.2,310.1,1615,41.7,112,0,0,0,0,0,0
3435,M01053,M,297.2,306.1,1542,38.2,115,0,0,0,0,0,0
3436,L01700,L,298.1,306.7,1609,34.8,117,0,0,0,0,0,0
3437,L01701,L,300.5,310.3,1418,46.1,119,0,0,0,0,0,0
3438,M01054,M,298.6,311.0,1527,41.5,122,0,0,0,0,0,0
3439,H00684,H,306.8,317.2,1591,33.7,127,0,0,0,0,0,0
3440,H00685,H,301.0,312.7,1662,41.7,132,0,0,0,0,0,0
3441,L01702,L,299.8,309.6,1424,41.0,134,0,0,0,0,0,0
3442,M01055,M,299.0,310.3,1454,35.7,137,0,0,0,0,0,0
3443,L01703,L,299.0,311.1,1589,47.2,139,0,0,0,0,0,0
3444,H00686,H,300.1,310.0,1699,40.8,144,0,0,0,0,0,0
3445,H00687,H,300.2,309.7,1567,38.7,149,0,0,0,0,0,0
3446,M01056,M,299.1,307.8,1427,39.5,152,0,0,0,0,0,0
3447,H00688,H,299.5,309.1,1429,42.7,157,0,0,0,0,0,0
3448,M01057,M,302.7,312.8,1551,39.6,160,0,0,0,0,0,0
3449,M01058,M,302.8,314.8,1574,39.5,163,0,0,0,0,0,0
3450,L01704,L,300.5,309.2,1516,46.4,165,0,0,0,0,0,0
3451,L01705,L,297.3,307.4,1430,31.5,167,0,0,0,0,0,0
3452,M01059,M,301.1,309.3,1648,32.5,170,0,0,0,0,0,0
3453,M01060,M,303.1,312.7,1503,44.7,173,0,0,0,0,0,0
3454,L01706,L,302.7,313.1,1591,54.5,175,1,0,0,1,0,0
3455,H00689,H,301.5,312.0,1361,45.3,180,0,0,0,0,0,0
3456,L01707,L,302.8,313.4,1658,51.2,182,0,0,0,0,0,0
3457,M01061,M,300.1,310.5,1470,37.4,185,0,0,0,0,0,0
3458,M01062,M,301.3,311.8,1672,36.2,188,0,0,0,0,0,0
3459,M01063,M,298.6,308.7,1599,42.7,191,0,0,0,0,0,0
3460,M01064,M,300.6,309.5,1395,45.7,194,0,0,0,0,0,0
3461,L01708,L,302.7,310.8,1563,32.1,196,0,0,0,0,0,0
3462,L01709,L,298.8,308.3,1704,38.7,198,0,0,0,0,0,0
3463,M01065,M,298.3,308.1,1478,39.8,201,0,0,0,0,0,0
3464,M01066,M,300.2,311.4,1704,35.9,204,0,0,0,0,0,0
3465,L01710,L,299.5,309.4,1577,36.6,2,0,0,0,0,0,0
3466,M01067,M,301.3,311.1,1672,45.1,5,0,0,0,0,0,0
3467,L01711,L,299.1,309.5,1554,42.8,7,0,0,0,0,0,0
3468,M01068,M,303.4,313.2,1526,44.8,10,0,0,0,0,0,0
3469,H00690,H,297.4,308.2,1722,42.0,15,0,0,0,0,0,0
3470,L01712,L,302.5,314.5,1610,34.8,17,0,0,0,0,0,0
3471,L01713,L,298.5,310.7,1514,42.5,19,0,0,0,0,0,0
3472,M01069,M,296.4,306.5,1580,34.3,22,0,0,0,0,0,0
3473,M01070,M,300.5,310.8,1482,38.1,25,0,0,0,0,0,0
3474,M01071,M,299.5,311.1,1549,33.8,28,0,0,0,0,0,0
3475,H00691,H,297.8,307.6,1658,36.3,33,0,0,0,0,0,0
3476,H00692,H,296.6,307.3,1522,40.5,38,0,0,0,0,0,0
3477,H00693,H,300.0,308.8,1451,37.3,43,0,0,0,0,0,0
3478,M01072,M,302.0,311.6,1441,34.7,46,0,0,0,0,0,0
3479,L01714,L,301.2,312.3,1545,46.8,48,0,0,0,0,0,0
3480,L01715,L,300.1,309.4,1457,39.3,50,0,0,0,0,0,0
3481,L01716,L,301.0,310.8,1395,36.8,52,0,0,0,0,0,0
3482,M01073,M,299.9,308.4,1418,33.5,55,0,0,0,0,0,0
3483,L01717,L,297.1,309.1,1656,28.8,57,0,0,0,0,0,0
3484,H00694,H,297.2,308.4,1524,38.7,62,0,0,0,0,0,0
3485,M01074,M,299.6,309.8,1544,31.7,65,0,0,0,0,0,0
3486,M01075,M,299.7,310.2,1441,44.3,68,0,0,0,0,0,0
3487,L01718,L,301.7,312.1,1480,40.2,70,0,0,0,0,0,0
3488,L01719,L,301.5,312.9,1477,49.4,72,0,0,0,0,0,0
3489,L01720,L,301.2,310.7,1510,41.3,74,0,0,0,0,0,0
3490,L01721,L,299.4,310.2,1372,35.6,76,0,0,0,0,0,0
3491,L01722,L,297.2,308.3,1647,28.7,78,0,0,0,0,0,0
3492,M01076,M,300.8,312.0,1536,44.8,81,0,0,0,0,0,0
3493,H00695,H,301.1,308.8,1558,32.2,86,0,0,0,0,0,0
3494,H00696,H,295.2,304.6,1629,37.6,91,0,0,0,0,0,0
3495,M01077,M,298.3,307.3,1622,50.0,94,0,0,0,0,0,0
3496,L01723,L,298.6,308.8,1480,43.7,96,0,0,0,0,0,0
3497,H00697,H,300.2,308.2,1598,42.3,101,0,0,0,0,0,0
3498,H00698,H,298.4,306.3,1597,45.7,106,0,0,0,0,0,0
3499,L01724,L,299.9,312.1,1570,45.4,108,0,0,0,0,0,0
3500,M01078,M,299.6,310.2,1644,49.5,111,0,0,0,0,0,0
3501,L01725,L,299.7,309.8,1618,36.4,113,0,0,0,0,0,0
3502,H00699,H,298.6,308.9,1611,37.7,118,0,0,0,0,0,0
3503,H00700,H,298.7,308.9,1675,34.5,123,0,0,0,0,0,0
3504,L01726,L,297.8,308.8,1541,39.8,125,0,0,0,0,0,0
3505,H00701,H,300.8,310.1,1544,39.2,130,0,0,0,0,0,0
3506,M01079,M,301.1,311.3,1620,29.5,133,0,0,0,0,0,0
3507,H00702,H,298.5,308.7,1520,36.1,138,0,0,0,0,0,0
3508,L01727,L,303.0,312.0,1586,48.6,140,0,0,0,0,0,0
3509,H00703,H,299.4,310.6,1482,41.5,145,0,0,0,0,0,0
3510,L01728,L,303.1,312.6,1310,44.3,147,0,0,0,0,0,0
3511,L01729,L,298.7,309.7,1598,39.3,149,0,0,0,0,0,0
3512,L01730,L,295.9,306.1,1383,28.7,151,0,0,0,0,0,0
3513,H00704,H,300.8,312.4,1468,39.2,156,0,0,0,0,0,0
3514,H00705,H,300.5,309.5,1620,46.3,161,0,0,0,0,0,0
3515,H00706,H,300.1,309.0,1621,32.9,166,0,0,0,0,0,0
3516,H00707,H,298.7,307.8,1656,44.5,171,0,0,0,0,0,0
3517,L01731,L,299.9,310.1,1336,29.8,173,0,0,0,0,0,0
3518,L01732,L,299.0,310.5,1568,40.1,175,0,0,0,0,0,0
3519,L01733,L,299.4,311.0,1512,43.3,177,0,0,0,0,0,0
3520,L01734,L,301.7,309.4,1637,38.1,179,0,0,0,0,0,0
3521,L01735,L,300.4,310.6,1686,54.8,181,1,0,0,1,0,0
3522,L01736,L,301.2,308.0,1407,37.0,183,0,0,0,0,0,0
3523,L01737,L,299.5,310.3,1540,36.5,185,0,0,0,0,0,0
3524,L01738,L,299.3,310.4,1621,41.2,187,0,0,0,0,0,0
3525,L01739,L,297.7,307.7,1504,35.5,189,0,0,0,0,0,0
3526,L01740,L,299.3,309.3,1713,31.4,191,0,0,0,0,0,0
3527,H00708,H,293.4,303.4,1498,33.4,196,0,0,0,0,0,0
3528,M01080,M,298.8,308.0,1508,44.5,199,0,0,0,0,0,0
3529,H00709,H,299.8,310.3,1431,38.2,204,0,0,0,0,0,0
3530,L01741,L,301.1,310.9,1553,50.2,206,0,0,0,0,0,0
3531,L01742,L,299.5,310.4,1236,37.4,208,0,0,0,0,0,0
3532,M01081,M,300.7,310.6,1513,44.3,211,0,0,0,0,0,0
3533,L01743,L,295.6,304.8,1665,43.1,213,0,0,0,0,0,0
3534,L01744,L,299.9,308.4,1398,37.3,215,0,0,0,0,0,0
3535,L01745,L,296.6,304.8,1376,34.7,217,1,0,1,0,0,0
3536,L01746,L,297.6,308.9,1650,29.6,219,0,0,0,0,0,0
3537,L01747,L,299.6,309.2,1663,43.3,221,0,0,0,0,0,0
3538,L01748,L,302.6,312.9,1402,47.2,2,0,0,0,0,0,0
3539,M01082,M,300.7,312.5,1711,30.5,5,0,0,0,0,0,0
3540,L01749,L,300.0,309.5,1581,37.8,7,0,0,0,0,0,0
3541,L01750,L,300.0,309.3,1643,36.0,9,0,0,0,0,0,0
3542,H00710,H,298.6,308.4,1459,43.3,14,0,0,0,0,0,0
3543,L01751,L,298.9,308.9,1687,38.0,16,0,0,0,0,0,0
3544,L01752,L,300.9,312.7,1511,47.9,18,0,0,0,0,0,0
3545,H00711,H,297.2,308.8,1507,37.7,23,0,0,0,0,0,0
3546,L01753,L,301.2,311.8,1586,32.6,25,0,0,0,0,0,0
3547,L01754,L,299.2,310.7,1499,37.2,27,0,0,0,0,0,0
3548,L01755,L,301.7,311.5,1386,37.8,29,0,0,0,0,0,0
3549,L01756,L,301.9,312.2,1551,43.2,31,0,0,0,0,0,0
3550,M01083,M,296.7,306.4,1506,37.8,34,0,0,0,0,0,0
3551,H00712,H,298.8,307.5,1461,42.6,39,0,0,0,0,0,0
3552,L01757,L,298.3,309.5,1662,35.3,41,0,0,0,0,0,0
3553,M01084,M,296.4,306.9,1777,38.2,44,0,0,0,0,0,0
3554,M01085,M,297.9,308.0,1446,35.3,47,0,0,0,0,0,0
3555,L01758,L,304.9,314.9,1558,34.9,49,0,0,0,0,0,0
3556,M01086,M,301.2,309.7,1498,47.6,52,0,0,0,0,0,0
3557,L01759,L,303.8,312.9,1767,35.7,54,0,0,0,0,0,0
3558,L01760,L,301.7,312.0,1587,37.9,56,0,0,0,0,0,0
3559,L01761,L,298.5,308.0,1631,46.3,58,0,0,0,0,0,0
3560,L01762,L,299.2,309.0,1656,44.5,60,0,0,0,0,0,0
3561,L01763,L,301.2,311.1,1551,49.8,62,0,0,0,0,0,0
3562,H00713,H,300.9,310.2,1519,42.9,67,0,0,0,0,0,0
3563,L01764,L,298.8,307.9,1690,36.4,69,0,0,0,0,0,0
3564,L01765,L,297.0,305.4,1616,52.3,71,0,0,0,0,0,0
3565,L01766,L,306.6,316.4,1453,43.5,73,0,0,0,0,0,0
3566,M01087,M,299.7,310.3,1466,39.1,76,0,0,0,0,0,0
3567,M01088,M,299.3,307.7,1499,40.3,79,0,0,0,0,0,0
3568,M01089,M,300.2,310.2,1654,41.1,82,0,0,0,0,0,0
3569,M01090,M,299.5,309.8,1685,38.6,85,0,0,0,0,0,0
3570,H00714,H,300.2,309.3,1753,31.7,90,0,0,0,0,0,0
3571,L01767,L,302.6,314.0,1467,49.8,92,0,0,0,0,0,0
3572,M01091,M,299.8,309.4,1552,39.9,95,0,0,0,0,0,0
3573,H00715,H,297.7,307.6,1498,41.1,100,0,0,0,0,0,0
3574,H00716,H,299.7,309.5,1520,52.5,105,0,0,0,0,0,0
3575,H00717,H,299.1,307.3,1631,35.9,110,0,0,0,0,0,0
3576,L01768,L,302.8,313.9,1533,43.9,112,0,0,0,0,0,0
3577,L01769,L,302.3,311.4,1670,35.2,114,0,0,0,0,0,0
3578,L01770,L,300.2,310.0,1486,41.9,116,0,0,0,0,0,0
3579,M01092,M,297.4,308.0,1612,41.2,119,0,0,0,0,0,0
3580,L01771,L,297.5,309.0,1494,44.7,121,0,0,0,0,0,0
3581,L01772,L,300.0,309.0,1354,47.2,123,0,0,0,0,0,0
3582,H00718,H,300.7,310.2,1436,36.5,128,0,0,0,0,0,0
3583,L01773,L,299.3,310.6,1550,48.5,130,0,0,0,0,0,0
3584,H00719,H,299.0,309.5,1730,48.9,135,0,0,0,0,0,0
3585,L01774,L,298.8,309.5,1492,38.5,137,0,0,0,0,0,0
3586,L01775,L,300.0,308.9,1521,40.0,139,0,0,0,0,0,0
3587,L01776,L,295.2,304.9,1587,37.0,141,0,0,0,0,0,0
3588,M01093,M,297.8,307.6,1478,38.2,144,0,0,0,0,0,0
3589,L01777,L,298.7,307.9,1490,32.8,146,0,0,0,0,0,0
3590,L01778,L,302.4,310.7,1545,44.7,148,0,0,0,0,0,0
3591,H00720,H,298.4,307.9,1494,27.7,153,0,0,0,0,0,0
3592,L01779,L,300.4,311.7,1360,35.8,155,0,0,0,0,0,0
3593,M01094,M,300.5,310.5,1473,39.7,158,0,0,0,0,0,0
3594,M01095,M,302.6,314.0,1599,47.8,161,0,0,0,0,0,0
3595,L01780,L,302.5,312.7,1603,36.7,163,0,0,0,0,0,0
3596,M01096,M,299.9,309.1,1672,42.6,166,0,0,0,0,0,0
3597,L01781,L,299.0,310.3,1664,39.5,168,0,0,0,0,0,0
3598,M01097,M,298.7,308.9,1448,45.7,171,0,0,0,0,0,0
3599,L01782,L,299.5,310.5,1463,42.3,173,0,0,0,0,0,0
3600,M01098,M,299.1,308.1,1468,45.0,176,0,0,0,0,0,0
3601,L01783,L,301.1,312.1,1523,36.7,178,0,0,0,0,0,0
3602,M01099,M,300.8,311.9,1476,33.9,181,0,0,0,0,0,0
3603,L01784,L,301.2,311.5,1521,42.2,183,0,0,0,0,0,0
3604,L01785,L,302.5,311.7,1451,37.1,185,0,0,0,0,0,0
3605,L01786,L,303.7,313.7,1616,40.2,187,0,0,0,0,0,0
3606,L01787,L,300.2,310.9,1443,41.9,189,0,0,0,0,0,0
3607,H00721,H,302.2,312.4,1438,47.5,194,0,0,0,0,0,0
3608,L01788,L,299.3,309.9,1590,44.7,196,0,0,0,0,0,0
3609,H00722,H,302.4,313.4,1610,35.9,201,0,0,0,0,0,0
3610,H00723,H,302.1,311.5,1515,33.1,206,0,0,0,0,0,0
3611,M01100,M,302.0,310.9,1625,50.2,209,0,0,0,0,0,0
3612,L01789,L,300.2,310.2,1618,30.5,211,0,0,0,0,0,0
3613,L01790,L,298.7,308.3,1728,37.3,213,0,0,0,0,0,0
3614,M01101,M,297.2,308.0,1611,43.9,216,0,0,0,0,0,0
3615,L01791,L,299.9,308.8,1709,49.8,218,0,0,0,0,0,0
3616,L01792,L,303.1,314.1,1544,38.9,220,0,0,0,0,0,0
3617,M01102,M,299.4,310.7,1678,40.2,223,0,0,0,0,0,0
3618,H00724,H,301.6,311.6,1680,34.7,228,0,0,0,0,0,0
3619,M01103,M,301.7,311.7,1524,40.8,231,0,0,0,0,0,0
3620,L01793,L,299.4,308.7,1469,33.1,233,0,0,0,0,0,0
3621,M01104,M,302.6,312.1,1487,35.5,236,0,0,0,0,0,0
3622,L01794,L,294.2,303.8,1580,44.6,238,0,0,0,0,0,0
3623,L01795,L,297.6,309.0,1423,37.4,240,0,0,0,0,0,0
3624,H00725,H,298.2,308.1,1493,45.5,5,0,0,0,0,0,0
3625,L01796,L,298.4,307.0,1658,39.1,7,0,0,0,0,0,0
3626,L01797,L,300.7,310.9,1605,31.8,9,0,0,0,0,0,0
3627,L01798,L,300.6,311.4,1303,47.0,11,0,0,0,0,0,0
3628,H00726,H,300.8,310.8,1405,32.1,16,0,0,0,0,0,0
3629,M01105,M,301.2,312.7,1754,36.4,19,0,0,0,0,0,0
3630,M01106,M,298.1,308.9,1656,38.8,22,0,0,0,0,0,0
3631,M01107,M,297.6,306.5,1480,46.0,25,0,0,0,0,0,0
3632,L01799,L,300.8,310.2,1389,36.8,27,0,0,0,0,0,0
3633,L01800,L,298.7,309.0,1413,34.4,29,0,0,0,0,0,0
3634,L01801,L,296.9,305.2,1589,41.0,31,0,0,0,0,0,0
3635,L01802,L,301.9,312.3,1736,38.7,33,0,0,0,0,0,0
3636,L01803,L,302.8,311.0,1729,37.2,35,0,0,0,0,0,0
3637,H00727,H,303.1,314.1,1380,41.3,40,0,0,0,0,0,0
3638,L01804,L,300.4,311.3,1508,32.8,42,0,0,0,0,0,0
3639,L01805,L,301.3,311.8,1452,29.7,44,0,0,0,0,0,0
3640,L01806,L,302.7,312.1,1552,52.8,46,0,0,0,0,0,0
3641,L01807,L,298.7,308.9,1405,40.6,48,0,0,0,0,0,0
3642,H00728,H,302.2,311.7,1483,41.0,53,0,0,0,0,0,0
3643,L01808,L,300.6,309.5,1451,35.3,55,0,0,0,0,0,0
3644,L01809,L,301.8,311.5,1590,45.4,57,0,0,0,0,0,0
3645,M01108,M,300.4,311.1,1487,36.8,60,0,0,0,0,0,0
3646,L01810,L,302.6,312.6,1501,23.3,62,0,0,0,0,0,0
3647,L01811,L,300.4,311.9,1589,36.6,64,0,0,0,0,0,0
3648,L01812,L,297.0,307.8,1702,38.3,66,0,0,0,0,0,0
3649,M01109,M,302.9,313.6,1750,39.0,69,0,0,0,0,0,0
3650,H00729,H,298.1,306.5,1584,38.8,74,0,0,0,0,0,0
3651,M01110,M,302.5,312.2,1529,36.1,77,0,0,0,0,0,0
3652,L01813,L,299.8,308.8,1670,35.6,79,0,0,0,0,0,0
3653,H00730,H,302.4,312.2,1655,38.2,84,0,0,0,0,0,0
3654,L01814,L,302.3,311.6,1626,30.1,86,0,0,0,0,0,0
3655,L01815,L,300.9,310.5,1380,28.3,88,0,0,0,0,0,0
3656,L01816,L,301.0,312.1,1659,40.6,90,0,0,0,0,0,0
3657,L01817,L,300.8,311.3,1574,40.7,92,0,0,0,0,0,0
3658,M01111,M,296.0,307.0,1449,45.3,95,0,0,0,0,0,0
3659,M01112,M,300.2,308.6,1471,38.5,98,0,0,0,0,0,0
3660,H00731,H,297.8,307.8,1596,32.8,103,0,0,0,0,0,0
3661,M01113,M,300.3,311.3,1287,28.4,106,0,0,0,0,0,0
3662,M01114,M,297.7,309.2,1525,34.7,109,0,0,0,0,0,0
3663,L01818,L,297.6,306.1,1472,42.5,111,0,0,0,0,0,0
3664,L01819,L,303.2,312.9,1462,48.6,113,0,0,0,0,0,0
3665,M01115,M,302.1,313.2,1492,40.3,116,0,0,0,0,0,0
3666,L01820,L,300.0,309.8,1390,32.7,118,0,0,0,0,0,0
3667,H00732,H,300.4,309.5,1643,34.7,123,0,0,0,0,0,0
3668,L01821,L,299.5,308.0,1325,34.9,125,1,0,1,0,0,0
3669,L01822,L,301.1,310.2,1555,37.6,127,0,0,0,0,0,0
3670,L01823,L,298.6,307.0,1453,46.7,129,0,0,0,0,0,0
3671,L01824,L,302.0,312.0,1736,47.2,131,0,0,0,0,0,0
3672,L01825,L,299.5,310.4,1540,39.0,133,0,0,0,0,0,0
3673,M01116,M,299.2,307.9,1326,41.1,136,0,0,0,0,0,0
3674,L01826,L,300.0,310.3,1593,35.2,138,0,0,0,0,0,0
3675,M01117,M,298.8,309.7,1429,29.7,141,0,0,0,0,0,0
3676,L01827,L,300.7,310.7,1636,50.7,143,0,0,0,0,0,0
3677,L01828,L,298.9,307.3,1600,26.1,145,0,0,0,0,0,0
3678,L01829,L,300.9,311.3,1685,29.0,147,0,0,0,0,0,0
3679,H00733,H,302.4,312.4,1557,50.8,152,0,0,0,0,0,0
3680,L01830,L,298.6,308.4,1620,40.1,154,0,0,0,0,0,0
3681,M01118,M,299.7,309.2,1542,33.2,157,0,0,0,0,0,0
3682,L01831,L,300.9,311.0,1479,44.1,159,0,0,0,0,0,0
3683,M01119,M,299.1,309.6,1645,44.6,162,0,0,0,0,0,0
3684,L01832,L,300.9,313.3,1415,32.0,164,0,0,0,0,0,0
3685,M01120,M,301.1,311.2,1534,36.8,167,0,0,0,0,0,0
3686,M01121,M,302.2,313.7,1481,45.3,170,0,0,0,0,0,0
3687,H00734,H,298.8,309.1,1622,35.1,175,0,0,0,0,0,0
3688,L01833,L,298.1,308.0,1443,41.7,177,0,0,0,0,0,0
3689,L01834,L,299.4,309.5,1497,48.5,179,0,0,0,0,0,0
3690,L01835,L,298.1,306.8,1542,25.6,181,0,0,0,0,0,0
3691,H00735,H,301.1,311.4,1687,38.0,186,0,0,0,0,0,0
3692,M01122,M,297.7,305.7,1485,41.6,189,0,0,0,0,0,0
3693,M01123,M,304.7,313.8,1498,29.2,192,0,0,0,0,0,0
3694,L01836,L,302.6,312.7,1403,36.8,194,0,0,0,0,0,0
3695,L01837,L,300.0,311.2,1440,46.3,196,0,0,0,0,0,0
3696,L01838,L,301.7,313.2,1579,35.8,198,0,0,0,0,0,0
3697,H00736,H,296.7,306.5,1541,31.1,203,0,0,0,0,0,0
3698,M01124,M,305.0,315.2,1543,46.8,206,0,0,0,0,0,0
3699,H00737,H,298.8,309.8,1712,42.7,211,0,0,0,0,0,0
3700,L01839,L,299.8,308.4,1371,39.6,213,0,0,0,0,0,0
3701,M01125,M,296.3,306.7,1770,39.4,216,0,0,0,0,0,0
3702,M01126,M,301.0,310.1,1656,46.2,219,0,0,0,0,0,0
3703,L01840,L,297.8,307.6,1505,41.8,221,0,0,0,0,0,0
3704,H00738,H,300.2,309.7,1577,43.9,5,0,0,0,0,0,0
3705,H00739,H,298.9,309.3,1470,35.8,10,0,0,0,0,0,0
3706,H00740,H,297.8,308.4,1570,28.5,15,0,0,0,0,0,0
3707,M01127,M,298.4,309.3,1753,43.7,18,0,0,0,0,0,0
3708,L01841,L,300.5,310.8,1473,46.6,20,0,0,0,0,0,0
3709,L01842,L,297.4,307.6,1515,38.7,22,0,0,0,0,0,0
3710,H00741,H,298.5,310.4,1462,45.3,27,0,0,0,0,0,0
3711,L01843,L,301.3,309.8,1478,38.0,29,0,0,0,0,0,0
3712,M01128,M,305.2,316.9,1498,39.5,32,0,0,0,0,0,0
3713,M01129,M,301.0,310.7,1429,50.5,35,0,0,0,0,0,0
3714,M01130,M,298.2,308.7,1512,38.3,38,0,0,0,0,0,0
3715,H00742,H,299.3,308.9,1543,37.9,43,0,0,0,0,0,0
3716,L01844,L,300.1,309.4,1498,28.8,45,1,0,0,0,0,1
3717,L01845,L,299.3,309.8,1308,44.1,47,0,0,0,0,0,0
3718,L01846,L,301.8,312.8,1523,35.7,49,0,0,0,0,0,0
3719,L01847,L,300.4,310.9,1533,40.9,51,0,0,0,0,0,0
3720,L01848,L,301.8,311.3,1728,38.1,53,0,0,0,0,0,0
3721,L01849,L,299.4,313.0,1541,37.3,55,0,0,0,0,0,0
3722,H00743,H,302.7,313.8,1632,39.3,60,0,0,0,0,0,0
3723,H00744,H,299.7,310.6,1495,39.8,65,0,0,0,0,0,0
3724,L01850,L,298.1,307.7,1668,47.1,67,0,0,0,0,0,0
3725,L01851,L,304.4,313.7,1444,49.1,69,0,0,0,0,0,0
3726,H00745,H,296.4,306.1,1588,43.9,74,0,0,0,0,0,0
3727,L01852,L,298.5,309.6,1622,47.6,76,0,0,0,0,0,0
3728,L01853,L,298.7,307.8,1607,45.1,78,0,0,0,0,0,0
3729,L01854,L,305.0,313.9,1754,43.0,80,0,0,0,0,0,0
3730,M01131,M,303.6,314.2,1480,48.7,83,0,0,0,0,0,0
3731,L01855,L,303.0,313.3,1679,32.1,85,0,0,0,0,0,0
3732,H00746,H,299.3,308.6,1654,35.9,90,0,0,0,0,0,0
3733,L01856,L,304.9,313.8,1543,35.1,92,0,0,0,0,0,0
3734,M01132,M,300.7,312.2,1722,38.2,95,0,0,0,0,0,0
3735,L01857,L,302.0,312.3,1523,44.1,97,0,0,0,0,0,0
3736,L01858,L,300.4,309.0,1540,33.3,99,0,0,0,0,0,0
3737,M01133,M,299.9,308.6,1537,43.0,102,0,0,0,0,0,0
3738,M01134,M,299.5,309.1,1411,36.5,105,0,0,0,0,0,0
3739,M01135,M,299.6,310.3,1614,37.9,108,0,0,0,0,0,0
3740,M01136,M,301.2,311.8,1599,41.2,111,0,0,0,0,0,0
3741,H00747,H,300.7,311.9,1528,50.1,116,0,0,0,0,0,0
3742,H00748,H,299.9,308.4,1714,35.7,121,0,0,0,0,0,0
3743,M01137,M,303.0,313.2,1494,39.5,124,0,0,0,0,0,0
3744,L01859,L,294.1,305.5,1365,33.5,126,0,0,0,0,0,0
3745,L01860,L,301.0,312.4,1728,35.7,128,0,0,0,0,0,0
3746,L01861,L,301.4,311.8,1639,33.5,130,0,0,0,0,0,0
3747,M01138,M,302.3,314.6,1601,41.5,133,0,0,0,0,0,0
3748,L01862,L,299.9,310.5,1504,42.6,135,0,0,0,0,0,0
3749,L01863,L,300.4,311.5,1572,44.1,137,0,0,0,0,0,0
3750,H00749,H,302.0,312.0,1412,35.5,142,0,0,0,0,0,0
3751,H00750,H,303.0,312.2,1515,43.0,147,0,0,0,0,0,0
3752,H00751,H,299.4,308.5,1448,40.7,152,0,0,0,0,0,0
3753,L01864,L,300.5,310.7,1564,39.7,154,0,0,0,0,0,0
3754,M01139,M,303.4,313.1,1630,32.6,157,0,0,0,0,0,0
3755,L01865,L,295.8,304.0,1433,40.9,159,0,0,0,0,0,0
3756,L01866,L,298.6,307.6,1610,41.1,161,0,0,0,0,0,0
3757,L01867,L,302.9,312.6,1558,40.6,163,0,0,0,0,0,0
3758,L01868,L,302.2,312.9,1606,42.4,165,0,0,0,0,0,0
3759,L01869,L,301.0,311.0,1514,44.2,167,0,0,0,0,0,0
3760,H00752,H,299.1,309.0,1608,33.4,172,0,0,0,0,0,0
3761,L01870,L,298.2,307.2,1468,38.7,174,0,0,0,0,0,0
3762,M01140,M,298.8,308.8,1370,43.1,177,0,0,0,0,0,0
3763,M01141,M,303.1,314.4,1393,38.4,180,0,0,0,0,0,0
3764,L01871,L,298.7,308.9,1488,45.8,182,0,0,0,0,0,0
3765,L01872,L,300.2,308.7,1377,40.5,184,1,0,1,0,0,0
3766,L01873,L,298.5,307.2,1693,28.3,186,0,0,0,0,0,0
3767,M01142,M,301.7,312.3,1530,45.0,189,0,0,0,0,0,0
3768,L01874,L,298.9,308.7,1630,39.3,191,0,0,0,0,0,0
3769,L01875,L,299.8,309.7,1617,29.4,193,0,0,0,0,0,0
3770,L01876,L,296.6,306.0,1539,38.5,195,0,0,0,0,0,0
3771,M01143,M,296.8,307.3,1892,32.4,198,0,0,0,0,0,0
3772,H00753,H,300.0,309.7,1831,44.5,203,0,0,0,0,0,0
3773,L01877,L,297.3,307.2,1677,39.8,2,0,0,0,0,0,0
3774,M01144,M,304.2,313.4,1447,34.5,5,0,0,0,0,0,0
3775,M01145,M,295.9,306.8,1681,44.9,8,0,0,0,0,0,0
3776,H00754,H,298.4,308.2,1363,42.8,13,0,0,0,0,0,0
3777,H00755,H,300.0,310.6,1678,38.6,18,0,0,0,0,0,0
3778,M01146,M,299.3,308.1,1282,32.5,21,0,0,0,0,0,0
3779,M01147,M,297.8,309.5,1506,34.9,24,0,0,0,0,0,0
3780,H00756,H,298.1,309.4,1659,34.9,29,0,0,0,0,0,0
3781,L01878,L,298.0,306.1,1577,44.5,31,0,0,0,0,0,0
3782,L01879,L,299.4,308.6,1390,29.9,33,0,0,0,0,0,0
3783,L01880,L,303.9,314.4,1555,39.7,35,0,0,0,0,0,0
3784,H00757,H,300.2,308.8,1577,38.5,40,0,0,0,0,0,0
3785,H00758,H,302.4,312.2,1558,46.2,45,0,0,0,0,0,0
3786,L01881,L,301.0,311.4,1497,41.4,47,0,0,0,0,0,0
3787,M01148,M,302.2,312.0,1624,43.2,50,0,0,0,0,0,0
3788,L01882,L,294.4,304.9,1652,36.8,52,0,0,0,0,0,0
3789,L01883,L,299.4,308.7,1523,32.6,54,0,0,0,0,0,0
3790,H00759,H,302.6,310.4,1690,38.0,59,0,0,0,0,0,0
3791,L01884,L,298.9,309.8,1522,44.7,61,0,0,0,0,0,0
3792,L01885,L,303.5,314.5,1489,44.6,63,0,0,0,0,0,0
3793,M01149,M,303.0,315.5,1674,37.4,66,0,0,0,0,0,0
3794,M01150,M,299.1,306.9,1670,34.8,69,0,0,0,0,0,0
3795,L01886,L,299.0,309.7,1476,33.7,71,0,0,0,0,0,0
3796,M01151,M,298.0,306.0,1461,39.2,74,0,0,0,0,0,0
3797,M01152,M,298.7,310.5,1714,40.8,77,0,0,0,0,0,0
3798,L01887,L,297.5,308.0,1528,48.8,79,0,0,0,0,0,0
3799,L01888,L,300.9,309.9,1538,40.7,81,0,0,0,0,0,0
3800,M01153,M,297.1,307.9,1513,43.7,84,0,0,0,0,0,0
3801,L01889,L,301.2,310.7,1670,35.3,86,0,0,0,0,0,0
3802,H00760,H,301.3,311.6,1752,40.3,91,0,0,0,0,0,0
3803,H00761,H,296.7,306.9,1545,40.8,96,0,0,0,0,0,0
3804,H00762,H,303.1,314.8,1780,39.2,101,0,0,0,0,0,0
3805,L01890,L,301.0,312.8,1483,39.9,103,0,0,0,0,0,0
3806,H00763,H,301.5,310.9,1510,40.8,108,0,0,0,0,0,0
3807,L01891,L,298.5,309.5,1605,42.9,110,0,0,0,0,0,0
3808,L01892,L,301.2,311.6,1456,47.0,112,0,0,0,0,0,0
3809,L01893,L,302.3,310.8,1604,26.4,114,0,0,0,0,0,0
3810,L01894,L,299.8,309.1,1486,46.7,116,0,0,0,0,0,0
3811,M01154,M,304.0,316.3,1384,29.7,119,0,0,0,0,0,0
3812,L01895,L,300.1,310.4,1364,41.9,121,0,0,0,0,0,0
3813,L01896,L,302.3,313.3,1506,54.1,123,0,0,0,0,0,0
3814,M01155,M,300.6,310.4,1580,39.7,126,0,0,0,0,0,0
3815,L01897,L,301.2,310.6,1402,41.1,128,0,0,0,0,0,0
3816,M01156,M,296.7,306.7,1556,38.1,131,0,0,0,0,0,0
3817,L01898,L,300.7,310.5,1556,44.0,133,0,0,0,0,0,0
3818,H00764,H,298.5,307.0,1521,42.2,138,0,0,0,0,0,0
3819,H00765,H,298.3,307.3,1445,35.9,143,0,0,0,0,0,0
3820,L01899,L,303.5,314.2,1562,39.3,145,0,0,0,0,0,0
3821,L01900,L,299.6,309.2,1524,33.3,147,0,0,0,0,0,0
3822,L01901,L,298.0,308.0,1636,39.3,149,0,0,0,0,0,0
3823,H00766,H,299.3,309.5,1409,37.5,154,0,0,0,0,0,0
3824,L01902,L,297.4,307.7,1549,40.8,156,0,0,0,0,0,0
3825,L01903,L,302.9,314.0,1411,35.7,158,0,0,0,0,0,0
3826,L01904,L,298.6,307.5,1514,38.7,160,0,0,0,0,0,0
3827,L01905,L,301.1,311.6,1428,40.1,162,0,0,0,0,0,0
3828,L01906,L,302.7,313.5,1446,40.5,164,0,0,0,0,0,0
3829,H00767,H,299.0,310.0,1538,41.6,169,0,0,0,0,0,0
3830,L01907,L,301.1,309.7,1481,39.0,171,0,0,0,0,0,0
3831,L01908,L,297.9,308.2,1685,35.3,173,0,0,0,0,0,0
3832,H00768,H,304.9,316.6,1656,40.5,178,0,0,0,0,0,0
3833,H00769,H,301.9,311.8,1618,38.9,183,0,0,0,0,0,0
3834,L01909,L,299.6,310.1,1616,46.1,185,0,0,0,0,0,0
3835,L01910,L,298.5,309.2,1551,46.9,187,0,0,0,0,0,0
3836,L01911,L,299.8,308.7,1668,31.8,189,0,0,0,0,0,0
3837,H00770,H,299.3,311.2,1509,43.7,194,0,0,0,0,0,0
3838,L01912,L,303.9,314.4,1750,44.9,196,0,0,0,0,0,0
3839,H00771,H,297.5,308.1,1444,31.9,201,0,0,0,0,0,0
3840,M01157,M,300.3,308.6,1425,43.5,204,0,0,0,0,0,0
3841,M01158,M,300.0,310.8,1399,45.4,207,1,1,0,0,0,0
3842,L01913,L,299.8,310.3,1416,34.3,2,0,0,0,0,0,0
3843,L01914,L,299.8,311.4,1375,38.6,4,0,0,0,0,0,0
3844,L01915,L,299.8,309.5,1559,41.1,6,0,0,0,0,0,0
3845,L01916,L,301.7,310.8,1623,43.4,8,0,0,0,0,0,0
3846,M01159,M,301.2,310.5,1541,34.1,11,0,0,0,0,0,0
3847,H00772,H,300.8,310.3,1399,46.9,16,0,0,0,0,0,0
3848,M01160,M,293.9,302.8,1491,27.8,19,0,0,0,0,0,0
3849,M01161,M,300.6,311.9,1622,47.9,22,0,0,0,0,0,0
3850,L01917,L,296.7,308.0,1504,43.3,24,0,0,0,0,0,0
3851,L01918,L,301.3,311.1,1458,36.3,26,0,0,0,0,0,0
3852,L01919,L,302.9,312.6,1387,45.2,28,0,0,0,0,0,0
3853,M01162,M,298.1,306.3,1496,33.7,31,0,0,0,0,0,0
3854,H00773,H,299.5,310.2,1468,40.7,36,0,0,0,0,0,0
3855,M01163,M,298.8,310.5,1529,41.4,39,0,0,0,0,0,0
3856,L01920,L,302.5,311.8,1586,41.4,41,0,0,0,0,0,0
3857,L01921,L,300.2,310.1,1510,35.0,43,0,0,0,0,0,0
3858,M01164,M,303.5,313.9,1556,37.0,46,0,0,0,0,0,0
3859,L01922,L,300.8,312.6,1585,40.8,48,0,0,0,0,0,0
3860,H00774,H,300.5,310.7,1415,35.6,53,0,0,0,0,0,0
3861,H00775,H,300.1,310.3,1727,41.6,58,0,0,0,0,0,0
3862,M01165,M,301.6,311.8,1464,36.3,61,0,0,0,0,0,0
3863,L01923,L,296.5,305.1,1590,46.0,63,0,0,0,0,0,0
3864,L01924,L,300.2,308.7,1424,49.4,65,0,0,0,0,0,0
3865,L01925,L,299.9,309.1,1549,38.2,67,0,0,0,0,0,0
3866,L01926,L,301.5,312.5,1553,45.5,69,0,0,0,0,0,0
3867,L01927,L,299.6,309.3,1704,38.7,71,0,0,0,0,0,0
3868,M01166,M,297.9,307.4,1515,34.4,74,0,0,0,0,0,0
3869,M01167,M,300.0,309.5,1668,37.4,77,0,0,0,0,0,0
3870,L01928,L,297.8,307.7,1567,40.5,79,0,0,0,0,0,0
3871,L01929,L,296.1,307.9,1723,29.3,81,0,0,0,0,0,0
3872,L01930,L,301.5,311.3,1360,43.8,83,0,0,0,0,0,0
3873,L01931,L,301.2,310.4,1586,40.5,85,0,0,0,0,0,0
3874,H00776,H,300.9,311.0,1271,46.0,90,0,0,0,0,0,0
3875,L01932,L,302.6,314.4,1532,43.6,92,0,0,0,0,0,0
3876,L01933,L,298.7,308.2,1640,40.7,94,0,0,0,0,0,0
3877,L01934,L,297.1,306.0,1683,37.9,96,0,0,0,0,0,0
3878,H00777,H,299.9,309.4,1612,49.1,101,0,0,0,0,0,0
3879,M01168,M,299.3,309.4,1509,53.0,104,0,0,0,0,0,0
3880,L01935,L,298.3,309.0,1593,38.0,106,0,0,0,0,0,0
3881,M01169,M,299.8,310.8,1790,46.3,109,0,0,0,0,0,0
3882,M01170,M,298.8,307.7,1546,35.8,112,0,0,0,0,0,0
3883,H00778,H,296.3,305.4,1634,36.5,117,0,0,0,0,0,0
3884,L01936,L,299.1,308.8,1495,37.7,119,0,0,0,0,0,0
3885,H00779,H,297.7,308.4,1645,44.1,124,0,0,0,0,0,0
3886,H00780,H,300.5,309.2,1629,33.6,129,0,0,0,0,0,0
3887,H00781,H,298.7,308.1,1477,49.3,134,0,0,0,0,0,0
3888,M01171,M,302.2,311.6,1616,45.6,137,0,0,0,0,0,0
3889,M01172,M,303.2,314.1,1620,44.0,140,0,0,0,0,0,0
3890,L01937,L,301.4,311.9,1612,38.2,142,0,0,0,0,0,0
3891,M01173,M,296.9,307.8,1534,45.0,145,0,0,0,0,0,0
3892,M01174,M,303.0,314.3,1661,22.5,148,0,0,0,0,0,0
3893,M01175,M,303.2,312.8,1445,42.6,151,0,0,0,0,0,0
3894,L01938,L,300.0,308.9,1539,41.0,153,0,0,0,0,0,0
3895,M01176,M,302.6,311.5,1549,28.7,156,0,0,0,0,0,0
3896,H00782,H,298.9,307.1,1655,42.4,161,0,0,0,0,0,0
3897,L01939,L,296.3,305.8,1441,43.5,163,0,0,0,0,0,0
3898,H00783,H,298.5,308.1,1562,28.9,168,0,0,0,0,0,0
3899,M01177,M,303.5,314.2,1489,32.9,171,0,0,0,0,0,0
3900,H00784,H,297.0,307.0,1549,52.4,176,0,0,0,0,0,0
3901,L01940,L,300.0,309.5,1577,38.9,178,0,0,0,0,0,0
3902,L01941,L,300.1,310.0,1410,45.9,180,0,0,0,0,0,0
3903,H00785,H,299.0,307.9,1664,46.8,185,0,0,0,0,0,0
3904,L01942,L,299.1,310.1,1581,42.4,187,0,0,0,0,0,0
3905,H00786,H,300.1,309.4,1452,46.1,192,0,0,0,0,0,0
3906,L01943,L,298.9,307.7,1504,27.3,194,0,0,0,0,0,0
3907,M01178,M,297.2,308.0,1687,38.6,197,0,0,0,0,0,0
3908,L01944,L,300.4,311.0,1580,21.5,199,0,0,0,0,0,0
3909,M01179,M,302.1,310.4,1442,29.5,202,0,0,0,0,0,0
3910,L01945,L,301.7,312.6,1460,36.7,204,0,0,0,0,0,0
3911,L01946,L,298.4,307.6,1600,36.0,206,0,0,0,0,0,0
3912,L01947,L,297.5,307.1,1612,40.2,208,1,1,0,0,0,0
3913,L01948,L,299.4,309.6,1574,39.9,2,0,0,0,0,0,0
3914,H00787,H,303.1,313.7,1509,40.8,7,0,0,0,0,0,0
3915,H00788,H,301.3,311.7,1619,41.0,12,0,0,0,0,0,0
3916,L01949,L,301.4,311.4,1507,42.0,14,0,0,0,0,0,0
3917,M01180,M,301.8,311.4,1453,34.2,17,0,0,0,0,0,0
3918,L01950,L,300.8,311.3,1697,35.7,19,0,0,0,0,0,0
3919,M01181,M,300.2,310.1,1587,39.8,22,0,0,0,0,0,0
3920,H00789,H,301.3,313.1,1460,39.9,27,0,0,0,0,0,0
3921,H00790,H,298.9,309.5,1551,33.5,32,0,0,0,0,0,0
3922,L01951,L,297.2,306.2,1541,46.5,34,0,0,0,0,0,0
3923,M01182,M,301.4,311.0,1503,44.3,37,0,0,0,0,0,0
3924,L01952,L,302.5,312.5,1561,34.8,39,0,0,0,0,0,0
3925,H00791,H,297.8,309.1,1445,38.7,44,0,0,0,0,0,0
3926,L01953,L,301.6,313.1,1625,52.1,46,0,0,0,0,0,0
3927,M01183,M,303.4,313.0,1537,41.0,49,0,0,0,0,0,0
3928,M01184,M,300.0,309.1,1377,42.4,52,0,0,0,0,0,0
3929,M01185,M,298.4,307.3,1515,36.3,55,0,0,0,0,0,0
3930,L01954,L,300.2,310.5,1476,38.1,57,0,0,0,0,0,0
3931,H00792,H,298.9,311.2,1239,49.1,62,0,0,0,0,0,0
3932,L01955,L,298.8,309.3,1522,40.7,64,0,0,0,0,0,0
3933,M01186,M,300.9,309.3,1642,39.6,67,0,0,0,0,0,0
3934,L01956,L,296.8,306.1,1527,40.0,69,0,0,0,0,0,0
3935,L01957,L,297.1,306.5,1609,55.3,71,1,0,0,1,0,0
3936,M01187,M,300.0,309.2,1539,40.2,74,0,0,0,0,0,0
3937,L01958,L,300.0,309.6,1492,35.0,76,0,0,0,0,0,0
3938,L01959,L,300.7,311.1,1465,36.1,78,0,0,0,0,0,0
3939,L01960,L,303.8,314.4,1410,44.7,80,0,0,0,0,0,0
3940,L01961,L,300.2,311.3,1631,31.4,82,0,0,0,0,0,0
3941,M01188,M,301.2,311.7,1611,42.7,85,0,0,0,0,0,0
3942,H00793,H,298.0,306.1,1510,35.7,90,0,0,0,0,0,0
3943,L01962,L,301.5,310.5,1336,28.8,92,0,0,0,0,0,0
3944,L01963,L,298.9,308.8,1585,34.1,94,0,0,0,0,0,0
3945,L01964,L,300.1,310.3,1448,40.2,96,0,0,0,0,0,0
3946,L01965,L,299.8,310.6,1552,48.4,98,0,0,0,0,0,0
3947,M01189,M,302.1,312.1,1384,45.5,101,0,0,0,0,0,0
3948,M01190,M,297.4,307.4,1547,38.2,104,0,0,0,0,0,0
3949,L01966,L,295.4,305.7,1525,45.8,106,0,0,0,0,0,0
3950,L01967,L,299.6,309.3,1297,37.9,108,0,0,0,0,0,0
3951,L01968,L,300.9,311.0,1700,31.2,110,0,0,0,0,0,0
3952,H00794,H,300.3,311.4,1505,40.1,115,0,0,0,0,0,0
3953,H00795,H,302.5,312.4,1512,31.0,120,0,0,0,0,0,0
3954,L01969,L,300.9,310.8,1591,44.7,122,0,0,0,0,0,0
3955,L01970,L,298.9,308.8,1533,44.8,124,0,0,0,0,0,0
3956,H00796,H,295.3,306.6,1574,34.7,129,0,0,0,0,0,0
3957,H00797,H,299.5,308.4,1424,40.9,134,0,0,0,0,0,0
3958,L01971,L,302.1,313.8,1524,40.8,136,0,0,0,0,0,0
3959,L01972,L,299.2,308.0,1347,45.2,138,0,0,0,0,0,0
3960,L01973,L,300.1,309.4,1514,32.5,140,0,0,0,0,0,0
3961,M01191,M,300.8,311.6,1683,43.6,143,0,0,0,0,0,0
3962,L01974,L,298.0,309.0,1387,32.1,145,0,0,0,0,0,0
3963,L01975,L,301.2,309.8,1503,44.7,147,0,0,0,0,0,0
3964,M01192,M,303.3,312.2,1326,46.4,150,0,0,0,0,0,0
3965,L01976,L,299.7,309.9,1539,36.0,152,0,0,0,0,0,0
3966,M01193,M,297.7,310.1,1585,47.3,155,0,0,0,0,0,0
3967,L01977,L,299.9,311.1,1576,30.6,157,0,0,0,0,0,0
3968,L01978,L,295.6,305.3,1478,46.6,159,0,0,0,0,0,0
3969,M01194,M,300.7,308.3,1324,48.6,162,1,0,1,0,0,0
3970,L01979,L,300.9,311.0,1414,42.1,164,0,0,0,0,0,0
3971,H00798,H,303.4,313.7,1664,38.8,169,0,0,0,0,0,0
3972,M01195,M,299.6,309.2,1626,41.9,172,0,0,0,0,0,0
3973,L01980,L,300.8,310.0,1529,36.4,174,0,0,0,0,0,0
3974,M01196,M,298.3,308.4,1554,55.7,177,1,0,0,1,0,0
3975,L01981,L,299.3,308.3,1435,36.5,179,0,0,0,0,0,0
3976,H00799,H,296.9,308.8,1667,47.9,184,0,0,0,0,0,0
3977,L01982,L,299.6,311.1,1466,35.6,186,0,0,0,0,0,0
3978,M01197,M,299.4,310.0,1582,49.6,189,0,0,0,0,0,0
3979,L01983,L,300.6,310.7,1405,52.1,191,0,0,0,0,0,0
3980,L01984,L,298.8,308.1,1520,42.3,193,0,0,0,0,0,0
3981,H00800,H,300.2,310.1,1663,41.7,198,0,0,0,0,0,0
3982,H00801,H,299.3,311.0,1443,34.3,203,0,0,0,0,0,0
3983,L01985,L,299.3,310.2,1613,33.5,205,0,0,0,0,0,0
3984,L01986,L,300.2,310.4,1430,41.8,207,0,0,0,0,0,0
3985,H00802,H,300.1,311.0,1448,48.7,212,0,0,0,0,0,0
3986,H00803,H,301.5,312.1,1537,36.7,217,0,0,0,0,0,0
3987,L01987,L,299.8,310.2,1635,53.2,219,1,0,0,1,1,0
3988,L01988,L,299.3,310.3,1508,36.3,2,0,0,0,0,0,0
3989,L01989,L,299.6,310.2,1600,41.4,4,0,0,0,0,0,0
3990,H00804,H,298.6,309.4,1652,41.4,9,0,0,0,0,0,0
3991,L01990,L,299.3,309.4,1461,39.4,11,0,0,0,0,0,0
3992,L01991,L,304.1,313.8,1385,27.7,13,0,0,0,0,0,0
3993,M01198,M,298.2,307.6,1502,36.3,16,0,0,0,0,0,0
3994,L01992,L,299.4,308.8,1665,41.2,18,0,0,0,0,0,0
3995,L01993,L,299.2,307.6,1457,39.4,20,0,0,0,0,0,0
3996,L01994,L,299.5,308.6,1639,43.8,22,0,0,0,0,0,0
3997,L01995,L,299.3,308.4,1512,44.5,24,0,0,0,0,0,0
3998,L01996,L,300.6,310.1,1714,38.6,26,0,0,0,0,0,0
3999,M01199,M,296.6,308.1,1763,34.2,29,0,0,0,0,0,0
4000,L01997,L,302.1,311.9,1641,49.3,31,0,0,0,0,0,0
4001,M01200,M,301.3,311.5,1373,31.9,34,0,0,0,0,0,0
4002,H00805,H,297.5,307.8,1298,36.4,39,0,0,0,0,0,0
4003,M01201,M,295.5,307.0,1544,34.9,42,0,0,0,0,0,0
4004,L01998,L,298.0,307.5,1629,44.5,44,0,0,0,0,0,0
4005,L01999,L,299.5,309.3,1588,47.9,46,0,0,0,0,0,0
4006,L02000,L,305.2,315.1,1466,39.0,48,0,0,0,0,0,0
4007,L02001,L,301.1,312.2,1389,41.4,50,0,0,0,0,0,0
4008,L02002,L,296.4,307.7,1631,42.6,52,0,0,0,0,0,0
4009,M01202,M,298.6,309.1,1724,50.8,55,1,0,0,1,0,0
4010,L02003,L,299.9,311.1,1471,29.4,57,0,0,0,0,0,0
4011,L02004,L,300.5,310.7,1621,44.5,59,0,0,0,0,0,0
4012,L02005,L,297.4,307.2,1798,42.3,61,0,0,0,0,0,0
4013,M01203,M,299.7,310.9,1519,37.8,64,0,0,0,0,0,0
4014,L02006,L,298.6,309.1,1521,42.0,66,0,0,0,0,0,0
4015,M01204,M,297.8,307.1,1594,44.4,69,0,0,0,0,0,0
4016,L02007,L,300.5,311.5,1510,43.5,71,0,0,0,0,0,0
4017,H00806,H,301.5,311.3,1672,53.0,76,1,0,0,1,0,0
4018,H00807,H,301.7,311.4,1498,40.8,81,0,0,0,0,0,0
4019,L02008,L,301.1,312.0,1535,40.2,83,0,0,0,0,0,0
4020,L02009,L,299.0,308.9,1394,38.9,85,0,0,0,0,0,0
4021,L02010,L,301.4,311.8,1514,43.3,87,0,0,0,0,0,0
4022,L02011,L,300.6,311.3,1437,39.8,89,0,0,0,0,0,0
4023,M01205,M,300.3,309.5,1573,40.1,92,0,0,0,0,0,0
4024,H00808,H,298.8,309.2,1372,40.1,97,0,0,0,0,0,0
4025,M01206,M,299.0,310.4,1636,39.2,100,0,0,0,0,0,0
4026,H00809,H,300.1,309.2,1451,36.3,105,0,0,0,0,0,0
4027,L02012,L,304.9,315.3,1716,42.5,107,0,0,0,0,0,0
4028,L02013,L,300.6,309.8,1675,38.3,109,0,0,0,0,0,0
4029,M01207,M,298.8,309.8,1592,43.7,112,0,0,0,0,0,0
4030,L02014,L,298.3,309.3,1384,40.7,114,0,0,0,0,0,0
4031,M01208,M,299.0,308.7,1475,37.7,117,0,0,0,0,0,0
4032,L02015,L,304.4,316.6,1448,49.4,119,0,0,0,0,0,0
4033,L02016,L,299.2,310.3,1461,39.4,121,0,0,0,0,0,0
4034,H00810,H,301.8,312.5,1696,43.7,126,0,0,0,0,0,0
4035,L02017,L,299.2,309.9,1523,35.8,128,0,0,0,0,0,0
4036,H00811,H,300.5,311.5,1472,27.8,133,0,0,0,0,0,0
4037,H00812,H,301.6,310.6,1463,36.6,138,0,0,0,0,0,0
4038,M01209,M,298.9,309.1,1485,27.2,141,0,0,0,0,0,0
4039,M01210,M,298.7,309.1,1591,38.6,144,0,0,0,0,0,0
4040,M01211,M,303.3,312.9,1375,48.8,147,0,0,0,0,0,0
4041,H00813,H,302.0,312.4,1548,34.6,152,0,0,0,0,0,0
4042,L02018,L,301.6,312.8,1580,27.4,154,0,0,0,0,0,0
4043,L02019,L,301.6,311.2,1364,49.0,156,0,0,0,0,0,0
4044,M01212,M,300.9,310.9,1396,37.1,159,0,0,0,0,0,0
4045,L02020,L,304.0,313.2,1533,39.9,161,0,0,0,0,0,0
4046,L02021,L,300.1,308.3,1682,44.7,163,0,0,0,0,0,0
4047,L02022,L,301.2,311.9,1658,43.1,165,0,0,0,0,0,0
4048,M01213,M,297.1,307.1,1477,44.5,168,0,0,0,0,0,0
4049,H00814,H,298.4,308.4,1679,45.4,173,0,0,0,0,0,0
4050,L02023,L,297.6,306.6,1506,29.5,175,0,0,0,0,0,0
4051,H00815,H,302.5,312.4,1505,31.5,180,0,0,0,0,0,0
4052,M01214,M,294.9,306.0,1547,47.0,183,0,0,0,0,0,0
4053,H00816,H,299.2,309.2,1622,35.3,188,0,0,0,0,0,0
4054,M01215,M,294.0,304.0,1477,36.0,191,0,0,0,0,0,0
4055,M01216,M,298.3,308.5,1498,32.4,194,0,0,0,0,0,0
4056,L02024,L,299.0,307.8,1413,37.6,196,0,0,0,0,0,0
4057,H00817,H,302.8,313.4,1573,37.9,201,0,0,0,0,0,0
4058,L02025,L,300.8,309.5,1631,34.4,203,0,0,0,0,0,0
4059,H00818,H,298.3,307.4,1637,33.7,208,0,0,0,0,0,0
4060,H00819,H,302.1,311.1,1401,41.9,213,0,0,0,0,0,0
4061,L02026,L,300.0,309.9,1500,35.2,215,0,0,0,0,0,0
4062,L02027,L,300.1,309.7,1663,36.4,2,0,0,0,0,0,0
4063,M01217,M,297.6,307.6,1561,26.9,5,0,0,0,0,0,0
4064,L02028,L,298.0,307.1,1541,51.6,7,0,0,0,0,0,0
4065,H00820,H,298.3,309.4,1539,45.7,12,0,0,0,0,0,0
4066,L02029,L,300.1,310.9,1592,37.0,14,0,0,0,0,0,0
4067,L02030,L,300.2,310.0,1567,34.6,16,0,0,0,0,0,0
4068,H00821,H,303.1,312.6,1480,40.1,21,0,0,0,0,0,0
4069,M01218,M,300.8,310.2,1626,39.9,24,0,0,0,0,0,0
4070,H00822,H,294.6,304.3,1418,32.3,29,0,0,0,0,0,0
4071,L02031,L,300.5,309.1,1670,24.7,31,0,0,0,0,0,0
4072,M01219,M,297.1,306.1,1448,36.8,34,0,0,0,0,0,0
4073,M01220,M,298.1,308.9,1593,30.6,37,0,0,0,0,0,0
4074,M01221,M,298.4,308.7,1522,41.0,40,0,0,0,0,0,0
4075,M01222,M,298.7,310.3,1490,41.1,43,0,0,0,0,0,0
4076,M01223,M,297.2,307.0,1674,34.2,46,0,0,0,0,0,0
4077,L02032,L,300.4,310.0,1612,36.8,48,0,0,0,0,0,0
4078,L02033,L,297.2,306.8,1532,50.6,50,0,0,0,0,0,0
4079,M01224,M,300.7,310.4,1713,44.7,53,0,0,0,0,0,0
4080,L02034,L,304.5,313.8,1636,37.3,55,0,0,0,0,0,0
4081,M01225,M,297.3,307.6,1457,53.8,58,0,0,0,0,0,0
4082,L02035,L,299.4,309.5,1312,32.8,60,0,0,0,0,0,0
4083,M01226,M,295.0,304.4,1549,35.1,63,0,0,0,0,0,0
4084,M01227,M,299.4,310.6,1676,39.3,66,0,0,0,0,0,0
4085,L02036,L,301.3,313.2,1599,30.8,68,0,0,0,0,0,0
4086,L02037,L,301.4,312.6,1695,50.7,70,1,0,0,1,0,0
4087,L02038,L,300.2,310.7,1478,41.1,72,0,0,0,0,0,0
4088,M01228,M,301.8,312.5,1526,35.3,75,0,0,0,0,0,0
4089,H00823,H,305.1,316.9,1529,42.7,80,0,0,0,0,0,0
4090,L02039,L,303.4,314.2,1562,40.9,82,0,0,0,0,0,0
4091,M01229,M,299.0,308.4,1615,38.2,85,0,0,0,0,0,0
4092,L02040,L,297.1,307.5,1701,32.7,87,0,0,0,0,0,0
4093,L02041,L,299.2,309.8,1722,31.4,89,0,0,0,0,0,0
4094,H00824,H,298.1,307.1,1705,53.1,94,1,0,0,1,0,0
4095,L02042,L,300.9,310.6,1605,31.9,96,0,0,0,0,0,0
4096,L02043,L,297.6,308.7,1504,50.2,98,0,0,0,0,0,0
4097,L02044,L,299.9,308.0,1561,34.9,100,0,0,0,0,0,0
4098,L02045,L,301.7,310.4,1604,44.7,102,0,0,0,0,0,0
4099,L02046,L,299.8,309.6,1552,42.8,104,0,0,0,0,0,0
4100,L02047,L,298.1,308.5,1447,44.0,106,0,0,0,0,0,0
4101,M01230,M,302.3,311.0,1492,44.4,109,0,0,0,0,0,0
4102,L02048,L,296.2,306.1,1625,30.3,111,0,0,0,0,0,0
4103,M01231,M,299.3,310.5,1513,35.9,114,0,0,0,0,0,0
4104,L02049,L,299.9,310.0,1540,31.8,116,0,0,0,0,0,0
4105,L02050,L,300.0,311.0,1530,41.1,118,0,0,0,0,0,0
4106,M01232,M,300.4,309.8,1449,32.1,121,0,0,0,0,0,0
4107,H00825,H,301.2,310.4,1521,28.1,126,0,0,0,0,0,0
4108,L02051,L,299.9,310.8,1492,38.6,128,0,0,0,0,0,0
4109,H00826,H,299.3,309.6,1469,26.7,133,0,0,0,0,0,0
4110,M01233,M,299.2,308.0,1432,41.6,136,0,0,0,0,0,0
4111,M01234,M,298.8,308.0,1528,32.5,139,0,0,0,0,0,0
4112,M01235,M,301.6,313.1,1600,35.0,142,0,0,0,0,0,0
4113,L02052,L,298.7,307.8,1650,26.3,144,0,0,0,0,0,0
4114,L02053,L,301.7,312.6,1399,49.9,146,0,0,0,0,0,0
4115,M01236,M,300.0,309.6,1699,31.2,149,0,0,0,0,0,0
4116,L02054,L,299.0,309.0,1567,37.8,151,0,0,0,0,0,0
4117,H00827,H,301.2,311.5,1425,29.2,156,0,0,0,0,0,0
4118,L02055,L,298.5,306.4,1498,35.0,158,0,0,0,0,0,0
4119,L02056,L,301.3,309.8,1350,50.5,160,1,0,1,0,0,0
4120,M01237,M,300.4,310.5,1376,41.8,163,0,0,0,0,0,0
4121,L02057,L,298.8,308.1,1710,35.7,165,0,0,0,0,0,0
4122,M01238,M,301.1,312.1,1468,39.8,168,0,0,0,0,0,0
4123,M01239,M,301.1,309.5,1592,36.6,171,0,0,0,0,0,0
4124,H00828,H,302.3,312.9,1527,39.4,176,0,0,0,0,0,0
4125,M01240,M,301.9,310.6,1540,44.5,179,0,0,0,0,0,0
4126,M01241,M,301.0,310.6,1575,38.0,182,0,0,0,0,0,0
4127,M01242,M,297.7,306.7,1330,41.3,185,0,0,0,0,0,0
4128,H00829,H,304.9,316.8,1670,41.4,190,0,0,0,0,0,0
4129,L02058,L,297.2,305.9,1528,38.0,192,0,0,0,0,0,0
4130,L02059,L,301.9,311.8,1488,35.6,194,0,0,0,0,0,0
4131,L02060,L,300.9,309.1,1585,36.8,196,0,0,0,0,0,0
4132,L02061,L,297.7,309.3,1466,44.2,198,0,0,0,0,0,0
4133,M01243,M,299.8,310.2,1559,44.7,201,0,0,0,0,0,0
4134,M01244,M,299.8,310.0,1521,33.2,204,0,0,0,0,0,0
4135,M01245,M,302.6,314.1,1609,38.4,207,0,0,0,0,0,0
4136,L02062,L,298.6,308.7,1517,35.5,209,0,0,0,0,0,0
4137,M01246,M,299.5,309.7,1435,44.8,3,0,0,0,0,0,0
4138,L02063,L,295.3,305.5,1574,37.2,5,0,0,0,0,0,0
4139,M01247,M,303.5,314.0,1511,53.2,8,0,0,0,0,0,0
4140,M01248,M,297.9,307.4,1356,41.3,11,0,0,0,0,0,0
4141,L02064,L,300.7,310.4,1558,47.1,13,0,0,0,0,0,0
4142,L02065,L,299.8,310.6,1484,33.9,15,0,0,0,0,0,0
4143,L02066,L,299.8,310.1,1573,40.1,17,0,0,0,0,0,0
4144,H00830,H,301.6,311.5,1452,43.7,22,0,0,0,0,0,0
4145,H00831,H,303.3,311.9,1417,33.8,27,0,0,0,0,0,0
4146,M01249,M,300.5,312.0,1656,40.1,30,0,0,0,0,0,0
4147,L02067,L,301.3,310.6,1622,46.3,32,0,0,0,0,0,0
4148,L02068,L,300.7,311.6,1537,38.0,34,0,0,0,0,0,0
4149,M01250,M,302.0,312.2,1582,34.9,37,0,0,0,0,0,0
4150,M01251,M,299.1,307.8,1619,50.8,40,0,0,0,0,0,0
4151,L02069,L,302.2,313.4,1537,33.0,42,0,0,0,0,0,0
4152,L02070,L,302.2,312.5,1417,40.9,44,0,0,0,0,0,0
4153,M01252,M,302.2,313.5,1568,35.8,47,0,0,0,0,0,0
4154,L02071,L,298.7,308.5,1638,34.4,49,0,0,0,0,0,0
4155,L02072,L,299.7,310.4,1597,44.4,51,0,0,0,0,0,0
4156,L02073,L,300.5,308.7,1544,38.8,53,0,0,0,0,0,0
4157,M01253,M,297.3,306.8,1595,42.4,56,0,0,0,0,0,0
4158,H00832,H,303.2,311.9,1516,26.5,61,0,0,0,0,0,0
4159,H00833,H,300.0,309.6,1642,43.0,66,0,0,0,0,0,0
4160,M01254,M,300.6,311.0,1673,35.7,69,0,0,0,0,0,0
4161,M01255,M,298.8,308.2,1408,28.7,72,0,0,0,0,0,0
4162,L02074,L,297.3,308.2,1650,51.3,74,0,0,0,0,0,0
4163,M01256,M,298.8,307.9,1762,43.6,77,0,0,0,0,0,0
4164,L02075,L,300.4,311.3,1591,41.4,79,0,0,0,0,0,0
4165,M01257,M,301.3,312.7,1636,47.5,82,0,0,0,0,0,0
4166,L02076,L,300.3,311.3,1473,41.5,84,0,0,0,0,0,0
4167,L02077,L,300.7,310.3,1488,35.2,86,0,0,0,0,0,0
4168,L02078,L,299.3,307.2,1517,39.0,88,0,0,0,0,0,0
4169,L02079,L,301.0,311.6,1498,35.9,90,0,0,0,0,0,0
4170,L02080,L,303.0,312.8,1407,37.0,92,0,0,0,0,0,0
4171,L02081,L,301.4,310.4,1521,32.5,94,0,0,0,0,0,0
4172,H00834,H,301.6,311.1,1622,34.2,99,0,0,0,0,0,0
4173,L02082,L,300.6,312.0,1408,45.4,101,0,0,0,0,0,0
4174,M01258,M,297.0,305.9,1556,42.0,104,0,0,0,0,0,0
4175,H00835,H,297.9,308.4,1553,37.0,109,0,0,0,0,0,0
4176,H00836,H,300.9,311.1,1508,33.8,114,0,0,0,0,0,0
4177,M01259,M,300.0,309.6,1588,37.6,117,0,0,0,0,0,0
4178,H00837,H,300.9,311.5,1578,29.9,122,0,0,0,0,0,0
4179,L02083,L,303.4,315.0,1501,40.8,124,0,0,0,0,0,0
4180,L02084,L,301.5,311.2,1644,45.7,126,0,0,0,0,0,0
4181,L02085,L,302.5,312.3,1594,54.2,128,1,0,0,1,0,0
4182,M01260,M,300.2,310.8,1695,33.4,131,0,0,0,0,0,0
4183,M01261,M,298.4,309.3,1531,45.4,134,0,0,0,0,0,0
4184,L02086,L,299.9,309.8,1506,35.8,136,0,0,0,0,0,0
4185,L02087,L,298.4,308.1,1517,33.2,138,0,0,0,0,0,0
4186,M01262,M,303.1,310.9,1656,33.2,141,0,0,0,0,0,0
4187,L02088,L,301.6,310.8,1523,40.8,143,0,0,0,0,0,0
4188,M01263,M,301.0,309.9,1529,34.4,146,0,0,0,0,0,0
4189,M01264,M,302.5,313.2,1734,36.4,149,0,0,0,0,0,0
4190,M01265,M,296.0,305.7,1404,37.4,152,0,0,0,0,0,0
4191,M01266,M,301.2,310.9,1574,35.6,155,0,0,0,0,0,0
4192,H00838,H,297.4,307.4,1532,35.1,160,0,0,0,0,0,0
4193,L02089,L,300.0,309.1,1513,25.4,162,0,0,0,0,0,0
4194,M01267,M,299.4,310.9,1443,40.5,165,0,0,0,0,0,0
4195,M01268,M,301.3,312.6,1472,40.4,168,0,0,0,0,0,0
4196,L02090,L,300.5,312.1,1497,35.2,170,0,0,0,0,0,0
4197,L02091,L,302.7,313.4,1588,42.2,172,0,0,0,0,0,0
4198,L02092,L,298.8,308.8,1623,48.4,174,0,0,0,0,0,0
4199,L02093,L,301.4,313.0,1360,40.1,176,0,0,0,0,0,0
4200,M01269,M,300.3,309.6,1418,48.0,179,0,0,0,0,0,0
4201,H00839,H,296.7,305.9,1593,53.4,184,0,0,0,0,0,0
4202,L02094,L,298.2,307.6,1601,55.2,186,1,0,0,1,0,0
4203,L02095,L,299.7,310.2,1392,32.9,188,0,0,0,0,0,0
4204,H00840,H,302.2,311.5,1625,32.9,193,0,0,0,0,0,0
4205,L02096,L,300.9,310.8,1537,37.3,195,0,0,0,0,0,0
4206,L02097,L,297.7,306.1,1613,40.8,197,0,0,0,0,0,0
4207,M01270,M,299.7,310.2,1453,49.5,200,0,0,0,0,0,0
4208,M01271,M,304.0,312.5,1399,43.8,203,0,0,0,0,0,0
4209,L02098,L,300.2,309.3,1507,32.8,205,0,0,0,0,0,0
4210,L02099,L,299.3,310.6,1512,36.3,207,0,0,0,0,0,0
4211,L02100,L,301.0,312.2,1506,39.7,209,0,0,0,0,0,0
4212,M01272,M,301.5,311.9,1499,31.1,212,0,0,0,0,0,0
4213,M01273,M,299.1,309.4,1707,40.1,215,0,0,0,0,0,0
4214,L02101,L,301.0,310.5,1368,32.9,217,0,0,0,0,0,0
4215,M01274,M,299.3,308.6,1454,30.1,220,0,0,0,0,0,0
4216,H00841,H,301.4,311.1,1496,34.3,225,0,0,0,0,0,0
4217,L02102,L,300.3,308.8,1540,42.5,227,0,0,0,0,0,0
4218,L02103,L,301.0,311.2,1609,42.4,229,0,0,0,0,0,0
4219,M01275,M,298.5,308.5,1625,40.6,232,0,0,0,0,0,0
4220,L02104,L,298.4,307.4,1646,45.9,2,0,0,0,0,0,0
4221,L02105,L,301.9,313.5,1586,45.3,4,0,0,0,0,0,0
4222,M01276,M,299.8,310.4,1365,41.2,7,0,0,0,0,0,0
4223,H00842,H,300.6,311.3,1372,40.4,12,0,0,0,0,0,0
4224,H00843,H,299.4,308.9,1653,40.8,17,0,0,0,0,0,0
4225,M01277,M,301.8,311.8,1646,39.1,20,0,0,0,0,0,0
4226,M01278,M,298.8,309.4,1602,27.0,23,0,0,0,0,0,0
4227,L02106,L,299.7,309.9,1456,46.8,25,0,0,0,0,0,0
4228,M01279,M,301.6,313.2,1506,42.4,28,0,0,0,0,0,0
4229,L02107,L,302.3,312.1,1498,32.7,30,0,0,0,0,0,0
4230,L02108,L,299.0,308.4,1436,48.6,32,0,0,0,0,0,0
4231,M01280,M,303.9,314.6,1564,36.5,35,0,0,0,0,0,0
4232,M01281,M,300.6,309.4,1754,39.4,38,0,0,0,0,0,0
4233,L02109,L,297.9,308.8,1488,46.1,40,0,0,0,0,0,0
4234,H00844,H,300.7,309.4,1668,41.3,45,0,0,0,0,0,0
4235,L02110,L,299.2,309.9,1449,48.0,47,0,0,0,0,0,0
4236,L02111,L,300.9,310.2,1384,37.9,49,0,0,0,0,0,0
4237,L02112,L,299.9,310.4,1637,50.1,51,0,0,0,0,0,0
4238,M01282,M,300.1,311.1,1516,35.3,54,0,0,0,0,0,0
4239,M01283,M,298.2,308.3,1665,47.9,57,0,0,0,0,0,0
4240,L02113,L,302.0,310.8,1685,26.4,59,0,0,0,0,0,0
4241,M01284,M,297.7,306.8,1510,33.4,62,0,0,0,0,0,0
4242,L02114,L,297.8,307.1,1672,41.8,64,0,0,0,0,0,0
4243,M01285,M,300.7,308.8,1450,37.6,67,0,0,0,0,0,0
4244,L02115,L,303.2,314.3,1449,39.6,69,0,0,0,0,0,0
4245,L02116,L,299.3,309.4,1645,40.2,71,0,0,0,0,0,0
4246,H00845,H,301.4,310.3,1383,32.9,76,0,0,0,0,0,0
4247,L02117,L,302.1,313.6,1538,33.3,78,0,0,0,0,0,0
4248,L02118,L,301.6,310.9,1663,41.4,80,0,0,0,0,0,0
4249,M01286,M,299.4,309.6,1670,36.0,83,0,0,0,0,0,0
4250,H00846,H,297.8,307.0,1495,48.0,88,0,0,0,0,0,0
4251,L02119,L,295.6,303.6,1639,38.8,90,0,0,0,0,0,0
4252,L02120,L,299.5,308.1,1426,44.3,92,0,0,0,0,0,0
4253,L02121,L,302.4,311.9,1471,42.7,94,0,0,0,0,0,0
4254,M01287,M,297.8,308.6,1561,36.4,97,0,0,0,0,0,0
4255,L02122,L,301.4,311.7,1576,28.1,99,0,0,0,0,0,0
4256,M01288,M,298.1,308.2,1433,47.1,102,0,0,0,0,0,0
4257,H00847,H,300.2,308.2,1724,34.1,107,0,0,0,0,0,0
4258,L02123,L,301.4,312.7,1350,37.6,109,0,0,0,0,0,0
4259,L02124,L,298.7,308.9,1543,39.1,111,0,0,0,0,0,0
4260,L02125,L,300.3,310.2,1558,39.7,113,0,0,0,0,0,0
4261,L02126,L,299.2,310.3,1363,45.8,115,0,0,0,0,0,0
4262,H00848,H,301.4,312.7,1670,40.0,120,0,0,0,0,0,0
4263,L02127,L,300.5,311.6,1464,39.2,122,0,0,0,0,0,0
4264,L02128,L,300.1,309.9,1548,46.1,124,0,0,0,0,0,0
4265,M01289,M,303.1,312.1,1571,43.6,127,0,0,0,0,0,0
4266,L02129,L,301.3,312.3,1393,35.6,129,0,0,0,0,0,0
4267,M01290,M,298.6,307.3,1431,33.1,132,0,0,0,0,0,0
4268,L02130,L,299.8,311.8,1694,35.1,134,0,0,0,0,0,0
4269,H00849,H,299.8,309.9,1531,39.7,139,0,0,0,0,0,0
4270,H00850,H,300.2,309.1,1268,32.5,144,0,0,0,0,0,0
4271,M01291,M,305.0,313.8,1508,40.5,147,0,0,0,0,0,0
4272,H00851,H,300.7,309.5,1535,39.2,152,0,0,0,0,0,0
4273,L02131,L,295.9,306.1,1560,24.7,154,0,0,0,0,0,0
4274,L02132,L,298.9,308.9,1338,31.6,156,0,0,0,0,0,0
4275,M01292,M,296.1,304.9,1535,22.7,159,0,0,0,0,0,0
4276,M01293,M,299.3,309.0,1455,37.9,162,0,0,0,0,0,0
4277,L02133,L,296.0,304.7,1560,46.4,164,0,0,0,0,0,0
4278,L02134,L,298.3,308.8,1589,28.7,166,0,0,0,0,0,0
4279,L02135,L,297.0,306.9,1578,32.1,168,0,0,0,0,0,0
4280,L02136,L,300.8,310.4,1678,39.0,170,0,0,0,0,0,0
4281,L02137,L,300.0,308.7,1757,33.6,172,0,0,0,0,0,0
4282,M01294,M,300.6,310.3,1425,33.6,175,0,0,0,0,0,0
4283,L02138,L,299.8,309.4,1500,43.2,177,0,0,0,0,0,0
4284,L02139,L,297.2,307.5,1612,37.0,179,0,0,0,0,0,0
4285,M01295,M,301.0,311.2,1525,31.1,182,0,0,0,0,0,0
4286,M01296,M,303.8,314.6,1266,27.5,185,0,0,0,0,0,0
4287,H00852,H,300.8,310.3,1519,53.3,190,0,0,0,0,0,0
4288,M01297,M,299.1,307.3,1661,46.8,193,0,0,0,0,0,0
4289,L02140,L,297.1,308.1,1399,37.3,195,0,0,0,0,0,0
4290,H00853,H,298.2,307.2,1560,40.5,200,0,0,0,0,0,0
4291,M01298,M,300.9,309.8,1347,37.1,203,0,0,0,0,0,0
4292,L02141,L,302.1,312.1,1625,43.1,205,0,0,0,0,0,0
4293,M01299,M,300.5,310.8,1562,34.9,208,0,0,0,0,0,0
4294,H00854,H,301.6,311.1,1481,36.7,213,0,0,0,0,0,0
4295,L02142,L,301.4,310.9,1496,42.7,215,0,0,0,0,0,0
4296,L02143,L,301.0,310.6,1388,48.7,217,0,0,0,0,0,0
4297,L02144,L,298.7,310.1,1639,44.4,219,0,0,0,0,0,0
4298,L02145,L,300.3,310.3,1458,47.4,2,0,0,0,0,0,0
4299,L02146,L,298.3,307.3,1588,38.1,4,0,0,0,0,0,0
4300,M01300,M,300.0,309.1,1442,36.3,7,0,0,0,0,0,0
4301,L02147,L,300.7,310.4,1758,28.4,9,0,0,0,0,0,0
4302,H00855,H,303.4,313.6,1694,40.4,14,0,0,0,0,0,0
4303,M01301,M,297.4,307.9,1745,42.3,17,0,0,0,0,0,0
4304,M01302,M,301.0,311.1,1757,38.2,20,0,0,0,0,0,0
4305,H00856,H,303.0,312.1,1475,35.3,25,0,0,0,0,0,0
4306,L02148,L,301.5,311.1,1450,47.5,27,0,0,0,0,0,0
4307,L02149,L,301.7,312.4,1741,43.8,29,0,0,0,0,0,0
4308,M01303,M,301.2,310.0,1524,47.9,32,0,0,0,0,0,0
4309,H00857,H,302.6,312.1,1621,34.3,37,0,0,0,0,0,0
4310,M01304,M,297.8,308.4,1476,35.8,40,0,0,0,0,0,0
4311,L02150,L,297.2,308.1,1478,47.2,42,0,0,0,0,0,0
4312,H00858,H,300.0,309.8,1621,39.7,47,0,0,0,0,0,0
4313,L02151,L,295.7,305.3,1341,36.6,49,0,0,0,0,0,0
4314,H00859,H,302.5,311.1,1616,37.0,54,0,0,0,0,0,0
4315,H00860,H,302.4,313.0,1590,39.9,59,0,0,0,0,0,0
4316,L02152,L,299.1,310.5,1485,46.0,61,0,0,0,0,0,0
4317,M01305,M,299.3,311.8,1540,39.0,64,0,0,0,0,0,0
4318,L02153,L,299.9,310.2,1556,44.7,66,0,0,0,0,0,0
4319,L02154,L,300.1,310.1,1562,42.8,68,0,0,0,0,0,0
4320,M01306,M,300.3,309.3,1607,34.7,71,0,0,0,0,0,0
4321,M01307,M,301.1,309.2,1457,34.7,74,0,0,0,0,0,0
4322,H00861,H,299.7,309.8,1808,37.3,79,0,0,0,0,0,0
4323,M01308,M,301.9,314.2,1517,32.0,82,0,0,0,0,0,0
4324,L02155,L,300.9,312.2,1525,36.9,84,0,0,0,0,0,0
4325,H00862,H,298.8,309.9,1732,49.1,89,0,0,0,0,0,0
4326,H00863,H,302.7,312.9,1355,39.8,94,0,0,0,0,0,0
4327,L02156,L,297.3,307.6,1731,35.4,96,0,0,0,0,0,0
4328,H00864,H,299.8,307.4,1547,51.5,101,0,0,0,0,0,0
4329,L02157,L,301.9,312.7,1485,34.4,103,0,0,0,0,0,0
4330,H00865,H,298.6,308.0,1426,34.2,108,0,0,0,0,0,0
4331,L02158,L,300.6,309.9,1411,47.4,110,0,0,0,0,0,0
4332,L02159,L,301.1,310.8,1504,44.0,112,0,0,0,0,0,0
4333,L02160,L,298.3,307.9,1566,39.2,114,0,0,0,0,0,0
4334,M01309,M,299.9,309.1,1600,45.0,117,0,0,0,0,0,0
4335,L02161,L,299.7,309.7,1565,41.8,119,0,0,0,0,0,0
4336,L02162,L,298.9,308.3,1487,32.9,121,0,0,0,0,0,0
4337,M01310,M,304.6,314.7,1672,25.6,124,0,0,0,0,0,0
4338,H00866,H,298.5,307.0,1805,36.6,129,0,0,0,0,0,0
4339,L02163,L,302.0,311.8,1687,46.5,131,0,0,0,0,0,0
4340,L02164,L,299.2,308.1,1502,37.4,133,0,0,0,0,0,0
4341,L02165,L,297.8,307.2,1588,42.8,135,0,0,0,0,0,0
4342,L02166,L,300.2,310.3,1595,41.1,137,0,0,0,0,0,0
4343,H00867,H,301.3,309.7,1698,29.8,142,0,0,0,0,0,0
4344,H00868,H,301.8,311.0,1504,37.6,147,0,0,0,0,0,0
4345,M01311,M,303.1,313.7,1442,42.2,150,0,0,0,0,0,0
4346,L02167,L,305.9,314.5,1651,35.3,152,0,0,0,0,0,0
4347,M01312,M,300.5,312.3,1579,37.8,155,0,0,0,0,0,0
4348,M01313,M,298.7,309.9,1427,42.4,158,0,0,0,0,0,0
4349,H00869,H,300.9,310.4,1609,40.4,163,0,0,0,0,0,0
4350,M01314,M,299.5,308.7,1722,46.3,166,0,0,0,0,0,0
4351,M01315,M,301.9,312.1,1469,42.3,169,0,0,0,0,0,0
4352,M01316,M,297.4,306.0,1449,34.3,172,0,0,0,0,0,0
4353,L02168,L,304.7,312.7,1541,37.1,174,0,0,0,0,0,0
4354,H00870,H,301.7,311.3,1606,40.1,179,0,0,0,0,0,0
4355,M01317,M,296.6,306.5,1531,48.0,182,0,0,0,0,0,0
4356,M01318,M,298.6,308.7,1651,37.2,185,0,0,0,0,0,0
4357,L02169,L,301.6,311.0,1564,29.6,187,0,0,0,0,0,0
4358,M01319,M,302.4,313.6,1639,42.6,190,0,0,0,0,0,0
4359,M01320,M,297.5,306.0,1466,35.5,193,0,0,0,0,0,0
4360,L02170,L,301.4,310.3,1415,32.3,195,0,0,0,0,0,0
4361,L02171,L,296.1,306.6,1504,40.1,197,0,0,0,0,0,0
4362,M01321,M,299.8,308.7,1403,45.8,200,0,0,0,0,0,0
4363,M01322,M,302.2,311.0,1579,36.6,203,0,0,0,0,0,0
4364,M01323,M,298.9,309.0,1336,43.0,206,0,0,0,0,0,0
4365,L02172,L,297.0,305.9,1493,44.1,208,0,0,0,0,0,0
4366,M01324,M,300.3,310.2,1509,44.8,211,0,0,0,0,0,0
4367,L02173,L,298.8,308.1,1433,35.6,213,0,0,0,0,0,0
4368,L02174,L,301.3,310.4,1507,33.3,215,0,0,0,0,0,0
4369,L02175,L,298.2,306.1,1538,34.1,217,0,0,0,0,0,0
4370,L02176,L,298.5,308.6,1665,44.7,219,0,0,0,0,0,0
4371,L02177,L,296.0,304.7,1434,44.0,2,0,0,0,0,0,0
4372,L02178,L,300.3,310.2,1574,34.3,4,0,0,0,0,0,0
4373,L02179,L,299.7,309.2,1594,52.8,6,0,0,0,0,0,0
4374,L02180,L,297.6,307.4,1536,33.5,8,0,0,0,0,0,0
4375,M01325,M,300.4,310.2,1488,46.0,11,0,0,0,0,0,0
4376,L02181,L,302.1,312.2,1424,49.1,13,0,0,0,0,0,0
4377,L02182,L,299.6,308.8,1728,40.7,15,0,0,0,0,0,0
4378,H00871,H,300.5,311.8,1545,35.4,20,0,0,0,0,0,0
4379,L02183,L,300.5,308.7,1506,35.5,22,0,0,0,0,0,0
4380,M01326,M,297.6,307.4,1750,38.4,25,0,0,0,0,0,0
4381,L02184,L,304.1,314.9,1560,46.5,27,0,0,0,0,0,0
4382,L02185,L,299.1,309.5,1792,32.8,29,0,0,0,0,0,0
4383,M01327,M,301.3,310.3,1396,29.0,32,0,0,0,0,0,0
4384,M01328,M,301.5,310.7,1514,42.2,35,0,0,0,0,0,0
4385,H00872,H,299.7,308.7,1401,43.5,40,0,0,0,0,0,0
4386,M01329,M,301.2,311.8,1526,51.8,43,0,0,0,0,0,0
4387,H00873,H,300.5,309.8,1525,31.7,48,0,0,0,0,0,0
4388,L02186,L,297.2,307.4,1492,39.2,50,0,0,0,0,0,0
4389,L02187,L,299.3,309.6,1543,47.0,52,0,0,0,0,0,0
4390,L02188,L,298.8,311.1,1497,40.7,54,0,0,0,0,0,0
4391,L02189,L,299.1,309.4,1527,38.8,56,0,0,0,0,0,0
4392,M01330,M,297.4,306.6,1462,44.7,59,0,0,0,0,0,0
4393,M01331,M,302.3,310.8,1682,36.4,62,0,0,0,0,0,0
4394,L02190,L,303.2,312.9,1427,45.1,64,0,0,0,0,0,0
4395,H00874,H,302.0,311.8,1559,32.5,69,0,0,0,0,0,0
4396,H00875,H,302.5,310.3,1419,30.9,74,0,0,0,0,0,0
4397,L02191,L,299.3,308.6,1455,38.4,76,0,0,0,0,0,0
4398,L02192,L,298.7,309.0,1465,24.6,78,0,0,0,0,0,0
4399,L02193,L,298.4,307.9,1525,40.5,80,0,0,0,0,0,0
4400,L02194,L,301.3,312.3,1556,29.6,82,0,0,0,0,0,0
4401,L02195,L,300.5,308.9,1427,41.7,84,0,0,0,0,0,0
4402,M01332,M,299.8,310.5,1497,41.1,87,0,0,0,0,0,0
4403,L02196,L,302.6,313.5,1439,39.6,89,0,0,0,0,0,0
4404,L02197,L,300.8,311.8,1434,42.6,91,0,0,0,0,0,0
4405,H00876,H,298.3,306.8,1651,41.2,96,0,0,0,0,0,0
4406,M01333,M,298.6,309.0,1399,38.2,99,0,0,0,0,0,0
4407,H00877,H,301.4,310.7,1545,51.0,104,0,0,0,0,0,0
4408,L02198,L,302.1,310.7,1708,42.4,106,0,0,0,0,0,0
4409,L02199,L,301.1,310.7,1659,44.6,108,0,0,0,0,0,0
4410,M01334,M,303.8,312.9,1581,46.4,111,0,0,0,0,0,0
4411,L02200,L,303.3,314.2,1536,44.0,113,0,0,0,0,0,0
4412,L02201,L,300.9,311.4,1612,52.4,115,0,0,0,0,0,0
4413,M01335,M,298.3,307.2,1575,41.0,118,0,0,0,0,0,0
4414,M01336,M,297.4,306.7,1680,40.0,121,0,0,0,0,0,0
4415,L02202,L,299.2,308.8,1525,36.1,123,0,0,0,0,0,0
4416,L02203,L,301.5,311.4,1638,38.5,125,0,0,0,0,0,0
4417,L02204,L,303.7,314.7,1505,35.6,127,0,0,0,0,0,0
4418,L02205,L,300.8,311.5,1727,44.1,129,0,0,0,0,0,0
4419,L02206,L,302.3,312.4,1522,34.5,131,0,0,0,0,0,0
4420,L02207,L,299.5,309.2,1376,40.4,133,0,0,0,0,0,0
4421,L02208,L,301.2,309.5,1546,43.4,135,0,0,0,0,0,0
4422,H00878,H,301.6,312.9,1614,40.9,140,0,0,0,0,0,0
4423,M01337,M,296.0,305.6,1701,34.6,143,0,0,0,0,0,0
4424,M01338,M,299.2,310.7,1438,44.2,146,0,0,0,0,0,0
4425,L02209,L,301.9,312.1,1364,39.5,148,0,0,0,0,0,0
4426,L02210,L,300.5,312.6,1588,22.8,150,0,0,0,0,0,0
4427,L02211,L,297.6,308.2,1585,34.1,152,0,0,0,0,0,0
4428,L02212,L,295.1,303.7,1397,48.4,154,0,0,0,0,0,0
4429,L02213,L,299.3,308.7,1505,48.9,156,0,0,0,0,0,0
4430,M01339,M,299.9,309.7,1510,43.2,159,0,0,0,0,0,0
4431,M01340,M,298.2,307.4,1620,44.7,162,0,0,0,0,0,0
4432,M01341,M,300.3,309.9,1497,35.3,165,0,0,0,0,0,0
4433,L02214,L,301.0,309.6,1494,38.4,167,0,0,0,0,0,0
4434,H00879,H,301.3,311.3,1549,47.4,172,0,0,0,0,0,0
4435,L02215,L,295.3,305.5,1400,42.6,174,0,0,0,0,0,0
4436,L02216,L,297.4,306.4,1728,40.4,176,0,0,0,0,0,0
4437,L02217,L,299.4,311.3,1631,38.9,178,0,0,0,0,0,0
4438,M01342,M,301.1,311.2,1468,47.0,181,0,0,0,0,0,0
4439,H00880,H,301.0,310.2,1426,46.7,186,0,0,0,0,0,0
4440,L02218,L,300.9,309.3,1434,43.9,188,0,0,0,0,0,0
4441,H00881,H,299.2,309.3,1597,40.4,193,0,0,0,0,0,0
4442,H00882,H,299.3,309.1,1437,37.9,198,0,0,0,0,0,0
4443,L02219,L,298.5,309.3,1513,44.2,200,0,0,0,0,0,0
4444,L02220,L,301.5,311.4,1369,33.4,202,0,0,0,0,0,0
4445,L02221,L,298.2,307.0,1592,34.6,204,0,0,0,0,0,0
4446,H00883,H,301.7,313.4,1596,31.3,209,0,0,0,0,0,0
4447,L02222,L,300.4,310.9,1520,47.4,211,0,0,0,0,0,0
4448,M01343,M,299.9,309.7,1557,35.7,214,0,0,0,0,0,0
4449,L02223,L,298.7,308.9,1618,42.4,216,0,0,0,0,0,0
4450,M01344,M,297.3,307.8,1555,39.2,219,0,0,0,0,0,0
4451,L02224,L,298.7,307.3,1616,57.4,2,1,0,0,1,0,0
4452,M01345,M,299.3,309.5,1421,42.7,5,0,0,0,0,0,0
4453,H00884,H,295.3,304.8,1576,28.8,10,0,0,0,0,0,0
4454,H00885,H,299.6,310.1,1557,47.1,15,0,0,0,0,0,0
4455,H00886,H,301.8,311.1,1658,37.7,20,0,0,0,0,0,0
4456,L02225,L,301.1,310.5,1541,38.8,22,0,0,0,0,0,0
4457,M01346,M,299.0,310.7,1528,36.0,25,0,0,0,0,0,0
4458,L02226,L,300.1,311.3,1482,41.2,27,0,0,0,0,0,0
4459,L02227,L,298.9,305.6,1687,41.1,29,0,0,0,0,0,0
4460,M01347,M,300.3,311.5,1302,36.1,32,0,0,0,0,0,0
4461,L02228,L,303.1,313.0,1589,37.0,34,0,0,0,0,0,0
4462,M01348,M,301.9,311.2,1536,40.6,37,0,0,0,0,0,0
4463,H00887,H,301.0,310.0,1520,25.9,42,0,0,0,0,0,0
4464,L02229,L,299.0,308.1,1505,31.4,44,0,0,0,0,0,0
4465,M01349,M,301.5,310.8,1532,50.0,47,0,0,0,0,0,0
4466,L02230,L,296.6,305.5,1586,42.0,49,0,0,0,0,0,0
4467,L02231,L,299.5,308.1,1458,36.9,51,0,0,0,0,0,0
4468,L02232,L,301.2,310.1,1552,29.8,53,0,0,0,0,0,0
4469,H00888,H,301.5,311.8,1573,39.7,58,0,0,0,0,0,0
4470,H00889,H,301.3,311.4,1443,45.9,63,0,0,0,0,0,0
4471,H00890,H,300.6,311.1,1588,55.8,68,1,0,0,1,0,0
4472,H00891,H,299.6,309.5,1574,51.4,73,0,0,0,0,0,0
4473,L02233,L,301.1,309.8,1458,34.7,75,0,0,0,0,0,0
4474,L02234,L,298.1,308.6,1419,37.0,77,0,0,0,0,0,0
4475,M01350,M,298.3,307.3,1457,31.2,80,0,0,0,0,0,0
4476,L02235,L,300.1,310.8,1552,35.0,82,0,0,0,0,0,0
4477,L02236,L,300.3,309.2,1530,38.7,84,0,0,0,0,0,0
4478,L02237,L,296.3,305.7,1677,37.8,86,0,0,0,0,0,0
4479,M01351,M,300.9,310.5,1501,52.3,89,0,0,0,0,0,0
4480,M01352,M,301.5,312.2,1449,32.1,92,0,0,0,0,0,0
4481,L02238,L,299.8,310.0,1604,39.7,94,0,0,0,0,0,0
4482,L02239,L,304.7,314.8,1440,27.6,96,0,0,0,0,0,0
4483,M01353,M,298.6,310.5,1459,42.0,99,0,0,0,0,0,0
4484,M01354,M,299.3,307.4,1460,31.9,102,0,0,0,0,0,0
4485,L02240,L,299.2,308.2,1238,46.6,104,0,0,0,0,0,0
4486,M01355,M,299.8,308.8,1595,38.3,107,0,0,0,0,0,0
4487,L02241,L,299.3,307.6,1632,31.6,109,0,0,0,0,0,0
4488,L02242,L,297.2,306.5,1630,27.4,111,0,0,0,0,0,0
4489,M01356,M,298.9,309.6,1727,34.1,114,0,0,0,0,0,0
4490,M01357,M,299.8,309.2,1689,41.4,117,0,0,0,0,0,0
4491,L02243,L,302.5,312.1,1505,42.5,119,0,0,0,0,0,0
4492,M01358,M,304.4,312.7,1649,37.0,122,0,0,0,0,0,0
4493,M01359,M,302.7,311.9,1528,45.6,125,0,0,0,0,0,0
4494,M01360,M,298.4,308.0,1495,33.2,128,0,0,0,0,0,0
4495,M01361,M,298.6,309.3,1462,22.4,131,1,0,0,1,0,0
4496,M01362,M,299.7,308.0,1511,41.7,134,0,0,0,0,0,0
4497,L02244,L,303.6,313.1,1571,47.7,136,0,0,0,0,0,0
4498,L02245,L,299.7,310.8,1696,47.8,138,0,0,0,0,0,0
4499,L02246,L,297.3,306.9,1611,32.2,140,0,0,0,0,0,0
4500,L02247,L,299.0,306.9,1461,36.7,142,0,0,0,0,0,0
4501,M01363,M,301.5,312.8,1434,44.3,145,0,0,0,0,0,0
4502,M01364,M,301.4,312.1,1595,36.2,148,0,0,0,0,0,0
4503,L02248,L,299.6,310.5,1628,40.6,150,0,0,0,0,0,0
4504,L02249,L,301.4,309.6,1661,35.7,152,0,0,0,0,0,0
4505,L02250,L,295.5,307.0,1511,33.5,154,0,0,0,0,0,0
4506,L02251,L,300.2,309.4,1585,34.6,156,0,0,0,0,0,0
4507,M01365,M,301.7,311.2,1624,45.7,159,0,0,0,0,0,0
4508,L02252,L,298.3,307.6,1403,40.1,161,0,0,0,0,0,0
4509,M01366,M,298.3,309.3,1566,47.6,164,0,0,0,0,0,0
4510,H00892,H,296.3,306.1,1628,43.1,169,0,0,0,0,0,0
4511,L02253,L,303.2,313.7,1589,49.6,171,0,0,0,0,0,0
4512,L02254,L,298.6,308.6,1530,44.9,173,0,0,0,0,0,0
4513,L02255,L,300.5,310.4,1799,44.6,175,0,0,0,0,0,0
4514,M01367,M,301.2,310.3,1731,39.3,178,0,0,0,0,0,0
4515,M01368,M,303.0,314.8,1539,58.1,181,1,0,0,1,0,0
4516,L02256,L,299.7,308.2,1519,40.7,183,0,0,0,0,0,0
4517,M01369,M,298.9,309.3,1608,28.2,186,0,0,0,0,0,0
4518,H00893,H,300.3,310.7,1532,41.6,191,0,0,0,0,0,0
4519,L02257,L,302.6,313.7,1665,34.1,193,0,0,0,0,0,0
4520,L02258,L,299.7,311.0,1411,46.1,195,0,0,0,0,0,0
4521,H00894,H,298.1,308.0,1514,44.4,200,0,0,0,0,0,0
4522,M01370,M,296.9,307.4,1607,38.9,203,0,0,0,0,0,0
4523,H00895,H,297.6,309.3,1638,34.7,208,0,0,0,0,0,0
4524,M01371,M,301.7,311.7,1390,40.9,3,0,0,0,0,0,0
4525,H00896,H,299.4,308.3,1443,36.2,8,0,0,0,0,0,0
4526,L02259,L,298.8,308.4,1370,44.7,10,0,0,0,0,0,0
4527,M01372,M,298.6,307.3,1451,43.3,13,0,0,0,0,0,0
4528,H00897,H,300.2,310.5,1410,57.6,18,0,0,0,0,0,0
4529,M01373,M,299.5,310.6,1592,37.3,21,0,0,0,0,0,0
4530,L02260,L,299.5,309.3,1561,38.2,23,0,0,0,0,0,0
4531,L02261,L,302.7,311.1,1523,39.1,25,0,0,0,0,0,0
4532,L02262,L,303.1,314.1,1541,39.3,27,0,0,0,0,0,0
4533,L02263,L,296.8,305.0,1657,46.2,29,0,0,0,0,0,0
4534,L02264,L,300.7,309.1,1434,38.3,31,0,0,0,0,0,0
4535,M01374,M,298.4,308.3,1345,51.8,34,0,0,0,0,0,0
4536,M01375,M,299.5,309.8,1609,43.5,37,0,0,0,0,0,0
4537,L02265,L,300.6,311.0,1499,37.1,39,0,0,0,0,0,0
4538,M01376,M,299.6,309.5,1436,35.6,42,0,0,0,0,0,0
4539,L02266,L,300.5,312.2,1593,46.2,44,0,0,0,0,0,0
4540,L02267,L,301.3,311.4,1341,40.2,46,0,0,0,0,0,0
4541,L02268,L,300.6,311.6,1452,40.1,48,0,0,0,0,0,0
4542,M01377,M,298.7,309.5,1299,36.4,51,0,0,0,0,0,0
4543,L02269,L,298.7,307.4,1564,39.6,53,0,0,0,0,0,0
4544,L02270,L,297.1,307.0,1695,36.2,55,0,0,0,0,0,0
4545,L02271,L,298.3,310.4,1481,48.2,57,0,0,0,0,0,0
4546,H00898,H,303.9,313.4,1459,44.3,62,0,0,0,0,0,0
4547,L02272,L,298.4,307.7,1716,39.0,64,0,0,0,0,0,0
4548,M01378,M,297.6,307.8,1601,38.9,67,0,0,0,0,0,0
4549,M01379,M,300.6,310.2,1776,40.6,70,0,0,0,0,0,0
4550,M01380,M,299.8,309.0,1554,40.0,73,0,0,0,0,0,0
4551,H00899,H,299.6,309.1,1561,34.3,78,0,0,0,0,0,0
4552,L02273,L,302.8,314.3,1682,28.6,80,0,0,0,0,0,0
4553,L02274,L,301.1,311.0,1523,35.2,82,0,0,0,0,0,0
4554,H00900,H,298.9,307.6,1563,39.2,87,0,0,0,0,0,0
4555,L02275,L,299.2,307.6,1296,35.6,89,1,0,1,0,0,0
4556,M01381,M,299.0,311.2,1712,44.9,92,0,0,0,0,0,0
4557,M01382,M,301.7,311.5,1577,38.6,95,0,0,0,0,0,0
4558,M01383,M,299.4,309.8,1527,51.2,98,0,0,0,0,0,0
4559,H00901,H,296.4,305.6,1629,36.6,103,0,0,0,0,0,0
4560,H00902,H,299.9,310.2,1420,40.8,108,0,0,0,0,0,0
4561,M01384,M,296.9,308.4,1483,38.3,111,0,0,0,0,0,0
4562,L02276,L,304.4,313.7,1593,42.6,113,0,0,0,0,0,0
4563,H00903,H,298.1,308.5,1542,46.4,118,0,0,0,0,0,0
4564,L02277,L,299.7,308.3,1583,43.6,120,0,0,0,0,0,0
4565,L02278,L,300.5,312.5,1563,27.8,122,0,0,0,0,0,0
4566,H00904,H,299.4,309.7,1601,43.0,127,0,0,0,0,0,0
4567,L02279,L,299.4,309.0,1406,33.9,129,0,0,0,0,0,0
4568,L02280,L,300.8,310.5,1666,38.1,131,0,0,0,0,0,0
4569,L02281,L,303.1,312.5,1490,44.1,133,0,0,0,0,0,0
4570,H00905,H,301.5,311.1,1544,33.3,138,0,0,0,0,0,0
4571,M01385,M,303.0,310.5,1478,46.9,141,0,0,0,0,0,0
4572,M01386,M,297.9,307.8,1509,37.9,144,0,0,0,0,0,0
4573,L02282,L,300.6,310.5,1561,53.0,146,0,0,0,0,0,0
4574,M01387,M,300.3,310.8,1612,40.4,149,0,0,0,0,0,0
4575,M01388,M,300.7,310.2,1628,50.2,152,0,0,0,0,0,0
4576,L02283,L,302.8,312.0,1581,47.2,154,0,0,0,0,0,0
4577,L02284,L,299.6,309.6,1478,36.3,156,0,0,0,0,0,0
4578,L02285,L,299.2,307.6,1575,32.2,158,0,0,0,0,0,0
4579,H00906,H,301.1,311.2,1562,40.7,163,0,0,0,0,0,0
4580,M01389,M,296.4,304.6,1544,36.5,166,0,0,0,0,0,0
4581,H00907,H,299.5,310.6,1591,49.5,171,0,0,0,0,0,0
4582,L02286,L,299.7,310.4,1410,38.5,173,0,0,0,0,0,0
4583,M01390,M,298.2,307.2,1335,38.2,176,0,0,0,0,0,0
4584,M01391,M,302.1,312.8,1657,31.6,179,0,0,0,0,0,0
4585,M01392,M,297.9,308.0,1525,42.5,182,0,0,0,0,0,0
4586,H00908,H,299.7,308.7,1580,33.0,187,0,0,0,0,0,0
4587,L02287,L,300.6,308.6,1451,42.7,189,0,0,0,0,0,0
4588,L02288,L,302.7,313.0,1664,43.5,191,0,0,0,0,0,0
4589,M01393,M,300.0,309.2,1573,35.5,194,0,0,0,0,0,0
4590,M01394,M,301.9,313.0,1520,45.7,197,0,0,0,0,0,0
4591,M01395,M,301.4,311.4,1567,38.4,200,0,0,0,0,0,0
4592,L02289,L,300.2,309.5,1364,31.2,202,0,0,0,0,0,0
4593,M01396,M,297.8,309.6,1575,49.3,205,0,0,0,0,0,0
4594,L02290,L,297.1,307.7,1687,34.5,2,0,0,0,0,0,0
4595,L02291,L,300.2,306.6,1570,43.0,4,0,0,0,0,0,0
4596,M01397,M,298.9,308.4,1557,42.6,7,0,0,0,0,0,0
4597,M01398,M,301.8,310.5,1506,42.3,10,0,0,0,0,0,0
4598,L02292,L,301.5,310.7,1646,42.2,12,0,0,0,0,0,0
4599,L02293,L,299.6,309.5,1661,34.2,14,0,0,0,0,0,0
4600,L02294,L,297.7,308.0,1495,50.1,16,0,0,0,0,0,0
4601,L02295,L,301.0,311.3,1574,45.7,18,0,0,0,0,0,0
4602,M01399,M,298.0,309.0,1561,42.9,21,0,0,0,0,0,0
4603,H00909,H,298.5,309.1,1578,32.0,26,0,0,0,0,0,0
4604,L02296,L,298.0,308.6,1461,34.1,28,0,0,0,0,0,0
4605,M01400,M,299.7,309.9,1652,43.9,31,0,0,0,0,0,0
4606,H00910,H,302.3,313.6,1595,28.0,36,0,0,0,0,0,0
4607,H00911,H,300.0,309.7,1658,42.0,41,0,0,0,0,0,0
4608,L02297,L,299.1,308.8,1426,32.0,43,0,0,0,0,0,0
4609,H00912,H,296.9,305.0,1432,34.8,48,0,0,0,0,0,0
4610,L02298,L,301.1,312.2,1744,31.5,50,0,0,0,0,0,0
4611,L02299,L,298.4,308.4,1653,41.5,52,0,0,0,0,0,0
4612,L02300,L,300.2,313.2,1456,46.7,54,0,0,0,0,0,0
4613,L02301,L,299.3,308.9,1625,42.1,56,0,0,0,0,0,0
4614,L02302,L,301.7,311.8,1491,42.7,58,0,0,0,0,0,0
4615,L02303,L,299.7,310.2,1368,41.0,60,0,0,0,0,0,0
4616,L02304,L,299.9,308.8,1328,44.1,62,0,0,0,0,0,0
4617,H00913,H,301.0,311.3,1536,42.8,67,0,0,0,0,0,0
4618,H00914,H,304.2,314.2,1694,23.7,72,0,0,0,0,0,0
4619,L02305,L,301.8,311.5,1690,45.4,74,0,0,0,0,0,0
4620,H00915,H,299.8,311.0,1664,44.8,79,0,0,0,0,0,0
4621,H00916,H,300.0,309.1,1621,37.8,84,0,0,0,0,0,0
4622,M01401,M,299.0,309.2,1570,28.2,87,0,0,0,0,0,0
4623,L02306,L,298.1,309.6,1653,41.5,89,0,0,0,0,0,0
4624,M01402,M,298.9,308.2,1337,42.0,92,0,0,0,0,0,0
4625,H00917,H,298.5,308.2,1637,37.4,97,0,0,0,0,0,0
4626,M01403,M,301.3,313.7,1426,41.1,100,0,0,0,0,0,0
4627,L02307,L,297.9,308.3,1447,46.4,102,0,0,0,0,0,0
4628,M01404,M,302.7,312.2,1608,54.4,105,1,0,0,1,0,0
4629,M01405,M,301.5,312.3,1631,40.9,108,0,0,0,0,0,0
4630,M01406,M,300.0,309.5,1477,42.0,111,0,0,0,0,0,0
4631,L02308,L,300.0,308.4,1603,35.1,113,0,0,0,0,0,0
4632,L02309,L,298.9,310.3,1594,37.0,115,0,0,0,0,0,0
4633,H00918,H,300.5,309.4,1507,39.2,120,0,0,0,0,0,0
4634,H00919,H,302.2,314.6,1553,47.1,125,0,0,0,0,0,0
4635,L02310,L,298.6,308.1,1746,44.9,127,0,0,0,0,0,0
4636,H00920,H,296.9,309.1,1510,51.6,132,0,0,0,0,0,0
4637,L02311,L,301.4,310.0,1513,31.1,134,0,0,0,0,0,0
4638,M01407,M,300.6,311.7,1553,32.1,137,0,0,0,0,0,0
4639,M01408,M,297.8,308.3,1520,46.6,140,0,0,0,0,0,0
4640,H00921,H,298.5,309.4,1617,48.7,145,0,0,0,0,0,0
4641,H00922,H,298.3,309.2,1685,40.2,150,0,0,0,0,0,0
4642,L02312,L,298.6,308.1,1513,13.2,152,1,0,0,1,0,0
4643,H00923,H,299.4,308.0,1452,35.5,157,0,0,0,0,0,0
4644,L02313,L,299.5,309.4,1735,42.0,159,0,0,0,0,0,0
4645,M01409,M,298.7,308.9,1550,34.6,162,0,0,0,0,0,0
4646,M01410,M,298.5,308.0,1368,41.1,165,0,0,0,0,0,0
4647,M01411,M,299.5,309.8,1724,51.4,168,1,0,0,1,0,0
4648,L02314,L,300.3,310.7,1651,48.6,170,0,0,0,0,0,0
4649,H00924,H,299.4,308.5,1698,44.9,175,0,0,0,0,0,0
4650,L02315,L,302.3,312.7,1681,39.6,177,0,0,0,0,0,0
4651,L02316,L,301.0,310.7,1802,37.0,179,0,0,0,0,0,0
4652,M01412,M,296.8,306.1,1434,44.5,182,0,0,0,0,0,0
4653,L02317,L,301.0,311.8,1458,40.2,184,0,0,0,0,0,0
4654,H00925,H,301.2,310.4,1489,40.4,189,0,0,0,0,0,0
4655,L02318,L,299.1,308.7,1486,30.7,191,0,0,0,0,0,0
4656,L02319,L,297.0,307.1,1550,35.7,193,0,0,0,0,0,0
4657,H00926,H,300.0,311.4,1489,44.5,198,0,0,0,0,0,0
4658,M01413,M,300.0,310.2,1419,33.4,201,0,0,0,0,0,0
4659,L02320,L,297.8,308.3,1451,41.6,203,0,0,0,0,0,0
4660,M01414,M,297.1,306.8,1509,42.5,206,0,0,0,0,0,0
4661,M01415,M,299.8,309.7,1652,42.8,209,0,0,0,0,0,0
4662,M01416,M,299.5,309.5,1480,43.4,212,0,0,0,0,0,0
4663,L02321,L,299.2,309.5,1619,43.8,214,0,0,0,0,0,0
4664,H00927,H,299.8,309.5,1406,36.3,219,0,0,0,0,0,0
4665,H00928,H,297.8,309.1,1218,31.2,224,1,1,0,0,0,0
4666,M01417,M,299.1,308.8,1525,34.8,3,0,0,0,0,0,0
4667,L02322,L,301.1,309.4,1477,44.4,5,0,0,0,0,0,0
4668,H00929,H,299.3,312.0,1450,32.8,10,0,0,0,0,0,0
4669,M01418,M,296.7,306.3,1438,33.8,13,0,0,0,0,0,0
4670,M01419,M,299.1,310.4,1467,33.7,16,0,0,0,0,0,0
4671,L02323,L,297.9,309.3,1439,28.9,18,0,0,0,0,0,0
4672,H00930,H,300.5,311.5,1448,33.1,23,0,0,0,0,0,0
4673,M01420,M,300.6,310.4,1402,46.0,26,0,0,0,0,0,0
4674,L02324,L,296.7,307.0,1325,35.7,28,0,0,0,0,0,0
4675,L02325,L,301.5,310.2,1317,29.5,30,0,0,0,0,0,0
4676,H00931,H,297.8,309.8,1784,36.9,35,0,0,0,0,0,0
4677,L02326,L,303.1,312.3,1532,43.1,37,0,0,0,0,0,0
4678,H00932,H,299.9,309.6,1690,29.0,42,0,0,0,0,0,0
4679,M01421,M,297.5,307.6,1520,45.7,45,0,0,0,0,0,0
4680,M01422,M,297.7,307.6,1524,31.4,48,0,0,0,0,0,0
4681,L02327,L,300.7,310.0,1569,37.6,50,0,0,0,0,0,0
4682,L02328,L,299.2,310.6,1602,37.6,52,0,0,0,0,0,0
4683,H00933,H,299.8,310.8,1413,36.6,57,0,0,0,0,0,0
4684,L02329,L,303.2,313.5,1500,39.6,59,0,0,0,0,0,0
4685,M01423,M,298.6,308.2,1568,44.7,62,0,0,0,0,0,0
4686,L02330,L,300.1,311.2,1345,39.8,64,0,0,0,0,0,0
4687,L02331,L,302.8,312.4,1668,36.4,66,0,0,0,0,0,0
4688,L02332,L,300.5,312.1,1644,42.7,68,0,0,0,0,0,0
4689,M01424,M,296.8,306.9,1328,41.2,71,0,0,0,0,0,0
4690,H00934,H,301.0,312.2,1450,36.0,76,0,0,0,0,0,0
4691,L02333,L,297.7,307.6,1548,40.3,78,0,0,0,0,0,0
4692,L02334,L,302.8,312.9,1622,35.5,80,0,0,0,0,0,0
4693,L02335,L,298.4,309.6,1691,34.8,82,0,0,0,0,0,0
4694,M01425,M,305.9,318.1,1474,44.8,85,0,0,0,0,0,0
4695,L02336,L,302.9,314.5,1772,42.7,87,0,0,0,0,0,0
4696,H00935,H,298.4,309.3,1533,44.6,92,0,0,0,0,0,0
4697,M01426,M,300.0,310.6,1516,43.8,95,0,0,0,0,0,0
4698,M01427,M,301.5,311.0,1594,34.7,98,0,0,0,0,0,0
4699,L02337,L,301.6,311.9,1569,46.0,100,0,0,0,0,0,0
4700,H00936,H,300.9,310.0,1563,38.2,105,0,0,0,0,0,0
4701,L02338,L,302.5,312.9,1738,45.6,107,0,0,0,0,0,0
4702,L02339,L,299.8,310.2,1563,39.2,109,0,0,0,0,0,0
4703,M01428,M,299.3,307.3,1440,41.9,112,0,0,0,0,0,0
4704,M01429,M,299.3,309.3,1454,42.1,115,0,0,0,0,0,0
4705,L02340,L,301.7,312.1,1685,44.9,117,0,0,0,0,0,0
4706,L02341,L,300.7,310.6,1606,30.2,119,0,0,0,0,0,0
4707,M01430,M,300.6,310.9,1382,30.5,122,0,0,0,0,0,0
4708,L02342,L,301.6,310.2,1377,44.0,124,0,0,0,0,0,0
4709,H00937,H,295.9,305.1,1541,42.1,129,0,0,0,0,0,0
4710,M01431,M,300.6,311.7,1600,35.3,132,0,0,0,0,0,0
4711,L02343,L,300.4,310.4,1470,42.2,134,0,0,0,0,0,0
4712,L02344,L,303.3,313.7,1370,31.6,136,0,0,0,0,0,0
4713,L02345,L,296.9,306.4,1425,59.6,138,0,0,0,0,0,0
4714,M01432,M,303.1,313.1,1703,47.9,141,0,0,0,0,0,0
4715,M01433,M,300.2,307.8,1588,43.7,144,0,0,0,0,0,0
4716,L02346,L,301.0,311.8,1638,40.5,146,0,0,0,0,0,0
4717,M01434,M,303.4,315.2,1654,36.3,149,0,0,0,0,0,0
4718,H00938,H,301.1,310.1,1475,32.1,154,0,0,0,0,0,0
4719,L02347,L,300.8,309.9,1501,39.3,156,0,0,0,0,0,0
4720,H00939,H,300.5,310.9,1521,34.8,161,0,0,0,0,0,0
4721,L02348,L,299.0,310.5,1580,35.2,163,0,0,0,0,0,0
4722,L02349,L,299.9,309.9,1647,31.5,165,0,0,0,0,0,0
4723,L02350,L,298.6,307.3,1725,41.5,167,0,0,0,0,0,0
4724,L02351,L,299.9,309.7,1619,37.7,169,0,0,0,0,0,0
4725,L02352,L,295.3,304.3,1620,43.2,171,0,0,0,0,0,0
4726,L02353,L,300.9,310.2,1731,42.7,173,0,0,0,0,0,0
4727,H00940,H,299.8,309.5,1517,41.4,178,0,0,0,0,0,0
4728,H00941,H,299.3,308.4,1657,56.0,183,1,0,0,1,0,0
4729,M01435,M,300.4,309.7,1596,44.9,186,0,0,0,0,0,0
4730,L02354,L,297.1,307.2,1599,32.4,188,0,0,0,0,0,0
4731,L02355,L,303.9,314.1,1517,42.8,190,0,0,0,0,0,0
4732,L02356,L,299.8,308.4,1399,39.7,192,0,0,0,0,0,0
4733,M01436,M,299.7,310.1,1572,32.0,195,0,0,0,0,0,0
4734,H00942,H,298.1,307.7,1573,31.5,200,0,0,0,0,0,0
4735,L02357,L,300.0,310.8,1480,42.7,2,0,0,0,0,0,0
4736,L02358,L,302.8,313.6,1528,44.2,4,0,0,0,0,0,0
4737,M01437,M,302.1,311.5,1450,33.7,7,0,0,0,0,0,0
4738,L02359,L,301.7,312.3,1451,45.8,9,0,0,0,0,0,0
4739,L02360,L,301.1,310.3,1490,41.7,11,0,0,0,0,0,0
4740,M01438,M,299.3,310.6,1405,47.2,14,0,0,0,0,0,0
4741,M01439,M,297.1,306.3,1480,46.5,17,0,0,0,0,0,0
4742,L02361,L,299.6,310.0,1609,39.0,19,0,0,0,0,0,0
4743,L02362,L,299.5,309.3,1684,49.8,21,0,0,0,0,0,0
4744,H00943,H,302.1,311.1,1746,33.3,26,0,0,0,0,0,0
4745,L02363,L,300.6,311.5,1498,54.3,28,0,0,0,0,0,0
4746,L02364,L,303.2,312.6,1658,34.7,30,0,0,0,0,0,0
4747,L02365,L,302.4,310.7,1572,39.7,32,0,0,0,0,0,0
4748,L02366,L,299.1,306.2,1514,36.6,34,0,0,0,0,0,0
4749,L02367,L,296.4,305.5,1578,37.7,36,0,0,0,0,0,0
4750,H00944,H,302.8,314.1,1648,57.5,41,1,0,0,1,0,0
4751,L02368,L,302.7,314.0,1488,37.2,43,0,0,0,0,0,0
4752,L02369,L,297.3,306.5,1486,45.1,45,0,0,0,0,0,0
4753,M01440,M,303.0,312.6,1497,38.6,48,0,0,0,0,0,0
4754,M01441,M,300.8,310.3,1475,45.6,51,0,0,0,0,0,0
4755,H00945,H,300.3,309.0,1658,36.7,56,0,0,0,0,0,0
4756,H00946,H,303.2,312.3,1462,41.5,61,0,0,0,0,0,0
4757,L02370,L,302.7,313.7,1479,43.8,63,0,0,0,0,0,0
4758,M01442,M,301.3,311.8,1569,35.7,66,0,0,0,0,0,0
4759,L02371,L,300.9,311.2,1561,56.5,68,1,0,0,1,0,0
4760,H00947,H,301.2,309.9,1497,44.1,73,0,0,0,0,0,0
4761,L02372,L,299.2,309.3,1706,38.6,75,0,0,0,0,0,0
4762,H00948,H,299.9,307.6,1475,35.8,80,0,0,0,0,0,0
4763,M01443,M,298.2,309.0,1521,40.6,83,0,0,0,0,0,0
4764,L02373,L,299.3,309.6,1345,32.7,85,0,0,0,0,0,0
4765,M01444,M,299.3,307.9,1508,50.7,88,0,0,0,0,0,0
4766,H00949,H,298.7,310.3,1406,42.6,93,0,0,0,0,0,0
4767,H00950,H,300.3,308.5,1446,39.5,98,0,0,0,0,0,0
4768,L02374,L,299.4,309.9,1342,46.3,100,0,0,0,0,0,0
4769,M01445,M,301.0,311.6,1449,35.7,103,0,0,0,0,0,0
4770,L02375,L,296.8,305.5,1530,33.1,105,0,0,0,0,0,0
4771,L02376,L,299.8,309.7,1514,39.2,107,0,0,0,0,0,0
4772,L02377,L,300.3,308.6,1497,40.8,109,0,0,0,0,0,0
4773,L02378,L,299.4,306.5,1506,43.2,111,0,0,0,0,0,0
4774,H00951,H,299.7,308.6,1488,31.1,116,0,0,0,0,0,0
4775,L02379,L,296.8,306.2,1535,37.3,118,0,0,0,0,0,0
4776,H00952,H,300.7,311.4,1527,21.5,123,1,0,0,1,0,0
4777,L02380,L,301.3,311.4,1565,32.9,125,0,0,0,0,0,0
4778,L02381,L,301.0,311.1,1518,44.3,127,0,0,0,0,0,0
4779,L02382,L,302.1,311.1,1495,45.8,129,0,0,0,0,0,0
4780,L02383,L,300.4,309.9,1616,33.1,131,0,0,0,0,0,0
4781,L02384,L,301.0,310.0,1598,38.1,133,0,0,0,0,0,0
4782,L02385,L,300.3,309.1,1535,40.2,135,0,0,0,0,0,0
4783,M01446,M,301.4,310.8,1658,46.5,138,0,0,0,0,0,0
4784,L02386,L,296.8,306.9,1546,49.2,140,0,0,0,0,0,0
4785,L02387,L,298.2,307.6,1522,40.9,142,0,0,0,0,0,0
4786,L02388,L,303.2,312.9,1531,38.4,144,0,0,0,0,0,0
4787,H00953,H,295.1,305.8,1555,31.3,149,0,0,0,0,0,0
4788,H00954,H,299.7,309.2,1446,40.6,154,0,0,0,0,0,0
4789,L02389,L,302.3,311.0,1351,52.4,156,0,0,0,0,0,0
4790,L02390,L,299.8,310.4,1566,47.7,158,0,0,0,0,0,0
4791,L02391,L,299.2,309.5,1621,41.0,160,0,0,0,0,0,0
4792,H00955,H,300.3,310.6,1438,41.8,165,0,0,0,0,0,0
4793,L02392,L,299.3,309.9,1645,35.9,167,0,0,0,0,0,0
4794,L02393,L,300.1,310.5,1373,37.9,169,0,0,0,0,0,0
4795,L02394,L,298.6,308.7,1482,40.9,171,0,0,0,0,0,0
4796,L02395,L,302.2,314.6,1709,40.9,173,0,0,0,0,0,0
4797,L02396,L,302.8,311.6,1574,46.1,175,0,0,0,0,0,0
4798,M01447,M,299.7,309.1,1508,45.8,178,0,0,0,0,0,0
4799,L02397,L,297.2,308.2,1563,43.1,180,0,0,0,0,0,0
4800,M01448,M,299.0,309.1,1658,34.0,183,0,0,0,0,0,0
4801,L02398,L,299.6,310.4,1393,34.2,185,0,0,0,0,0,0
4802,L02399,L,301.0,311.2,1670,34.7,187,0,0,0,0,0,0
4803,H00956,H,298.0,309.4,1489,41.4,192,0,0,0,0,0,0
4804,L02400,L,298.5,307.5,1609,27.8,194,0,0,0,0,0,0
4805,H00957,H,301.0,312.4,1477,40.0,199,0,0,0,0,0,0
4806,M01449,M,301.9,313.0,1706,48.5,202,0,0,0,0,0,0
4807,L02401,L,298.8,307.5,1535,44.0,204,0,0,0,0,0,0
4808,H00958,H,297.3,308.0,1405,37.9,209,0,0,0,0,0,0
4809,L02402,L,306.6,316.5,1585,35.8,211,0,0,0,0,0,0
4810,H00959,H,301.6,311.0,1668,44.8,216,0,0,0,0,0,0
4811,L02403,L,299.5,307.6,1657,41.8,218,0,0,0,0,0,0
4812,H00960,H,301.7,310.7,1547,38.5,223,0,0,0,0,0,0
4813,L02404,L,299.8,310.5,1619,36.5,225,0,0,0,0,0,0
4814,M01450,M,301.7,312.5,1496,40.5,228,0,0,0,0,0,0
4815,M01451,M,300.3,310.1,1597,38.2,231,0,0,0,0,0,0
4816,H00961,H,300.2,311.0,1574,44.7,236,0,0,0,0,0,0
4817,H00962,H,299.8,310.7,1248,47.4,241,0,0,0,0,0,0
4818,H00963,H,297.1,307.3,1438,31.8,5,0,0,0,0,0,0
4819,H00964,H,303.9,313.2,1559,32.6,10,0,0,0,0,0,0
4820,L02405,L,298.1,308.6,1554,48.1,12,0,0,0,0,0,0
4821,L02406,L,297.3,307.8,1535,41.0,14,0,0,0,0,0,0
4822,L02407,L,299.6,310.2,1547,33.2,16,0,0,0,0,0,0
4823,L02408,L,298.1,308.9,1659,45.9,18,0,0,0,0,0,0
4824,L02409,L,299.9,308.5,1573,42.1,20,0,0,0,0,0,0
4825,M01452,M,301.4,310.9,1305,53.2,23,0,0,0,0,0,0
4826,L02410,L,302.0,310.1,1733,38.6,25,0,0,0,0,0,0
4827,M01453,M,301.6,312.4,1347,46.7,28,0,0,0,0,0,0
4828,L02411,L,299.4,309.2,1634,31.3,30,0,0,0,0,0,0
4829,L02412,L,300.1,310.5,1382,48.4,32,0,0,0,0,0,0
4830,M01454,M,300.8,309.3,1680,45.7,35,0,0,0,0,0,0
4831,M01455,M,296.5,307.9,1510,49.6,38,0,0,0,0,0,0
4832,M01456,M,301.1,309.9,1576,46.7,41,0,0,0,0,0,0
4833,M01457,M,297.1,307.9,1339,39.4,44,0,0,0,0,0,0
4834,L02413,L,304.1,314.2,1611,33.0,46,0,0,0,0,0,0
4835,M01458,M,299.2,309.0,1580,36.4,49,0,0,0,0,0,0
4836,L02414,L,299.6,309.4,1600,29.4,51,0,0,0,0,0,0
4837,L02415,L,298.5,307.8,1633,34.5,53,0,0,0,0,0,0
4838,L02416,L,298.7,310.0,1556,42.6,55,0,0,0,0,0,0
4839,L02417,L,304.5,314.6,1517,39.7,57,0,0,0,0,0,0
4840,L02418,L,301.9,310.6,1457,38.7,59,0,0,0,0,0,0
4841,H00965,H,296.9,306.5,1494,35.2,64,0,0,0,0,0,0
4842,H00966,H,303.0,313.1,1659,29.4,69,0,0,0,0,0,0
4843,L02419,L,302.4,313.3,1454,41.1,71,0,0,0,0,0,0
4844,L02420,L,299.4,308.8,1354,42.3,73,0,0,0,0,0,0
4845,L02421,L,300.6,310.1,1439,34.1,75,0,0,0,0,0,0
4846,L02422,L,300.0,310.0,1599,36.8,77,0,0,0,0,0,0
4847,H00967,H,303.9,314.8,1508,49.3,82,0,0,0,0,0,0
4848,L02423,L,298.4,307.0,1598,47.0,84,0,0,0,0,0,0
4849,M01459,M,300.3,310.8,1338,31.1,87,0,0,0,0,0,0
4850,L02424,L,299.1,308.7,1240,39.5,89,0,0,0,0,0,0
4851,H00968,H,297.1,306.8,1564,48.7,94,0,0,0,0,0,0
4852,L02425,L,304.4,316.4,1638,38.7,96,0,0,0,0,0,0
4853,M01460,M,297.6,307.4,1367,38.4,99,0,0,0,0,0,0
4854,L02426,L,300.4,311.2,1591,46.6,101,0,0,0,0,0,0
4855,M01461,M,296.5,307.2,1657,45.9,104,0,0,0,0,0,0
4856,L02427,L,299.2,308.0,1538,45.6,106,0,0,0,0,0,0
4857,L02428,L,300.8,309.0,1628,38.4,108,0,0,0,0,0,0
4858,H00969,H,298.4,309.2,1557,44.0,113,0,0,0,0,0,0
4859,H00970,H,301.2,310.1,1512,49.0,118,0,0,0,0,0,0
4860,H00971,H,299.5,307.8,1620,39.7,123,0,0,0,0,0,0
4861,M01462,M,302.3,313.3,1729,37.6,126,0,0,0,0,0,0
4862,H00972,H,302.7,311.7,1482,47.4,131,0,0,0,0,0,0
4863,L02429,L,298.8,308.1,1529,52.3,133,0,0,0,0,0,0
4864,L02430,L,300.2,312.1,1439,52.7,135,0,0,0,0,0,0
4865,L02431,L,300.4,308.7,1554,37.8,137,0,0,0,0,0,0
4866,M01463,M,301.2,310.0,1522,38.4,140,0,0,0,0,0,0
4867,L02432,L,300.0,309.6,1654,33.8,142,0,0,0,0,0,0
4868,L02433,L,300.4,310.1,1680,40.7,144,0,0,0,0,0,0
4869,M01464,M,299.5,308.6,1617,33.6,147,0,0,0,0,0,0
4870,H00973,H,300.2,309.1,1643,36.8,152,0,0,0,0,0,0
4871,L02434,L,302.6,314.1,1468,44.2,154,0,0,0,0,0,0
4872,L02435,L,301.3,311.6,1443,42.3,156,0,0,0,0,0,0
4873,L02436,L,301.4,312.0,1582,29.1,158,0,0,0,0,0,0
4874,L02437,L,301.4,311.3,1540,49.4,160,0,0,0,0,0,0
4875,L02438,L,299.7,310.0,1738,33.5,162,0,0,0,0,0,0
4876,M01465,M,300.6,311.6,1346,34.2,165,0,0,0,0,0,0
4877,M01466,M,297.8,306.8,1600,32.6,168,0,0,0,0,0,0
4878,M01467,M,302.5,312.8,1598,36.0,171,0,0,0,0,0,0
4879,L02439,L,294.4,305.1,1462,34.6,173,0,0,0,0,0,0
4880,H00974,H,299.8,311.4,1441,34.8,178,0,0,0,0,0,0
4881,L02440,L,302.3,314.2,1504,25.2,180,0,0,0,0,0,0
4882,L02441,L,297.3,307.3,1374,40.8,182,0,0,0,0,0,0
4883,H00975,H,300.8,311.9,1684,41.4,187,0,0,0,0,0,0
4884,L02442,L,298.6,306.0,1808,53.5,189,1,0,0,1,0,0
4885,L02443,L,299.3,310.8,1504,42.9,191,0,0,0,0,0,0
4886,H00976,H,301.9,311.2,1474,37.0,196,0,0,0,0,0,0
4887,L02444,L,300.4,310.2,1407,32.8,198,0,0,0,0,0,0
4888,M01468,M,295.9,306.4,1428,39.4,201,0,0,0,0,0,0
4889,L02445,L,298.0,307.9,1479,42.7,203,0,0,0,0,0,0
4890,M01469,M,302.0,312.1,1659,37.0,206,0,0,0,0,0,0
4891,L02446,L,300.9,312.5,1857,40.4,208,0,0,0,0,0,0
4892,L02447,L,303.5,313.1,1466,51.4,210,0,0,0,0,0,0
4893,M01470,M,303.4,312.3,1448,37.7,213,0,0,0,0,0,0
4894,L02448,L,299.3,311.1,1421,28.7,215,0,0,0,0,0,0
4895,L02449,L,305.0,315.5,1583,45.2,217,1,1,0,0,0,0
4896,L02450,L,300.0,312.0,1572,41.9,2,0,0,0,0,0,0
4897,L02451,L,298.1,308.9,1548,29.7,4,0,0,0,0,0,0
4898,L02452,L,298.7,307.4,1494,42.6,6,0,0,0,0,0,0
4899,L02453,L,295.5,306.1,1674,34.0,8,0,0,0,0,0,0
4900,H00977,H,303.2,312.2,1614,42.6,13,0,0,0,0,0,0
4901,L02454,L,303.2,313.2,1610,51.4,15,0,0,0,0,0,0
4902,L02455,L,298.0,307.9,1575,38.9,17,0,0,0,0,0,0
4903,L02456,L,299.5,307.9,1519,46.5,19,0,0,0,0,0,0
4904,L02457,L,300.2,309.4,1466,32.6,21,0,0,0,0,0,0
4905,H00978,H,298.1,310.3,1590,30.9,26,0,0,0,0,0,0
4906,L02458,L,296.5,306.7,1580,52.1,28,0,0,0,0,0,0
4907,H00979,H,299.6,309.4,1595,41.8,33,0,0,0,0,0,0
4908,L02459,L,299.4,311.2,1382,43.8,35,0,0,0,0,0,0
4909,M01471,M,299.2,308.8,1572,46.9,38,0,0,0,0,0,0
4910,M01472,M,300.4,310.4,1507,36.8,41,0,0,0,0,0,0
4911,H00980,H,302.9,313.8,1450,45.0,46,0,0,0,0,0,0
4912,M01473,M,299.4,309.0,1611,44.0,49,0,0,0,0,0,0
4913,M01474,M,300.3,309.6,1556,32.2,52,0,0,0,0,0,0
4914,L02460,L,301.5,309.2,1773,49.1,54,1,0,0,1,0,0
4915,L02461,L,301.1,310.2,1586,47.8,56,0,0,0,0,0,0
4916,H00981,H,298.8,307.8,1508,32.3,61,0,0,0,0,0,0
4917,L02462,L,300.2,310.4,1527,41.2,63,0,0,0,0,0,0
4918,L02463,L,301.1,310.5,1421,38.6,65,0,0,0,0,0,0
4919,M01475,M,297.7,309.9,1661,48.5,68,0,0,0,0,0,0
4920,L02464,L,302.5,311.5,1569,31.5,70,0,0,0,0,0,0
4921,H00982,H,302.9,314.3,1571,61.6,75,1,0,0,1,0,0
4922,M01476,M,298.6,308.8,1432,39.0,78,0,0,0,0,0,0
4923,M01477,M,300.4,311.2,1616,44.4,81,0,0,0,0,0,0
4924,H00983,H,301.3,312.0,1444,48.3,86,0,0,0,0,0,0
4925,L02465,L,298.9,306.7,1483,38.8,88,0,0,0,0,0,0
4926,L02466,L,301.0,311.0,1551,39.3,90,0,0,0,0,0,0
4927,L02467,L,300.3,310.1,1480,37.0,92,0,0,0,0,0,0
4928,L02468,L,297.1,305.9,1459,34.7,94,0,0,0,0,0,0
4929,M01478,M,300.9,311.4,1533,41.6,97,0,0,0,0,0,0
4930,H00984,H,297.8,309.5,1639,39.2,102,0,0,0,0,0,0
4931,L02469,L,301.9,309.2,1628,36.9,104,0,0,0,0,0,0
4932,L02470,L,298.7,308.1,1609,37.3,106,0,0,0,0,0,0
4933,H00985,H,299.7,308.4,1587,43.5,111,0,0,0,0,0,0
4934,L02471,L,302.7,312.8,1490,35.2,113,0,0,0,0,0,0
4935,L02472,L,301.0,310.7,1650,38.5,115,0,0,0,0,0,0
4936,L02473,L,297.8,307.2,1364,45.4,117,0,0,0,0,0,0
4937,H00986,H,298.0,308.7,1581,41.5,122,0,0,0,0,0,0
4938,M01479,M,298.8,310.4,1622,33.7,125,0,0,0,0,0,0
4939,M01480,M,300.8,313.5,1529,39.9,128,0,0,0,0,0,0
4940,H00987,H,300.7,310.0,1466,42.6,133,0,0,0,0,0,0
4941,L02474,L,298.3,306.5,1534,45.9,135,0,0,0,0,0,0
4942,L02475,L,297.7,308.2,1462,35.5,137,0,0,0,0,0,0
4943,H00988,H,300.6,312.2,1589,36.6,142,0,0,0,0,0,0
4944,L02476,L,299.6,310.4,1633,35.8,144,0,0,0,0,0,0
4945,M01481,M,304.3,315.9,1583,36.1,147,0,0,0,0,0,0
4946,H00989,H,300.1,309.8,1577,42.4,152,0,0,0,0,0,0
4947,M01482,M,303.6,313.0,1614,43.6,155,0,0,0,0,0,0
4948,M01483,M,297.7,307.8,1626,46.3,158,0,0,0,0,0,0
4949,H00990,H,296.9,306.5,1460,39.5,163,0,0,0,0,0,0
4950,H00991,H,297.8,308.4,1384,31.6,168,0,0,0,0,0,0
4951,L02477,L,302.4,313.3,1566,44.0,170,0,0,0,0,0,0
4952,L02478,L,303.5,314.6,1630,41.0,172,0,0,0,0,0,0
4953,L02479,L,298.4,308.9,1380,40.4,174,0,0,0,0,0,0
4954,M01484,M,299.1,309.3,1545,32.3,177,0,0,0,0,0,0
4955,L02480,L,297.7,308.5,1651,38.8,179,0,0,0,0,0,0
4956,M01485,M,296.4,304.4,1526,32.8,182,0,0,0,0,0,0
4957,L02481,L,301.4,311.6,1690,42.9,184,0,0,0,0,0,0
4958,M01486,M,300.4,310.5,1671,37.4,187,0,0,0,0,0,0
4959,L02482,L,300.0,310.2,1520,36.9,189,0,0,0,0,0,0
4960,M01487,M,297.2,307.1,1501,30.8,192,0,0,0,0,0,0
4961,M01488,M,303.3,313.7,1503,46.2,195,0,0,0,0,0,0
4962,L02483,L,299.0,308.4,1551,38.4,197,0,0,0,0,0,0
4963,L02484,L,301.1,312.2,1421,40.5,199,0,0,0,0,0,0
4964,M01489,M,297.1,307.6,1402,35.6,202,0,0,0,0,0,0
4965,L02485,L,299.6,309.8,1311,30.1,2,0,0,0,0,0,0
4966,L02486,L,300.6,309.9,1536,36.8,4,0,0,0,0,0,0
4967,H00992,H,300.7,311.5,1742,37.8,9,0,0,0,0,0,0
4968,M01490,M,300.3,310.5,1339,41.8,12,0,0,0,0,0,0
4969,H00993,H,301.0,310.2,1520,37.9,17,0,0,0,0,0,0
4970,L02487,L,297.7,307.7,1517,35.7,19,0,0,0,0,0,0
4971,L02488,L,300.4,311.0,1523,31.0,21,0,0,0,0,0,0
4972,H00994,H,300.2,310.8,1664,40.3,26,0,0,0,0,0,0
4973,M01491,M,300.5,311.0,1449,35.2,29,0,0,0,0,0,0
4974,M01492,M,300.1,310.2,1343,47.9,32,0,0,0,0,0,0
4975,L02489,L,297.5,308.5,1485,40.9,34,0,0,0,0,0,0
4976,L02490,L,297.4,308.6,1471,43.4,36,0,0,0,0,0,0
4977,L02491,L,295.6,306.3,1315,38.5,38,0,0,0,0,0,0
4978,L02492,L,301.6,311.0,1563,41.2,40,0,0,0,0,0,0
4979,L02493,L,301.7,310.6,1419,34.7,42,0,0,0,0,0,0
4980,L02494,L,301.7,311.1,1530,32.9,44,0,0,0,0,0,0
4981,H00995,H,300.6,312.6,1502,40.1,49,0,0,0,0,0,0
4982,L02495,L,295.7,306.0,1431,43.4,51,0,0,0,0,0,0
4983,M01493,M,297.9,310.1,1627,28.3,54,0,0,0,0,0,0
4984,H00996,H,300.3,310.2,1510,37.0,59,0,0,0,0,0,0
4985,M01494,M,300.3,310.0,1543,51.1,62,0,0,0,0,0,0
4986,L02496,L,299.6,309.5,1597,42.9,64,0,0,0,0,0,0
4987,M01495,M,300.7,310.6,1567,49.2,67,0,0,0,0,0,0
4988,M01496,M,300.0,309.2,1553,36.2,70,0,0,0,0,0,0
4989,M01497,M,300.2,309.1,1456,37.3,73,0,0,0,0,0,0
4990,M01498,M,298.7,309.2,1427,45.8,76,0,0,0,0,0,0
4991,H00997,H,302.0,313.0,1554,43.7,81,0,0,0,0,0,0
4992,M01499,M,299.1,311.6,1442,39.4,84,0,0,0,0,0,0
4993,L02497,L,297.3,306.9,1617,32.4,86,0,0,0,0,0,0
4994,M01500,M,298.5,308.1,1525,46.9,89,0,0,0,0,0,0
4995,L02498,L,299.3,308.5,1603,55.1,91,1,0,0,1,0,0
4996,H00998,H,302.0,313.1,1439,30.6,96,0,0,0,0,0,0
4997,L02499,L,299.9,310.7,1424,48.4,98,0,0,0,0,0,0
4998,L02500,L,299.6,308.8,1706,37.2,100,0,0,0,0,0,0
4999,H00999,H,297.5,306.6,1523,38.0,105,0,0,0,0,0,0
5000,M01501,M,301.6,312.5,1629,41.6,108,0,0,0,0,0,0
5001,L02501,L,298.7,309.1,1397,32.8,110,0,0,0,0,0,0
5002,L02502,L,299.8,310.6,1510,39.8,112,0,0,0,0,0,0
5003,H01000,H,303.0,312.1,1668,30.3,117,0,0,0,0,0,0
5004,L02503,L,301.0,309.1,1382,42.9,119,0,0,0,0,0,0
5005,H01001,H,296.7,305.9,1766,53.4,124,1,0,0,1,0,0
5006,L02504,L,296.5,307.1,1558,36.2,126,0,0,0,0,0,0
5007,M01502,M,299.9,312.0,1456,39.0,129,0,0,0,0,0,0
5008,H01002,H,297.6,307.1,1573,39.3,134,0,0,0,0,0,0
5009,L02505,L,301.3,313.6,1649,45.9,136,0,0,0,0,0,0
5010,L02506,L,300.1,310.9,1455,42.4,138,0,0,0,0,0,0
5011,L02507,L,300.3,308.9,1470,45.5,140,0,0,0,0,0,0
5012,M01503,M,298.6,308.8,1563,37.0,143,0,0,0,0,0,0
5013,M01504,M,303.5,314.3,1584,42.6,146,0,0,0,0,0,0
5014,M01505,M,305.7,313.3,1518,19.8,149,1,0,0,1,0,0
5015,L02508,L,299.4,310.1,1578,44.0,151,0,0,0,0,0,0
5016,L02509,L,300.7,311.9,1623,32.7,153,0,0,0,0,0,0
5017,L02510,L,300.2,310.6,1555,38.0,155,0,0,0,0,0,0
5018,L02511,L,299.5,309.4,1469,44.5,157,0,0,0,0,0,0
5019,M01506,M,298.3,308.2,1536,30.8,160,0,0,0,0,0,0
5020,H01003,H,297.8,307.6,1714,46.5,165,0,0,0,0,0,0
5021,M01507,M,297.7,306.6,1571,39.3,168,0,0,0,0,0,0
5022,L02512,L,300.8,310.1,1662,48.7,170,0,0,0,0,0,0
5023,H01004,H,299.0,308.5,1487,34.6,175,0,0,0,0,0,0
5024,M01508,M,294.8,305.0,1564,29.1,178,0,0,0,0,0,0
5025,H01005,H,300.9,310.3,1617,39.8,183,0,0,0,0,0,0
5026,M01509,M,299.9,309.1,1688,43.5,186,0,0,0,0,0,0
5027,L02513,L,302.7,313.5,1661,44.0,188,0,0,0,0,0,0
5028,L02514,L,300.7,311.1,1426,33.2,190,0,0,0,0,0,0
5029,M01510,M,297.0,306.5,1653,30.3,193,0,0,0,0,0,0
5030,L02515,L,295.5,306.0,1707,38.1,195,0,0,0,0,0,0
5031,L02516,L,298.6,308.1,1481,43.1,197,0,0,0,0,0,0
5032,M01511,M,298.7,308.8,1449,42.8,200,0,0,0,0,0,0
5033,M01512,M,301.9,312.9,1536,49.4,203,0,0,0,0,0,0
5034,M01513,M,300.0,309.4,1556,37.8,206,0,0,0,0,0,0
5035,L02517,L,302.3,311.1,1503,28.9,208,0,0,0,0,0,0
5036,L02518,L,297.4,307.2,1419,47.2,210,0,0,0,0,0,0
5037,M01514,M,301.9,310.6,1685,41.2,213,0,0,0,0,0,0
5038,H01006,H,301.4,311.2,1452,41.7,218,0,0,0,0,0,0
5039,M01515,M,296.0,305.7,1487,44.6,221,0,0,0,0,0,0
5040,H01007,H,302.6,310.2,1549,47.6,5,0,0,0,0,0,0
5041,M01516,M,300.2,310.7,1391,39.9,8,0,0,0,0,0,0
5042,M01517,M,300.8,310.6,1383,47.1,11,0,0,0,0,0,0
5043,L02519,L,298.3,309.5,1495,43.3,13,0,0,0,0,0,0
5044,M01518,M,302.6,312.8,1621,36.1,16,0,0,0,0,0,0
5045,M01519,M,297.6,308.4,1557,38.6,19,0,0,0,0,0,0
5046,M01520,M,301.7,312.9,1332,43.7,22,0,0,0,0,0,0
5047,L02520,L,301.6,311.5,1677,35.7,24,0,0,0,0,0,0
5048,M01521,M,298.1,308.1,1618,45.3,27,0,0,0,0,0,0
5049,L02521,L,304.0,312.4,1557,40.9,29,0,0,0,0,0,0
5050,M01522,M,300.5,311.7,1554,42.3,32,0,0,0,0,0,0
5051,L02522,L,301.3,311.2,1605,48.6,34,0,0,0,0,0,0
5052,H01008,H,296.9,305.9,1771,42.1,39,0,0,0,0,0,0
5053,L02523,L,304.2,315.0,1626,40.4,41,0,0,0,0,0,0
5054,L02524,L,297.6,305.4,1568,39.5,43,0,0,0,0,0,0
5055,L02525,L,302.0,311.6,1415,39.2,45,0,0,0,0,0,0
5056,M01523,M,298.0,308.9,1554,41.9,48,0,0,0,0,0,0
5057,L02526,L,298.8,308.3,1615,48.2,50,0,0,0,0,0,0
5058,L02527,L,301.6,310.9,1526,36.3,52,0,0,0,0,0,0
5059,M01524,M,302.1,311.6,1486,35.9,55,0,0,0,0,0,0
5060,L02528,L,297.5,305.4,1593,47.7,57,0,0,0,0,0,0
5061,H01009,H,302.2,312.9,1439,36.6,62,0,0,0,0,0,0
5062,H01010,H,302.1,312.0,1625,41.3,67,0,0,0,0,0,0
5063,M01525,M,298.1,307.9,1494,36.4,70,0,0,0,0,0,0
5064,L02529,L,303.2,312.9,1326,29.9,72,0,0,0,0,0,0
5065,M01526,M,297.1,307.1,1493,41.2,75,0,0,0,0,0,0
5066,L02530,L,298.8,309.4,1532,46.7,77,0,0,0,0,0,0
5067,L02531,L,301.0,310.9,1593,39.6,79,0,0,0,0,0,0
5068,L02532,L,298.3,306.9,1582,31.1,81,0,0,0,0,0,0
5069,H01011,H,300.5,311.1,1409,40.7,86,0,0,0,0,0,0
5070,L02533,L,300.5,311.0,1550,35.5,88,0,0,0,0,0,0
5071,M01527,M,299.6,309.8,1485,24.3,91,0,0,0,0,0,0
5072,M01528,M,301.7,312.7,1502,39.5,94,0,0,0,0,0,0
5073,L02534,L,299.5,309.6,1438,43.1,96,0,0,0,0,0,0
5074,L02535,L,300.5,311.6,1533,47.1,98,0,0,0,0,0,0
5075,H01012,H,302.3,313.7,1851,50.5,103,1,0,0,1,0,0
5076,M01529,M,301.6,312.2,1724,43.9,106,0,0,0,0,0,0
5077,M01530,M,301.6,310.8,1438,45.6,109,0,0,0,0,0,0
5078,L02536,L,297.7,307.6,1545,32.3,111,0,0,0,0,0,0
5079,L02537,L,301.0,312.3,1507,49.7,113,0,0,0,0,0,0
5080,L02538,L,298.2,306.7,1552,47.6,115,0,0,0,0,0,0
5081,L02539,L,297.4,307.0,1630,37.8,117,0,0,0,0,0,0
5082,L02540,L,299.9,309.5,1525,44.1,119,0,0,0,0,0,0
5083,H01013,H,298.2,307.3,1467,43.5,124,0,0,0,0,0,0
5084,L02541,L,301.6,312.5,1654,48.8,126,0,0,0,0,0,0
5085,L02542,L,301.6,312.0,1415,39.1,128,0,0,0,0,0,0
5086,M01531,M,296.2,305.5,1557,35.5,131,0,0,0,0,0,0
5087,M01532,M,298.3,308.9,1389,37.1,134,0,0,0,0,0,0
5088,L02543,L,297.1,306.9,1435,45.4,136,0,0,0,0,0,0
5089,M01533,M,299.1,308.2,1612,28.5,139,0,0,0,0,0,0
5090,L02544,L,300.9,310.2,1470,22.0,141,1,0,0,1,0,0
5091,L02545,L,299.5,310.0,1350,45.4,143,0,0,0,0,0,0
5092,L02546,L,298.8,309.8,1466,41.6,145,0,0,0,0,0,0
5093,H01014,H,302.6,312.1,1455,40.1,150,0,0,0,0,0,0
5094,L02547,L,295.4,305.9,1412,32.2,152,0,0,0,0,0,0
5095,L02548,L,302.5,314.1,1593,29.7,154,0,0,0,0,0,0
5096,L02549,L,298.9,307.7,1383,36.2,156,0,0,0,0,0,0
5097,H01015,H,299.8,310.2,1479,42.2,161,0,0,0,0,0,0
5098,L02550,L,298.9,309.8,1551,36.5,163,0,0,0,0,0,0
5099,L02551,L,303.1,313.0,1504,45.4,165,0,0,0,0,0,0
5100,L02552,L,297.5,308.8,1498,34.3,167,0,0,0,0,0,0
5101,L02553,L,300.0,312.2,1466,36.9,169,0,0,0,0,0,0
5102,M01534,M,301.1,311.4,1416,44.2,172,0,0,0,0,0,0
5103,M01535,M,296.8,306.5,1474,37.7,175,0,0,0,0,0,0
5104,L02554,L,298.2,309.1,1604,38.0,177,0,0,0,0,0,0
5105,L02555,L,299.7,310.5,1495,36.1,179,0,0,0,0,0,0
5106,L02556,L,298.2,305.7,1555,35.0,181,0,0,0,0,0,0
5107,L02557,L,298.4,308.4,1650,42.1,183,0,0,0,0,0,0
5108,L02558,L,299.3,308.9,1598,42.9,185,0,0,0,0,0,0
5109,M01536,M,301.3,311.7,1410,41.4,188,0,0,0,0,0,0
5110,H01016,H,299.3,309.1,1583,36.3,193,0,0,0,0,0,0
5111,H01017,H,302.2,312.1,1643,38.8,198,0,0,0,0,0,0
5112,H01018,H,298.0,307.1,1480,49.6,203,0,0,0,0,0,0
5113,M01537,M,297.5,308.2,1379,31.5,206,0,0,0,0,0,0
5114,M01538,M,303.9,315.5,1494,51.3,209,0,0,0,0,0,0
5115,L02559,L,298.7,307.8,1557,40.6,211,0,0,0,0,0,0
5116,M01539,M,297.4,306.0,1597,38.9,3,0,0,0,0,0,0
5117,L02560,L,296.5,306.5,1486,45.7,5,0,0,0,0,0,0
5118,L02561,L,302.2,312.1,1334,27.6,7,0,0,0,0,0,0
5119,M01540,M,299.3,310.5,1410,48.3,10,0,0,0,0,0,0
5120,L02562,L,299.5,308.3,1574,51.1,12,0,0,0,0,0,0
5121,L02563,L,299.7,309.1,1737,46.5,14,0,0,0,0,0,0
5122,H01019,H,302.0,309.9,1536,27.4,19,0,0,0,0,0,0
5123,L02564,L,299.6,311.0,1669,44.6,21,0,0,0,0,0,0
5124,L02565,L,304.7,314.9,1432,49.9,23,0,0,0,0,0,0
5125,H01020,H,300.3,309.8,1473,49.3,28,0,0,0,0,0,0
5126,M01541,M,302.1,310.8,1304,31.6,31,0,0,0,0,0,0
5127,M01542,M,301.6,310.4,1575,46.1,34,0,0,0,0,0,0
5128,L02566,L,299.9,310.3,1449,50.8,36,0,0,0,0,0,0
5129,L02567,L,298.8,307.7,1598,40.2,38,0,0,0,0,0,0
5130,H01021,H,300.7,310.8,1488,31.3,43,0,0,0,0,0,0
5131,M01543,M,301.0,313.1,1740,45.0,46,0,0,0,0,0,0
5132,M01544,M,298.9,308.5,1717,46.3,49,0,0,0,0,0,0
5133,L02568,L,300.3,309.4,1308,39.2,51,0,0,0,0,0,0
5134,L02569,L,302.5,312.9,1597,32.9,53,0,0,0,0,0,0
5135,H01022,H,304.1,312.9,1464,45.9,58,0,0,0,0,0,0
5136,L02570,L,301.7,313.4,1603,35.4,60,0,0,0,0,0,0
5137,M01545,M,303.7,315.1,1404,42.4,63,0,0,0,0,0,0
5138,L02571,L,298.7,308.6,1682,49.3,65,0,0,0,0,0,0
5139,M01546,M,301.4,310.5,1641,30.0,68,0,0,0,0,0,0
5140,H01023,H,302.7,312.3,1397,45.4,73,0,0,0,0,0,0
5141,M01547,M,298.2,307.9,1520,38.8,76,0,0,0,0,0,0
5142,L02572,L,299.0,309.4,1554,38.9,78,0,0,0,0,0,0
5143,M01548,M,303.5,314.5,1610,43.1,81,0,0,0,0,0,0
5144,M01549,M,298.0,307.0,1537,35.4,84,0,0,0,0,0,0
5145,L02573,L,297.3,308.3,1617,32.9,86,0,0,0,0,0,0
5146,H01024,H,303.1,313.7,1531,29.3,91,0,0,0,0,0,0
5147,M01550,M,302.4,311.9,1599,47.4,94,0,0,0,0,0,0
5148,H01025,H,300.9,309.8,1401,37.8,99,0,0,0,0,0,0
5149,M01551,M,299.9,310.0,1535,43.4,102,0,0,0,0,0,0
5150,L02574,L,299.1,308.1,1653,37.1,104,0,0,0,0,0,0
5151,L02575,L,300.6,311.6,1679,33.0,106,0,0,0,0,0,0
5152,L02576,L,303.2,312.0,1555,43.9,108,0,0,0,0,0,0
5153,H01026,H,300.5,311.0,1528,42.0,113,0,0,0,0,0,0
5154,M01552,M,304.3,314.3,1675,38.6,116,0,0,0,0,0,0
5155,M01553,M,298.2,307.6,1528,41.8,119,0,0,0,0,0,0
5156,L02577,L,300.0,309.9,1652,34.2,121,0,0,0,0,0,0
5157,L02578,L,299.3,310.3,1527,46.4,123,0,0,0,0,0,0
5158,M01554,M,297.8,306.6,1542,47.8,126,0,0,0,0,0,0
5159,L02579,L,299.7,309.3,1428,44.6,128,0,0,0,0,0,0
5160,L02580,L,300.8,310.1,1413,37.8,130,0,0,0,0,0,0
5161,M01555,M,301.0,311.0,1636,40.4,133,0,0,0,0,0,0
5162,L02581,L,304.3,313.7,1710,49.4,135,0,0,0,0,0,0
5163,L02582,L,300.9,309.2,1549,47.7,137,0,0,0,0,0,0
5164,L02583,L,302.3,311.2,1521,52.0,139,0,0,0,0,0,0
5165,L02584,L,300.1,311.8,1640,35.3,141,0,0,0,0,0,0
5166,H01027,H,303.4,313.6,1572,34.8,146,0,0,0,0,0,0
5167,L02585,L,304.8,315.0,1298,40.8,148,0,0,0,0,0,0
5168,L02586,L,301.1,310.8,1637,42.4,150,0,0,0,0,0,0
5169,L02587,L,298.0,308.0,1404,39.1,152,0,0,0,0,0,0
5170,M01556,M,298.9,308.5,1537,37.7,155,0,0,0,0,0,0
5171,L02588,L,300.6,311.1,1494,47.6,157,0,0,0,0,0,0
5172,M01557,M,300.9,311.0,1474,39.5,160,0,0,0,0,0,0
5173,L02589,L,301.4,310.2,1543,32.7,162,0,0,0,0,0,0
5174,L02590,L,300.9,311.2,1627,33.4,164,0,0,0,0,0,0
5175,L02591,L,300.0,307.6,1541,41.5,166,0,0,0,0,0,0
5176,H01028,H,298.7,309.1,1679,58.0,171,1,0,0,1,0,0
5177,H01029,H,300.8,309.4,1691,34.1,176,0,0,0,0,0,0
5178,L02592,L,303.7,313.6,1690,38.1,178,0,0,0,0,0,0
5179,M01558,M,302.0,310.8,1532,54.4,181,0,0,0,0,0,0
5180,H01030,H,301.1,311.1,1490,37.1,186,0,0,0,0,0,0
5181,L02593,L,302.1,312.6,1535,42.7,188,0,0,0,0,0,0
5182,H01031,H,299.3,310.8,1651,51.3,193,0,0,0,0,0,0
5183,L02594,L,299.0,307.4,1645,34.3,195,0,0,0,0,0,0
5184,H01032,H,298.5,309.5,1278,38.1,200,0,0,0,0,0,0
5185,M01559,M,299.7,309.9,1569,37.1,203,0,0,0,0,0,0
5186,H01033,H,299.2,308.7,1301,30.9,208,0,0,0,0,0,0
5187,M01560,M,302.4,313.2,1536,49.4,211,0,0,0,0,0,0
5188,L02595,L,299.0,308.8,1485,36.5,213,0,0,0,0,0,0
5189,H01034,H,298.4,309.1,1454,34.7,218,0,0,0,0,0,0
5190,L02596,L,303.9,312.9,1623,37.3,220,0,0,0,0,0,0
5191,L02597,L,299.1,308.5,1473,45.6,222,0,0,0,0,0,0
5192,M01561,M,300.3,311.3,1537,40.7,225,0,0,0,0,0,0
5193,M01562,M,300.9,312.4,1445,35.3,228,0,0,0,0,0,0
5194,H01035,H,297.7,307.7,1545,42.5,233,0,0,0,0,0,0
5195,L02598,L,302.5,309.7,1634,44.9,235,0,0,0,0,0,0
5196,M01563,M,301.3,311.1,1450,39.9,238,0,0,0,0,0,0
5197,M01564,M,303.1,313.1,1602,38.6,241,0,0,0,0,0,0
5198,L02599,L,298.6,308.4,1544,46.1,2,0,0,0,0,0,0
5199,L02600,L,300.2,310.5,1543,38.9,4,0,0,0,0,0,0
5200,L02601,L,300.1,309.6,1503,49.6,6,0,0,0,0,0,0
5201,L02602,L,300.5,311.4,1615,35.5,8,0,0,0,0,0,0
5202,H01036,H,297.1,305.9,1605,35.3,13,0,0,0,0,0,0
5203,M01565,M,300.2,311.5,1525,34.6,16,0,0,0,0,0,0
5204,M01566,M,297.1,308.7,1558,38.6,19,0,0,0,0,0,0
5205,H01037,H,300.7,309.8,1612,40.0,24,0,0,0,0,0,0
5206,L02603,L,295.7,304.8,1592,32.0,26,0,0,0,0,0,0
5207,H01038,H,296.3,306.7,1507,40.6,31,0,0,0,0,0,0
5208,L02604,L,301.6,310.4,1655,43.4,33,0,0,0,0,0,0
5209,H01039,H,298.9,308.4,1624,31.2,38,0,0,0,0,0,0
5210,L02605,L,298.0,309.1,1749,36.9,40,0,0,0,0,0,0
5211,H01040,H,302.5,313.3,1381,43.4,45,0,0,0,0,0,0
5212,L02606,L,300.7,312.6,1608,33.5,47,0,0,0,0,0,0
5213,L02607,L,301.7,311.9,1653,38.1,49,0,0,0,0,0,0
5214,M01567,M,299.7,309.1,1639,46.5,52,0,0,0,0,0,0
5215,L02608,L,305.4,315.4,1513,50.8,54,0,0,0,0,0,0
5216,M01568,M,298.8,308.6,1402,42.6,57,0,0,0,0,0,0
5217,L02609,L,303.5,313.4,1692,39.0,59,0,0,0,0,0,0
5218,M01569,M,299.9,309.9,1490,37.0,62,0,0,0,0,0,0
5219,L02610,L,296.7,305.8,1508,45.5,64,0,0,0,0,0,0
5220,L02611,L,301.0,311.2,1745,46.8,66,0,0,0,0,0,0
5221,L02612,L,300.6,309.2,1411,33.1,68,0,0,0,0,0,0
5222,L02613,L,297.9,307.2,1620,45.5,70,0,0,0,0,0,0
5223,L02614,L,298.2,308.0,1463,36.4,72,0,0,0,0,0,0
5224,L02615,L,300.0,307.7,1460,34.8,74,0,0,0,0,0,0
5225,L02616,L,300.7,311.5,1555,39.1,76,0,0,0,0,0,0
5226,L02617,L,295.1,303.0,1606,45.9,78,0,0,0,0,0,0
5227,M01570,M,302.1,312.8,1633,41.9,81,0,0,0,0,0,0
5228,H01041,H,299.0,307.7,1646,41.7,86,0,0,0,0,0,0
5229,L02618,L,297.3,306.9,1467,42.1,88,0,0,0,0,0,0
5230,M01571,M,301.9,312.4,1424,42.8,91,0,0,0,0,0,0
5231,M01572,M,300.0,312.2,1504,39.3,94,0,0,0,0,0,0
5232,L02619,L,302.4,312.5,1573,43.8,96,0,0,0,0,0,0
5233,M01573,M,300.9,308.9,1517,36.0,99,0,0,0,0,0,0
5234,L02620,L,300.0,311.0,1175,43.9,101,0,0,0,0,0,0
5235,M01574,M,299.7,309.5,1355,45.1,104,0,0,0,0,0,0
5236,L02621,L,301.0,311.0,1514,44.2,106,0,0,0,0,0,0
5237,M01575,M,299.2,309.7,1624,44.5,109,0,0,0,0,0,0
5238,M01576,M,298.3,306.1,1448,42.8,112,0,0,0,0,0,0
5239,L02622,L,301.2,311.2,1611,47.0,114,0,0,0,0,0,0
5240,L02623,L,299.7,309.3,1388,26.4,116,0,0,0,0,0,0
5241,H01042,H,300.1,311.3,1564,45.1,121,0,0,0,0,0,0
5242,L02624,L,302.2,312.9,1564,51.9,123,0,0,0,0,0,0
5243,M01577,M,299.8,308.1,1585,36.3,126,0,0,0,0,0,0
5244,H01043,H,300.0,311.3,1437,35.6,131,0,0,0,0,0,0
5245,M01578,M,298.8,309.3,1383,47.7,134,0,0,0,0,0,0
5246,M01579,M,300.9,309.3,1611,34.4,137,0,0,0,0,0,0
5247,M01580,M,300.7,310.8,1385,36.0,140,0,0,0,0,0,0
5248,H01044,H,301.8,312.8,1461,41.0,145,0,0,0,0,0,0
5249,L02625,L,298.8,307.6,1677,35.2,147,0,0,0,0,0,0
5250,L02626,L,299.1,310.5,1555,45.3,149,0,0,0,0,0,0
5251,L02627,L,301.6,310.1,1575,35.3,151,0,0,0,0,0,0
5252,H01045,H,300.5,309.7,1600,42.2,156,0,0,0,0,0,0
5253,M01581,M,298.2,307.2,1597,41.7,159,0,0,0,0,0,0
5254,L02628,L,302.6,314.0,1536,50.0,161,0,0,0,0,0,0
5255,H01046,H,296.6,306.1,1448,47.0,166,0,0,0,0,0,0
5256,L02629,L,301.6,310.4,1806,36.8,168,0,0,0,0,0,0
5257,L02630,L,297.5,307.9,1509,32.4,170,0,0,0,0,0,0
5258,M01582,M,303.8,314.4,1571,45.0,173,0,0,0,0,0,0
5259,L02631,L,296.9,307.6,1582,36.1,175,0,0,0,0,0,0
5260,H01047,H,302.3,312.0,1485,38.0,180,0,0,0,0,0,0
5261,L02632,L,299.8,310.1,1495,33.6,182,0,0,0,0,0,0
5262,H01048,H,299.3,308.6,1687,44.1,187,0,0,0,0,0,0
5263,M01583,M,300.4,312.0,1464,36.1,190,0,0,0,0,0,0
5264,L02633,L,301.3,312.4,1579,39.8,192,0,0,0,0,0,0
5265,H01049,H,298.2,309.3,1628,39.9,197,0,0,0,0,0,0
5266,M01584,M,298.4,309.2,1517,41.1,200,0,0,0,0,0,0
5267,L02634,L,301.3,311.8,1529,44.0,202,0,0,0,0,0,0
5268,L02635,L,296.6,305.3,1634,38.5,204,0,0,0,0,0,0
5269,H01050,H,298.8,309.5,1524,35.6,209,0,0,0,0,0,0
5270,L02636,L,306.1,316.2,1330,28.8,211,0,0,0,0,0,0
5271,L02637,L,298.1,309.3,1688,40.6,213,0,0,0,0,0,0
5272,L02638,L,302.3,313.1,1440,39.1,215,0,0,0,0,0,0
5273,L02639,L,298.8,309.4,1560,35.7,217,0,0,0,0,0,0
5274,M01585,M,301.0,309.3,1406,40.4,220,0,0,0,0,0,0
5275,L02640,L,301.3,311.2,1487,45.1,222,0,0,0,0,0,0
5276,L02641,L,302.3,311.7,1494,46.7,2,0,0,0,0,0,0
5277,L02642,L,299.6,309.9,1555,30.8,4,0,0,0,0,0,0
5278,L02643,L,304.0,313.6,1450,37.8,6,0,0,0,0,0,0
5279,H01051,H,298.8,308.5,1736,45.8,11,0,0,0,0,0,0
5280,L02644,L,300.5,310.9,1540,49.6,13,0,0,0,0,0,0
5281,H01052,H,300.5,310.1,1626,35.1,18,0,0,0,0,0,0
5282,L02645,L,297.8,307.9,1537,48.3,20,0,0,0,0,0,0
5283,L02646,L,299.4,307.9,1638,31.9,22,0,0,0,0,0,0
5284,H01053,H,300.3,309.5,1328,46.9,27,0,0,0,0,0,0
5285,L02647,L,299.1,309.8,1468,38.3,29,0,0,0,0,0,0
5286,M01586,M,304.9,313.7,1486,49.4,32,0,0,0,0,0,0
5287,H01054,H,298.3,309.6,1485,37.2,37,0,0,0,0,0,0
5288,L02648,L,302.4,313.3,1590,38.1,39,0,0,0,0,0,0
5289,L02649,L,301.7,311.4,1597,39.2,41,0,0,0,0,0,0
5290,M01587,M,300.0,313.0,1531,30.8,44,0,0,0,0,0,0
5291,L02650,L,298.3,309.5,1533,29.4,46,0,0,0,0,0,0
5292,L02651,L,298.5,307.5,1782,43.1,48,0,0,0,0,0,0
5293,L02652,L,299.0,309.7,1570,45.9,50,0,0,0,0,0,0
5294,L02653,L,296.4,306.5,1315,43.6,52,0,0,0,0,0,0
5295,M01588,M,298.0,307.2,1615,32.5,55,0,0,0,0,0,0
5296,L02654,L,297.0,306.0,1594,42.9,57,0,0,0,0,0,0
5297,L02655,L,302.7,313.7,1654,34.1,59,0,0,0,0,0,0
5298,M01589,M,301.2,310.6,1598,42.4,62,0,0,0,0,0,0
5299,L02656,L,301.6,311.5,1448,46.8,64,0,0,0,0,0,0
5300,L02657,L,301.2,310.3,1627,42.2,66,0,0,0,0,0,0
5301,M01590,M,300.3,309.6,1548,48.8,69,0,0,0,0,0,0
5302,L02658,L,302.9,312.8,1643,39.1,71,0,0,0,0,0,0
5303,M01591,M,298.8,309.2,1693,38.7,74,0,0,0,0,0,0
5304,H01055,H,300.2,307.6,1526,40.4,79,0,0,0,0,0,0
5305,L02659,L,301.5,311.5,1626,31.9,81,0,0,0,0,0,0
5306,M01592,M,297.4,306.6,1641,37.6,84,0,0,0,0,0,0
5307,L02660,L,306.2,317.6,1554,38.1,86,0,0,0,0,0,0
5308,L02661,L,300.1,313.0,1734,38.3,88,0,0,0,0,0,0
5309,H01056,H,300.3,309.9,1643,41.6,93,0,0,0,0,0,0
5310,H01057,H,302.5,310.8,1479,31.1,98,0,0,0,0,0,0
5311,L02662,L,301.8,311.9,1564,33.1,100,0,0,0,0,0,0
5312,M01593,M,300.1,309.9,1624,46.8,103,0,0,0,0,0,0
5313,H01058,H,300.3,312.2,1730,28.0,108,0,0,0,0,0,0
5314,H01059,H,297.0,308.7,1600,43.7,113,0,0,0,0,0,0
5315,M01594,M,298.9,309.8,1567,37.8,116,0,0,0,0,0,0
5316,L02663,L,301.0,310.4,1664,41.0,118,0,0,0,0,0,0
5317,L02664,L,300.9,311.6,1516,49.3,120,0,0,0,0,0,0
5318,H01060,H,302.4,312.7,1439,39.2,125,0,0,0,0,0,0
5319,L02665,L,299.8,310.0,1608,43.8,127,0,0,0,0,0,0
5320,M01595,M,297.2,305.7,1500,40.4,130,0,0,0,0,0,0
5321,L02666,L,302.1,313.2,1810,39.3,132,0,0,0,0,0,0
5322,L02667,L,302.9,313.0,1563,38.6,134,0,0,0,0,0,0
5323,L02668,L,301.8,311.7,1609,44.2,136,0,0,0,0,0,0
5324,H01061,H,299.7,309.1,1475,35.6,141,0,0,0,0,0,0
5325,L02669,L,302.1,311.3,1664,33.2,143,0,0,0,0,0,0
5326,M01596,M,306.9,317.2,1535,40.4,146,0,0,0,0,0,0
5327,L02670,L,300.2,308.5,1526,41.2,148,0,0,0,0,0,0
5328,L02671,L,297.4,308.2,1528,29.1,150,0,0,0,0,0,0
5329,L02672,L,298.8,307.8,1409,39.9,152,0,0,0,0,0,0
5330,M01597,M,301.3,309.2,1513,32.6,155,0,0,0,0,0,0
5331,L02673,L,296.8,308.6,1593,43.8,157,0,0,0,0,0,0
5332,L02674,L,300.3,309.5,1383,29.2,159,0,0,0,0,0,0
5333,L02675,L,300.8,310.0,1640,51.6,161,0,0,0,0,0,0
5334,L02676,L,303.1,314.2,1511,38.0,163,0,0,0,0,0,0
5335,H01062,H,302.6,314.5,1562,34.8,168,0,0,0,0,0,0
5336,H01063,H,301.7,310.2,1315,38.3,173,1,0,1,0,0,0
5337,L02677,L,295.7,304.7,1560,43.3,175,0,0,0,0,0,0
5338,M01598,M,301.8,311.0,1434,45.3,178,0,0,0,0,0,0
5339,H01064,H,301.4,312.3,1503,38.4,183,0,0,0,0,0,0
5340,L02678,L,300.5,312.2,1381,31.4,185,0,0,0,0,0,0
5341,H01065,H,296.5,305.5,1450,32.7,190,0,0,0,0,0,0
5342,H01066,H,298.4,309.9,1522,41.7,195,0,0,0,0,0,0
5343,L02679,L,297.7,307.0,1511,45.9,197,0,0,0,0,0,0
5344,L02680,L,296.0,306.3,1626,46.7,199,0,0,0,0,0,0
5345,H01067,H,300.0,308.7,1351,41.0,204,0,0,0,0,0,0
5346,M01599,M,298.4,308.3,1533,45.8,207,0,0,0,0,0,0
5347,L02681,L,305.3,315.1,1528,51.5,209,0,0,0,0,0,0
5348,L02682,L,299.7,309.3,1492,47.1,211,0,0,0,0,0,0
5349,L02683,L,302.6,313.0,1447,45.5,213,0,0,0,0,0,0
5350,M01600,M,296.9,305.9,1648,35.2,216,0,0,0,0,0,0
5351,M01601,M,298.9,308.1,1743,45.8,3,0,0,0,0,0,0
5352,H01068,H,300.2,310.6,1367,42.8,8,0,0,0,0,0,0
5353,L02684,L,298.2,309.5,1446,43.9,10,0,0,0,0,0,0
5354,M01602,M,299.2,309.1,1438,47.6,13,0,0,0,0,0,0
5355,M01603,M,299.6,310.1,1510,42.2,16,0,0,0,0,0,0
5356,L02685,L,299.5,310.3,1664,39.4,18,0,0,0,0,0,0
5357,L02686,L,303.7,314.5,1591,33.6,20,0,0,0,0,0,0
5358,H01069,H,300.8,309.8,1523,38.2,25,0,0,0,0,0,0
5359,H01070,H,301.0,310.2,1540,41.3,30,0,0,0,0,0,0
5360,L02687,L,301.1,310.4,1506,41.7,32,0,0,0,0,0,0
5361,M01604,M,301.2,313.2,1612,41.5,35,0,0,0,0,0,0
5362,L02688,L,299.8,310.3,1624,45.8,37,0,0,0,0,0,0
5363,M01605,M,299.4,309.8,1597,45.2,40,0,0,0,0,0,0
5364,M01606,M,300.3,310.7,1318,39.6,43,0,0,0,0,0,0
5365,M01607,M,302.3,311.0,1539,34.9,46,0,0,0,0,0,0
5366,H01071,H,302.3,314.2,1519,42.3,51,0,0,0,0,0,0
5367,M01608,M,299.5,310.0,1637,53.5,54,1,0,0,1,0,0
5368,L02689,L,301.5,312.3,1562,41.9,56,0,0,0,0,0,0
5369,M01609,M,299.6,307.8,1594,38.2,59,0,0,0,0,0,0
5370,L02690,L,300.1,310.8,1488,43.2,61,0,0,0,0,0,0
5371,L02691,L,299.1,308.7,1632,43.6,63,0,0,0,0,0,0
5372,L02692,L,299.6,308.3,1661,43.5,65,0,0,0,0,0,0
5373,L02693,L,302.7,311.7,1375,48.2,67,0,0,0,0,0,0
5374,M01610,M,300.2,308.9,1408,42.3,70,0,0,0,0,0,0
5375,L02694,L,300.3,309.0,1614,48.0,72,0,0,0,0,0,0
5376,M01611,M,297.1,307.2,1521,41.4,75,0,0,0,0,0,0
5377,M01612,M,299.4,309.0,1641,49.1,78,0,0,0,0,0,0
5378,L02695,L,299.5,309.9,1562,47.2,80,0,0,0,0,0,0
5379,H01072,H,298.3,310.0,1607,45.5,85,0,0,0,0,0,0
5380,L02696,L,300.0,309.9,1463,44.7,87,0,0,0,0,0,0
5381,L02697,L,299.1,306.9,1572,53.8,89,0,0,0,0,0,0
5382,M01613,M,300.2,309.9,1572,46.5,92,0,0,0,0,0,0
5383,L02698,L,300.2,311.4,1469,34.9,94,0,0,0,0,0,0
5384,L02699,L,298.1,308.0,1638,41.5,96,0,0,0,0,0,0
5385,M01614,M,299.2,310.7,1348,38.4,99,0,0,0,0,0,0
5386,M01615,M,300.2,310.6,1559,52.4,102,0,0,0,0,0,0
5387,L02700,L,302.4,310.5,1409,47.5,104,0,0,0,0,0,0
5388,H01073,H,300.5,310.6,1436,52.2,109,0,0,0,0,0,0
5389,M01616,M,298.7,309.0,1637,35.4,112,0,0,0,0,0,0
5390,H01074,H,300.8,311.9,1428,46.6,117,0,0,0,0,0,0
5391,L02701,L,303.4,315.2,1424,31.8,119,0,0,0,0,0,0
5392,M01617,M,301.8,312.7,1596,30.4,122,0,0,0,0,0,0
5393,H01075,H,301.1,311.5,1427,37.6,127,0,0,0,0,0,0
5394,M01618,M,301.5,312.1,1640,49.1,130,0,0,0,0,0,0
5395,M01619,M,302.9,312.7,1602,34.0,133,0,0,0,0,0,0
5396,L02702,L,302.2,310.7,1460,39.9,135,0,0,0,0,0,0
5397,L02703,L,301.1,311.2,1636,47.1,137,0,0,0,0,0,0
5398,L02704,L,302.1,312.5,1344,45.1,139,0,0,0,0,0,0
5399,L02705,L,297.8,306.6,1585,53.3,141,0,0,0,0,0,0
5400,H01076,H,297.0,308.3,1413,40.0,146,0,0,0,0,0,0
5401,L02706,L,300.3,311.3,1486,37.4,148,0,0,0,0,0,0
5402,H01077,H,300.1,308.8,1492,33.4,153,0,0,0,0,0,0
5403,H01078,H,298.9,310.3,1666,37.8,158,0,0,0,0,0,0
5404,L02707,L,301.7,311.3,1488,33.4,160,0,0,0,0,0,0
5405,L02708,L,296.3,305.5,1530,29.2,162,0,0,0,0,0,0
5406,H01079,H,298.9,310.0,1494,51.8,167,0,0,0,0,0,0
5407,H01080,H,299.0,309.0,1440,40.3,172,0,0,0,0,0,0
5408,L02709,L,296.7,308.6,1435,55.5,174,0,0,0,0,0,0
5409,L02710,L,303.0,312.1,1569,35.0,176,0,0,0,0,0,0
5410,M01620,M,297.3,305.5,1535,37.4,179,0,0,0,0,0,0
5411,M01621,M,298.8,308.5,1614,35.3,182,0,0,0,0,0,0
5412,L02711,L,301.8,312.6,1514,36.2,184,0,0,0,0,0,0
5413,M01622,M,301.3,310.4,1517,45.2,187,0,0,0,0,0,0
5414,L02712,L,297.8,306.5,1615,43.4,189,0,0,0,0,0,0
5415,L02713,L,301.4,311.6,1501,45.3,191,0,0,0,0,0,0
5416,L02714,L,300.6,309.1,1394,48.1,193,0,0,0,0,0,0
5417,L02715,L,304.7,315.0,1623,46.6,195,0,0,0,0,0,0
5418,L02716,L,300.8,310.5,1470,33.9,197,0,0,0,0,0,0
5419,L02717,L,299.7,310.2,1545,36.9,199,0,0,0,0,0,0
5420,L02718,L,298.3,306.9,1475,40.7,201,0,0,0,0,0,0
5421,L02719,L,298.5,309.8,1441,62.4,203,1,0,0,1,1,0
5422,L02720,L,298.3,308.2,1348,44.6,205,0,0,0,0,0,0
5423,H01081,H,302.7,313.5,1572,40.6,210,0,0,0,0,0,0
5424,L02721,L,300.0,311.0,1199,44.0,212,0,0,0,0,0,0
5425,L02722,L,301.1,310.0,1668,36.4,214,0,0,0,0,0,0
5426,M01623,M,303.0,313.9,1641,41.6,217,0,0,0,0,0,0
5427,H01082,H,295.3,303.9,1447,45.7,222,0,0,0,0,0,0
5428,L02723,L,302.6,311.2,1697,39.8,224,0,0,0,0,0,0
5429,M01624,M,300.1,312.1,1744,35.5,3,0,0,0,0,0,0
5430,M01625,M,300.9,312.0,1511,39.5,6,0,0,0,0,0,0
5431,M01626,M,298.3,310.4,1579,38.1,9,0,0,0,0,0,0
5432,L02724,L,298.5,308.1,1552,31.9,11,0,0,0,0,0,0
5433,M01627,M,301.0,311.1,1689,36.6,14,0,0,0,0,0,0
5434,L02725,L,304.8,315.3,1399,31.6,16,0,0,0,0,0,0
5435,M01628,M,302.0,312.0,1515,32.6,19,0,0,0,0,0,0
5436,M01629,M,302.5,311.8,1630,33.2,22,0,0,0,0,0,0
5437,L02726,L,299.6,308.7,1619,45.7,24,0,0,0,0,0,0
5438,H01083,H,298.8,309.0,1534,48.9,29,0,0,0,0,0,0
5439,L02727,L,298.4,307.4,1677,30.8,31,0,0,0,0,0,0
5440,H01084,H,299.0,307.9,1561,49.5,36,0,0,0,0,0,0
5441,L02728,L,295.9,306.3,1549,33.2,38,0,0,0,0,0,0
5442,L02729,L,298.6,308.5,1608,44.5,40,0,0,0,0,0,0
5443,L02730,L,298.9,309.8,1532,41.6,42,0,0,0,0,0,0
5444,H01085,H,299.6,309.2,1543,43.8,47,0,0,0,0,0,0
5445,L02731,L,300.3,309.7,1459,33.0,49,0,0,0,0,0,0
5446,L02732,L,300.7,311.1,1831,29.1,51,0,0,0,0,0,0
5447,L02733,L,300.0,309.2,1491,35.2,53,0,0,0,0,0,0
5448,M01630,M,298.8,308.2,1611,42.6,56,0,0,0,0,0,0
5449,M01631,M,296.1,305.5,1729,51.7,59,1,0,0,1,0,0
5450,L02734,L,298.8,308.6,1404,33.8,61,0,0,0,0,0,0
5451,L02735,L,298.1,309.8,1599,39.4,63,0,0,0,0,0,0
5452,L02736,L,300.9,309.6,1540,35.5,65,0,0,0,0,0,0
5453,L02737,L,301.8,313.1,1717,39.9,67,0,0,0,0,0,0
5454,L02738,L,301.9,312.6,1447,28.4,69,0,0,0,0,0,0
5455,M01632,M,301.5,313.1,1463,49.0,72,0,0,0,0,0,0
5456,L02739,L,299.7,312.9,1533,40.1,74,0,0,0,0,0,0
5457,L02740,L,299.0,310.4,1489,45.5,76,0,0,0,0,0,0
5458,L02741,L,298.5,309.4,1492,38.6,78,0,0,0,0,0,0
5459,H01086,H,297.0,305.7,1741,41.1,83,0,0,0,0,0,0
5460,H01087,H,302.0,310.8,1551,46.8,88,0,0,0,0,0,0
5461,H01088,H,299.7,310.0,1460,40.8,93,0,0,0,0,0,0
5462,L02742,L,297.5,305.8,1499,41.0,95,0,0,0,0,0,0
5463,L02743,L,298.3,309.0,1578,35.2,97,0,0,0,0,0,0
5464,L02744,L,298.3,306.1,1572,36.8,99,0,0,0,0,0,0
5465,L02745,L,300.1,311.2,1480,33.9,101,0,0,0,0,0,0
5466,M01633,M,302.1,311.8,1375,35.6,104,0,0,0,0,0,0
5467,M01634,M,299.3,309.4,1533,47.5,107,0,0,0,0,0,0
5468,H01089,H,295.5,304.7,1530,50.9,112,0,0,0,0,0,0
5469,H01090,H,299.6,307.7,1473,32.5,117,0,0,0,0,0,0
5470,L02746,L,299.7,310.9,1666,42.4,119,0,0,0,0,0,0
5471,M01635,M,299.6,310.9,1595,38.1,122,0,0,0,0,0,0
5472,L02747,L,298.7,308.4,1551,48.4,124,0,0,0,0,0,0
5473,L02748,L,300.4,311.1,1502,40.8,126,0,0,0,0,0,0
5474,M01636,M,300.1,309.7,1711,40.0,129,0,0,0,0,0,0
5475,L02749,L,300.0,310.2,1423,35.5,131,0,0,0,0,0,0
5476,L02750,L,300.8,311.6,1488,30.8,133,0,0,0,0,0,0
5477,L02751,L,299.1,309.7,1493,44.6,135,0,0,0,0,0,0
5478,M01637,M,299.0,310.4,1568,42.1,138,0,0,0,0,0,0
5479,M01638,M,302.8,313.3,1604,42.3,141,0,0,0,0,0,0
5480,L02752,L,301.1,311.1,1404,36.4,143,0,0,0,0,0,0
5481,H01091,H,301.7,310.9,1470,39.1,148,0,0,0,0,0,0
5482,L02753,L,302.5,312.0,1583,44.7,150,0,0,0,0,0,0
5483,L02754,L,301.1,311.9,1471,45.9,152,0,0,0,0,0,0
5484,M01639,M,301.9,310.4,1498,32.9,155,0,0,0,0,0,0
5485,M01640,M,296.8,307.9,1555,36.2,158,0,0,0,0,0,0
5486,H01092,H,300.4,310.1,1440,31.7,163,0,0,0,0,0,0
5487,L02755,L,299.6,308.8,1566,41.2,165,0,0,0,0,0,0
5488,M01641,M,303.4,312.3,1599,45.3,168,0,0,0,0,0,0
5489,M01642,M,301.9,312.5,1542,38.3,171,0,0,0,0,0,0
5490,H01093,H,298.7,308.7,1681,36.0,176,0,0,0,0,0,0
5491,L02756,L,300.7,312.3,1611,38.0,178,0,0,0,0,0,0
5492,M01643,M,300.3,309.1,1534,53.8,181,0,0,0,0,0,0
5493,M01644,M,300.9,310.3,1506,47.2,184,0,0,0,0,0,0
5494,L02757,L,298.0,307.9,1713,44.4,186,0,0,0,0,0,0
5495,L02758,L,300.7,310.0,1472,41.9,188,0,0,0,0,0,0
5496,L02759,L,299.5,309.5,1511,39.9,190,0,0,0,0,0,0
5497,M01645,M,300.6,310.9,1497,34.6,193,0,0,0,0,0,0
5498,H01094,H,298.6,309.0,1578,33.6,198,0,0,0,0,0,0
5499,M01646,M,298.8,310.3,1764,36.6,201,0,0,0,0,0,0
5500,M01647,M,302.3,311.0,1563,34.3,204,0,0,0,0,0,0
5501,M01648,M,297.9,308.2,1506,36.4,207,0,0,0,0,0,0
5502,L02760,L,298.0,307.4,1557,39.4,209,0,0,0,0,0,0
5503,L02761,L,299.9,310.3,1407,39.8,211,0,0,0,0,0,0
5504,L02762,L,298.5,308.9,1519,36.3,213,0,0,0,0,0,0
5505,L02763,L,298.2,307.2,1708,43.0,215,0,0,0,0,0,0
5506,L02764,L,300.2,309.3,1604,38.9,2,0,0,0,0,0,0
5507,M01649,M,297.0,307.5,1661,41.3,5,0,0,0,0,0,0
5508,L02765,L,298.0,308.0,1639,35.5,7,0,0,0,0,0,0
5509,L02766,L,304.1,313.9,1467,44.2,9,0,0,0,0,0,0
5510,L02767,L,300.9,311.6,1729,36.8,11,0,0,0,0,0,0
5511,L02768,L,298.5,309.2,1360,49.7,13,0,0,0,0,0,0
5512,H01095,H,300.8,310.3,1571,38.7,18,0,0,0,0,0,0
5513,H01096,H,301.1,310.3,1332,39.4,23,0,0,0,0,0,0
5514,M01650,M,302.0,310.7,1367,43.6,26,0,0,0,0,0,0
5515,L02769,L,299.7,309.8,1632,44.9,28,0,0,0,0,0,0
5516,M01651,M,302.0,310.5,1469,45.5,31,0,0,0,0,0,0
5517,H01097,H,295.9,306.0,1662,50.7,36,0,0,0,0,0,0
5518,M01652,M,297.9,309.1,1321,44.0,39,0,0,0,0,0,0
5519,L02770,L,300.3,310.0,1529,39.6,41,0,0,0,0,0,0
5520,M01653,M,300.7,310.1,1416,36.8,44,0,0,0,0,0,0
5521,H01098,H,298.2,310.2,1505,39.2,49,0,0,0,0,0,0
5522,M01654,M,300.5,312.0,1693,48.9,52,0,0,0,0,0,0
5523,M01655,M,298.8,308.0,1717,31.7,55,0,0,0,0,0,0
5524,L02771,L,299.4,309.6,1589,35.1,57,0,0,0,0,0,0
5525,M01656,M,302.0,312.4,1379,38.7,60,0,0,0,0,0,0
5526,L02772,L,301.8,312.0,1417,35.0,62,0,0,0,0,0,0
5527,M01657,M,298.0,309.8,1554,37.5,65,0,0,0,0,0,0
5528,L02773,L,297.9,308.0,1457,50.8,67,0,0,0,0,0,0
5529,L02774,L,299.2,309.4,1604,38.2,69,0,0,0,0,0,0
5530,L02775,L,299.9,310.6,1706,42.5,71,0,0,0,0,0,0
5531,M01658,M,298.7,309.9,1440,30.1,74,0,0,0,0,0,0
5532,L02776,L,302.1,313.0,1448,33.4,76,0,0,0,0,0,0
5533,M01659,M,300.7,311.2,1420,45.6,79,0,0,0,0,0,0
5534,M01660,M,300.8,309.3,1513,50.0,82,0,0,0,0,0,0
5535,L02777,L,297.5,307.0,1543,41.3,84,0,0,0,0,0,0
5536,L02778,L,302.3,313.2,1540,38.2,86,0,0,0,0,0,0
5537,L02779,L,294.4,304.6,1628,43.0,88,0,0,0,0,0,0
5538,H01099,H,301.7,312.5,1577,24.4,93,0,0,0,0,0,0
5539,M01661,M,301.9,313.8,1532,41.4,96,0,0,0,0,0,0
5540,L02780,L,299.1,308.0,1542,33.7,98,0,0,0,0,0,0
5541,L02781,L,302.5,313.7,1547,44.8,100,0,0,0,0,0,0
5542,M01662,M,299.9,309.5,1532,26.8,103,0,0,0,0,0,0
5543,H01100,H,300.1,311.1,1470,36.2,108,0,0,0,0,0,0
5544,H01101,H,300.7,310.6,1418,39.8,113,0,0,0,0,0,0
5545,M01663,M,306.4,318.5,1552,35.4,116,0,0,0,0,0,0
5546,L02782,L,302.7,312.8,1488,37.7,118,0,0,0,0,0,0
5547,L02783,L,301.4,310.8,1591,45.4,120,0,0,0,0,0,0
5548,L02784,L,298.2,308.6,1545,39.9,122,0,0,0,0,0,0
5549,L02785,L,300.3,310.6,1539,34.4,124,0,0,0,0,0,0
5550,L02786,L,298.4,309.5,1636,45.6,126,0,0,0,0,0,0
5551,L02787,L,301.6,312.1,1398,41.5,128,0,0,0,0,0,0
5552,L02788,L,300.3,312.8,1715,41.8,130,0,0,0,0,0,0
5553,H01102,H,297.8,307.6,1320,34.6,135,0,0,0,0,0,0
5554,M01664,M,300.2,310.1,1683,24.7,138,0,0,0,0,0,0
5555,H01103,H,298.3,307.7,1558,34.6,143,0,0,0,0,0,0
5556,M01665,M,300.3,310.4,1486,34.0,146,0,0,0,0,0,0
5557,L02789,L,298.3,308.5,1391,36.3,148,0,0,0,0,0,0
5558,M01666,M,300.1,310.3,1478,34.9,151,0,0,0,0,0,0
5559,L02790,L,301.5,311.6,1522,40.7,153,0,0,0,0,0,0
5560,M01667,M,299.9,309.3,1557,45.3,156,0,0,0,0,0,0
5561,L02791,L,299.2,308.3,1683,46.5,158,0,0,0,0,0,0
5562,H01104,H,300.4,310.0,1545,45.0,163,0,0,0,0,0,0
5563,L02792,L,301.4,312.5,1570,34.6,165,0,0,0,0,0,0
5564,L02793,L,297.8,309.1,1573,40.4,167,0,0,0,0,0,0
5565,H01105,H,300.5,310.4,1505,49.4,172,0,0,0,0,0,0
5566,L02794,L,302.6,311.7,1519,30.5,174,0,0,0,0,0,0
5567,M01668,M,301.1,311.1,1527,48.1,177,0,0,0,0,0,0
5568,M01669,M,300.1,312.2,1601,34.0,180,0,0,0,0,0,0
5569,H01106,H,301.3,312.3,1447,41.8,185,0,0,0,0,0,0
5570,H01107,H,300.9,311.5,1487,42.5,190,0,0,0,0,0,0
5571,H01108,H,301.5,312.5,1574,41.1,195,0,0,0,0,0,0
5572,L02795,L,296.0,307.5,1430,53.4,197,0,0,0,0,0,0
5573,H01109,H,296.9,305.7,1549,38.2,202,0,0,0,0,0,0
5574,M01670,M,302.0,311.6,1483,30.2,205,0,0,0,0,0,0
5575,M01671,M,297.0,306.5,1589,42.1,208,0,0,0,0,0,0
5576,L02796,L,300.8,311.4,1675,39.0,210,0,0,0,0,0,0
5577,M01672,M,299.3,309.5,1484,43.3,213,0,0,0,0,0,0
5578,H01110,H,298.0,308.8,1614,45.3,218,0,0,0,0,0,0
5579,H01111,H,300.7,310.2,1558,39.8,223,0,0,0,0,0,0
5580,L02797,L,300.4,311.8,1500,42.6,225,0,0,0,0,0,0
5581,L02798,L,304.2,314.2,1539,40.9,227,0,0,0,0,0,0
5582,L02799,L,298.8,309.4,1668,50.8,229,1,0,0,0,1,0
5583,H01112,H,302.9,314.1,1521,37.8,234,0,0,0,0,0,0
5584,M01673,M,300.7,311.8,1669,35.9,3,0,0,0,0,0,0
5585,L02800,L,298.7,309.0,1526,45.3,5,0,0,0,0,0,0
5586,L02801,L,301.6,312.4,1397,34.4,7,0,0,0,0,0,0
5587,L02802,L,301.1,312.9,1523,42.4,9,0,0,0,0,0,0
5588,L02803,L,300.1,310.6,1389,39.0,11,0,0,0,0,0,0
5589,H01113,H,300.5,309.8,1506,39.4,16,0,0,0,0,0,0
5590,M01674,M,298.8,309.4,1502,54.6,19,0,0,0,0,0,0
5591,L02804,L,298.3,308.3,1720,47.4,21,0,0,0,0,0,0
5592,M01675,M,301.5,309.2,1699,46.1,24,0,0,0,0,0,0
5593,L02805,L,299.6,310.0,1547,43.2,26,0,0,0,0,0,0
5594,H01114,H,299.8,310.0,1659,35.9,31,0,0,0,0,0,0
5595,L02806,L,300.6,311.7,1498,41.6,33,0,0,0,0,0,0
5596,L02807,L,300.5,309.8,1395,43.5,35,0,0,0,0,0,0
5597,L02808,L,297.1,305.6,1591,41.2,37,0,0,0,0,0,0
5598,M01676,M,302.6,312.7,1574,40.6,40,0,0,0,0,0,0
5599,M01677,M,300.2,310.6,1444,37.6,43,0,0,0,0,0,0
5600,M01678,M,299.6,309.7,1449,41.6,46,0,0,0,0,0,0
5601,L02809,L,300.9,310.9,1632,36.8,48,0,0,0,0,0,0
5602,L02810,L,300.5,309.4,1370,44.2,50,0,0,0,0,0,0
5603,L02811,L,301.5,311.4,1594,27.9,52,0,0,0,0,0,0
5604,M01679,M,301.1,310.7,1507,48.2,55,0,0,0,0,0,0
5605,L02812,L,301.4,312.5,1594,32.1,57,0,0,0,0,0,0
5606,M01680,M,302.7,313.1,1637,33.6,60,0,0,0,0,0,0
5607,H01115,H,301.8,311.5,1451,42.5,65,0,0,0,0,0,0
5608,H01116,H,299.7,311.4,1424,43.2,70,0,0,0,0,0,0
5609,L02813,L,297.8,307.5,1685,52.5,72,1,0,0,1,0,0
5610,L02814,L,303.3,313.9,1532,41.8,74,0,0,0,0,0,0
5611,L02815,L,299.5,309.4,1571,39.8,76,0,0,0,0,0,0
5612,M01681,M,299.1,310.7,1629,41.1,79,0,0,0,0,0,0
5613,H01117,H,296.5,306.6,1442,49.5,84,0,0,0,0,0,0
5614,L02816,L,300.7,310.8,1628,54.5,86,1,0,0,1,0,0
5615,L02817,L,300.3,310.2,1602,38.9,88,0,0,0,0,0,0
5616,H01118,H,297.0,307.2,1685,43.3,93,0,0,0,0,0,0
5617,H01119,H,300.9,312.1,1683,39.6,98,0,0,0,0,0,0
5618,L02818,L,299.0,309.8,1544,39.4,100,0,0,0,0,0,0
5619,M01682,M,305.4,315.4,1613,51.3,103,0,0,0,0,0,0
5620,L02819,L,298.9,310.6,1542,34.4,105,0,0,0,0,0,0
5621,L02820,L,299.1,310.0,1553,26.0,107,0,0,0,0,0,0
5622,H01120,H,298.3,307.8,1425,41.9,112,0,0,0,0,0,0
5623,H01121,H,302.6,311.2,1516,47.2,117,0,0,0,0,0,0
5624,M01683,M,299.3,308.8,1359,41.3,120,0,0,0,0,0,0
5625,L02821,L,298.6,309.0,1524,43.0,122,0,0,0,0,0,0
5626,H01122,H,301.4,312.0,1670,44.5,127,0,0,0,0,0,0
5627,L02822,L,297.2,308.6,1616,40.7,129,0,0,0,0,0,0
5628,L02823,L,301.3,310.2,1549,43.3,131,0,0,0,0,0,0
5629,M01684,M,303.6,313.1,1518,43.2,134,0,0,0,0,0,0
5630,L02824,L,301.1,310.0,1484,28.2,136,0,0,0,0,0,0
5631,M01685,M,301.3,309.9,1446,40.7,139,0,0,0,0,0,0
5632,M01686,M,301.7,311.1,1620,30.6,142,0,0,0,0,0,0
5633,L02825,L,303.4,313.8,1384,39.8,144,0,0,0,0,0,0
5634,L02826,L,302.4,313.2,1382,37.0,146,0,0,0,0,0,0
5635,L02827,L,300.9,309.9,1628,46.2,148,0,0,0,0,0,0
5636,L02828,L,301.8,311.0,1559,41.5,150,0,0,0,0,0,0
5637,M01687,M,298.2,306.4,1542,42.8,153,0,0,0,0,0,0
5638,H01123,H,301.6,311.8,1559,38.9,158,0,0,0,0,0,0
5639,L02829,L,298.0,307.3,1739,46.3,160,0,0,0,0,0,0
5640,L02830,L,299.3,310.9,1544,30.4,162,0,0,0,0,0,0
5641,M01688,M,293.8,304.2,1567,34.6,165,0,0,0,0,0,0
5642,H01124,H,300.8,310.6,1744,47.7,170,0,0,0,0,0,0
5643,L02831,L,298.7,308.1,1532,37.4,172,0,0,0,0,0,0
5644,L02832,L,302.2,310.7,1711,27.1,174,0,0,0,0,0,0
5645,M01689,M,300.8,309.4,1327,48.7,177,0,0,0,0,0,0
5646,L02833,L,302.2,311.6,1422,46.5,179,0,0,0,0,0,0
5647,L02834,L,297.8,307.1,1471,44.3,181,0,0,0,0,0,0
5648,M01690,M,302.1,311.1,1596,40.6,184,0,0,0,0,0,0
5649,M01691,M,304.2,314.6,1715,50.0,187,0,0,0,0,0,0
5650,M01692,M,301.5,312.0,1479,47.6,190,0,0,0,0,0,0
5651,M01693,M,301.6,311.1,1636,49.3,193,0,0,0,0,0,0
5652,M01694,M,300.3,312.3,1762,44.2,196,0,0,0,0,0,0
5653,L02835,L,299.0,307.2,1694,40.7,198,0,0,0,0,0,0
5654,L02836,L,301.5,311.6,1498,37.6,200,0,0,0,0,0,0
5655,L02837,L,297.0,306.8,1625,32.4,202,0,0,0,0,0,0
5656,L02838,L,299.2,308.6,1572,43.0,204,0,0,0,0,0,0
5657,M01695,M,296.5,305.8,1472,43.5,207,0,0,0,0,0,0
5658,H01125,H,298.6,308.6,1581,37.9,212,0,0,0,0,0,0
5659,H01126,H,301.3,311.1,1491,43.7,217,0,0,0,0,0,0
5660,M01696,M,301.0,310.6,1550,38.0,220,0,0,0,0,0,0
5661,L02839,L,300.1,308.8,1400,45.2,222,0,0,0,0,0,0
5662,L02840,L,300.3,308.7,1362,34.7,224,1,0,1,0,0,0
5663,H01127,H,296.2,305.9,1509,33.7,229,0,0,0,0,0,0
5664,M01697,M,299.3,308.9,1570,38.6,232,0,0,0,0,0,0
5665,M01698,M,298.6,308.4,1425,45.0,3,0,0,0,0,0,0
5666,M01699,M,298.7,308.6,1591,33.0,6,0,0,0,0,0,0
5667,M01700,M,301.2,310.7,1542,46.3,9,0,0,0,0,0,0
5668,H01128,H,298.3,308.1,1603,30.1,14,0,0,0,0,0,0
5669,L02841,L,298.8,307.9,1633,38.5,16,0,0,0,0,0,0
5670,M01701,M,295.8,307.3,1672,31.5,19,0,0,0,0,0,0
5671,H01129,H,299.4,308.6,1598,24.3,24,0,0,0,0,0,0
5672,L02842,L,297.8,307.5,1508,42.2,26,0,0,0,0,0,0
5673,M01702,M,300.2,309.4,1557,38.9,29,0,0,0,0,0,0
5674,L02843,L,298.1,307.4,1771,31.6,31,0,0,0,0,0,0
5675,H01130,H,300.2,310.2,1637,36.9,36,0,0,0,0,0,0
5676,L02844,L,299.7,309.6,1545,42.7,38,0,0,0,0,0,0
5677,M01703,M,303.3,312.9,1523,37.8,41,0,0,0,0,0,0
5678,L02845,L,301.0,310.7,1478,38.8,43,0,0,0,0,0,0
5679,M01704,M,296.3,305.6,1419,37.6,46,0,0,0,0,0,0
5680,L02846,L,297.5,307.9,1709,36.5,48,0,0,0,0,0,0
5681,L02847,L,300.1,312.2,1586,36.4,50,0,0,0,0,0,0
5682,L02848,L,298.1,307.3,1411,36.3,52,0,0,0,0,0,0
5683,H01131,H,294.1,304.5,1525,35.5,57,0,0,0,0,0,0
5684,L02849,L,302.7,312.7,1665,33.9,59,0,0,0,0,0,0
5685,L02850,L,301.4,312.1,1493,37.7,61,0,0,0,0,0,0
5686,M01705,M,301.0,311.7,1457,36.2,64,0,0,0,0,0,0
5687,M01706,M,298.8,309.0,1574,33.6,67,0,0,0,0,0,0
5688,H01132,H,300.9,310.8,1604,44.6,72,0,0,0,0,0,0
5689,L02851,L,298.6,308.2,1493,47.4,74,0,0,0,0,0,0
5690,M01707,M,300.4,309.6,1478,40.0,77,0,0,0,0,0,0
5691,L02852,L,298.2,308.1,1584,40.4,79,0,0,0,0,0,0
5692,L02853,L,303.0,311.7,1426,35.8,81,0,0,0,0,0,0
5693,M01708,M,296.9,306.3,1484,46.4,84,0,0,0,0,0,0
5694,M01709,M,302.5,313.6,1526,50.4,87,0,0,0,0,0,0
5695,M01710,M,300.1,310.2,1612,39.0,90,0,0,0,0,0,0
5696,L02854,L,299.0,309.9,1495,36.9,92,0,0,0,0,0,0
5697,L02855,L,300.3,311.8,1594,42.0,94,0,0,0,0,0,0
5698,L02856,L,301.5,311.3,1655,40.8,96,0,0,0,0,0,0
5699,H01133,H,302.7,312.9,1487,37.0,101,0,0,0,0,0,0
5700,L02857,L,300.6,310.3,1860,42.8,103,0,0,0,0,0,0
5701,L02858,L,298.2,307.4,1680,45.6,105,0,0,0,0,0,0
5702,L02859,L,300.1,309.2,1565,35.3,107,0,0,0,0,0,0
5703,M01711,M,303.6,314.5,1520,55.3,110,0,0,0,0,0,0
5704,L02860,L,302.7,312.9,1482,30.8,112,0,0,0,0,0,0
5705,H01134,H,301.8,313.7,1704,34.9,117,0,0,0,0,0,0
5706,L02861,L,301.6,312.6,1559,41.4,119,0,0,0,0,0,0
5707,H01135,H,301.4,310.7,1394,53.5,124,0,0,0,0,0,0
5708,L02862,L,302.3,313.2,1367,36.6,126,0,0,0,0,0,0
5709,M01712,M,299.1,308.8,1549,33.6,129,0,0,0,0,0,0
5710,H01136,H,297.3,308.5,1551,43.3,134,0,0,0,0,0,0
5711,L02863,L,300.1,309.7,1446,38.5,136,0,0,0,0,0,0
5712,H01137,H,298.4,307.3,1387,44.0,141,0,0,0,0,0,0
5713,L02864,L,297.9,307.1,1342,39.6,143,0,0,0,0,0,0
5714,H01138,H,298.6,307.8,1462,34.9,148,0,0,0,0,0,0
5715,M01713,M,305.0,314.1,1502,54.1,151,0,0,0,0,0,0
5716,L02865,L,300.3,309.7,1607,22.3,153,0,0,0,0,0,0
5717,L02866,L,300.7,311.6,1525,50.9,155,0,0,0,0,0,0
5718,L02867,L,297.6,309.4,1644,45.6,157,0,0,0,0,0,0
5719,L02868,L,296.3,305.0,1599,35.5,159,0,0,0,0,0,0
5720,L02869,L,298.4,309.6,1589,51.2,161,0,0,0,0,0,0
5721,L02870,L,302.9,312.4,1636,31.8,163,0,0,0,0,0,0
5722,L02871,L,300.7,311.0,1399,46.0,165,0,0,0,0,0,0
5723,M01714,M,301.2,309.5,1484,27.5,168,0,0,0,0,0,0
5724,L02872,L,301.5,312.0,1778,33.1,170,0,0,0,0,0,0
5725,L02873,L,298.8,306.8,1347,33.1,172,1,0,1,0,0,0
5726,M01715,M,302.8,313.1,1508,35.5,175,0,0,0,0,0,0
5727,L02874,L,298.7,309.0,1586,40.1,177,0,0,0,0,0,0
5728,L02875,L,302.8,313.0,1350,35.0,179,0,0,0,0,0,0
5729,L02876,L,300.9,310.1,1463,27.8,181,0,0,0,0,0,0
5730,H01139,H,296.4,307.0,1738,42.8,186,0,0,0,0,0,0
5731,H01140,H,298.5,308.9,1555,40.3,191,0,0,0,0,0,0
5732,L02877,L,296.4,306.2,1481,42.5,193,0,0,0,0,0,0
5733,M01716,M,302.3,313.0,1559,41.0,196,0,0,0,0,0,0
5734,M01717,M,300.0,309.9,1480,45.7,199,0,0,0,0,0,0
5735,M01718,M,295.5,306.1,1709,39.5,202,0,0,0,0,0,0
5736,M01719,M,300.8,310.6,1439,46.1,205,0,0,0,0,0,0
5737,M01720,M,298.9,309.1,1486,35.3,208,0,0,0,0,0,0
5738,L02878,L,297.0,307.6,1389,35.7,210,0,0,0,0,0,0
5739,L02879,L,303.4,313.0,1508,48.3,212,0,0,0,0,0,0
5740,L02880,L,300.2,309.0,1521,48.1,214,0,0,0,0,0,0
5741,H01141,H,299.4,309.7,1658,43.4,219,0,0,0,0,0,0
5742,M01721,M,299.2,310.4,1436,34.7,222,0,0,0,0,0,0
5743,H01142,H,297.0,307.3,1586,34.2,5,0,0,0,0,0,0
5744,H01143,H,297.4,307.7,1547,48.0,10,0,0,0,0,0,0
5745,L02881,L,302.6,312.5,1349,47.6,12,0,0,0,0,0,0
5746,M01722,M,299.1,309.8,1465,39.6,15,0,0,0,0,0,0
5747,M01723,M,300.0,309.9,1461,54.1,18,0,0,0,0,0,0
5748,H01144,H,295.9,305.5,1706,42.8,23,0,0,0,0,0,0
5749,H01145,H,297.4,308.5,1593,33.4,28,0,0,0,0,0,0
5750,M01724,M,301.2,310.7,1552,38.3,31,0,0,0,0,0,0
5751,L02882,L,300.8,311.6,1168,40.0,33,0,0,0,0,0,0
5752,M01725,M,303.5,314.6,1347,40.5,36,0,0,0,0,0,0
5753,L02883,L,302.7,313.3,1611,47.5,38,0,0,0,0,0,0
5754,M01726,M,299.5,308.3,1616,34.3,41,0,0,0,0,0,0
5755,H01146,H,300.9,311.0,1464,32.0,46,0,0,0,0,0,0
5756,L02884,L,299.4,309.2,1541,43.6,48,0,0,0,0,0,0
5757,M01727,M,304.1,313.6,1534,37.0,51,0,0,0,0,0,0
5758,L02885,L,302.3,312.4,1555,54.5,53,0,0,0,0,0,0
5759,L02886,L,300.3,311.1,1501,45.7,55,0,0,0,0,0,0
5760,L02887,L,300.4,309.9,1620,36.8,57,0,0,0,0,0,0
5761,M01728,M,302.9,312.7,1649,47.3,60,0,0,0,0,0,0
5762,H01147,H,301.2,310.9,1442,44.4,65,0,0,0,0,0,0
5763,H01148,H,303.1,314.3,1419,43.8,70,0,0,0,0,0,0
5764,L02888,L,295.6,305.4,1458,39.3,72,0,0,0,0,0,0
5765,H01149,H,300.9,309.7,1543,42.5,77,0,0,0,0,0,0
5766,M01729,M,299.0,307.4,1574,27.4,80,0,0,0,0,0,0
5767,L02889,L,303.5,313.9,1617,47.9,82,0,0,0,0,0,0
5768,L02890,L,303.1,312.3,1635,19.4,84,1,0,0,1,0,0
5769,L02891,L,300.1,310.7,1574,37.3,86,0,0,0,0,0,0
5770,H01150,H,303.1,311.7,1561,30.4,91,0,0,0,0,0,0
5771,M01730,M,303.6,313.0,1703,37.0,94,0,0,0,0,0,0
5772,M01731,M,300.1,308.8,1539,39.6,97,0,0,0,0,0,0
5773,L02892,L,304.9,315.4,1597,32.8,99,0,0,0,0,0,0
5774,M01732,M,299.9,310.6,1570,23.4,102,0,0,0,0,0,0
5775,L02893,L,299.6,309.9,1521,41.2,104,0,0,0,0,0,0
5776,L02894,L,301.7,310.6,1521,52.5,106,0,0,0,0,0,0
5777,M01733,M,299.3,308.5,1670,37.9,109,0,0,0,0,0,0
5778,L02895,L,300.2,310.4,1529,45.8,111,0,0,0,0,0,0
5779,H01151,H,302.8,311.1,1503,49.0,116,0,0,0,0,0,0
5780,L02896,L,300.0,309.8,1464,28.6,118,0,0,0,0,0,0
5781,M01734,M,296.6,308.1,1580,37.3,121,0,0,0,0,0,0
5782,L02897,L,300.7,310.6,1487,32.3,123,0,0,0,0,0,0
5783,M01735,M,298.6,307.1,1571,35.2,126,0,0,0,0,0,0
5784,L02898,L,301.7,311.1,1556,50.2,128,0,0,0,0,0,0
5785,L02899,L,301.4,310.8,1495,41.3,130,0,0,0,0,0,0
5786,H01152,H,302.9,315.1,1398,44.7,135,0,0,0,0,0,0
5787,L02900,L,301.8,313.5,1435,39.7,137,0,0,0,0,0,0
5788,H01153,H,302.2,312.9,1451,32.7,142,0,0,0,0,0,0
5789,H01154,H,298.7,308.3,1438,44.1,147,0,0,0,0,0,0
5790,L02901,L,301.6,312.8,1584,47.5,149,0,0,0,0,0,0
5791,L02902,L,303.9,312.8,1751,41.9,151,0,0,0,0,0,0
5792,M01736,M,298.6,309.7,1487,42.9,154,0,0,0,0,0,0
5793,H01155,H,303.6,314.5,1500,32.6,159,0,0,0,0,0,0
5794,H01156,H,298.9,308.7,1480,44.2,164,0,0,0,0,0,0
5795,M01737,M,298.3,309.4,1624,48.1,167,0,0,0,0,0,0
5796,M01738,M,300.6,310.1,1581,42.4,170,0,0,0,0,0,0
5797,L02903,L,301.4,310.2,1536,29.2,172,0,0,0,0,0,0
5798,H01157,H,301.8,312.8,1417,49.8,177,0,0,0,0,0,0
5799,H01158,H,298.1,308.0,1441,34.3,182,0,0,0,0,0,0
5800,L02904,L,300.9,311.5,1556,42.3,184,0,0,0,0,0,0
5801,L02905,L,298.6,310.4,1560,45.7,186,0,0,0,0,0,0
5802,L02906,L,297.0,306.3,1536,46.5,188,0,0,0,0,0,0
5803,L02907,L,298.1,308.0,1604,29.2,190,0,0,0,0,0,0
5804,H01159,H,298.5,310.1,1416,40.7,195,0,0,0,0,0,0
5805,L02908,L,301.0,311.7,1568,40.3,197,0,0,0,0,0,0
5806,L02909,L,302.3,311.6,1563,48.6,199,0,0,0,0,0,0
5807,L02910,L,297.1,306.1,1442,42.8,201,0,0,0,0,0,0
5808,H01160,H,300.7,310.2,1478,48.7,206,0,0,0,0,0,0
5809,M01739,M,297.6,306.9,1607,43.2,209,0,0,0,0,0,0
5810,L02911,L,301.3,311.5,1424,39.6,211,0,0,0,0,0,0
5811,L02912,L,298.8,308.8,1784,41.2,213,0,0,0,0,0,0
5812,H01161,H,297.9,308.2,1594,49.1,5,0,0,0,0,0,0
5813,H01162,H,301.6,310.8,1532,32.2,10,0,0,0,0,0,0
5814,L02913,L,298.8,308.8,1513,45.4,12,0,0,0,0,0,0
5815,L02914,L,299.4,307.3,1617,36.2,14,0,0,0,0,0,0
5816,L02915,L,295.6,305.7,1497,34.9,16,0,0,0,0,0,0
5817,L02916,L,301.9,313.1,1501,46.1,18,0,0,0,0,0,0
5818,M01740,M,301.6,310.2,1683,34.7,21,0,0,0,0,0,0
5819,H01163,H,300.0,310.5,1491,42.3,26,0,0,0,0,0,0
5820,L02917,L,296.9,306.3,1552,37.1,28,0,0,0,0,0,0
5821,H01164,H,302.4,313.2,1462,25.9,33,0,0,0,0,0,0
5822,L02918,L,298.7,308.8,1564,42.9,35,0,0,0,0,0,0
5823,M01741,M,299.1,309.5,1596,40.8,38,0,0,0,0,0,0
5824,M01742,M,304.6,314.7,1706,28.5,41,0,0,0,0,0,0
5825,L02919,L,298.6,309.9,1444,35.8,43,0,0,0,0,0,0
5826,L02920,L,301.5,311.8,1393,29.2,45,0,0,0,0,0,0
5827,M01743,M,301.1,310.4,1511,44.4,48,0,0,0,0,0,0
5828,L02921,L,300.8,310.9,1476,48.3,50,0,0,0,0,0,0
5829,L02922,L,300.6,310.2,1536,45.1,52,0,0,0,0,0,0
5830,M01744,M,300.8,310.9,1590,45.9,55,0,0,0,0,0,0
5831,H01165,H,300.5,310.1,1765,36.9,60,0,0,0,0,0,0
5832,L02923,L,299.9,309.2,1493,43.3,62,0,0,0,0,0,0
5833,H01166,H,303.0,313.2,1317,39.9,67,0,0,0,0,0,0
5834,L02924,L,297.4,307.4,1514,41.1,69,0,0,0,0,0,0
5835,M01745,M,302.0,313.1,1573,45.7,72,0,0,0,0,0,0
5836,M01746,M,301.6,311.2,1441,47.1,75,0,0,0,0,0,0
5837,H01167,H,301.4,309.4,1561,37.7,80,0,0,0,0,0,0
5838,L02925,L,302.2,311.9,1552,31.6,82,0,0,0,0,0,0
5839,M01747,M,299.8,308.2,1564,38.9,85,0,0,0,0,0,0
5840,M01748,M,296.3,306.7,1617,38.7,88,0,0,0,0,0,0
5841,L02926,L,299.9,308.2,1530,41.7,90,0,0,0,0,0,0
5842,L02927,L,298.0,307.0,1593,45.0,92,0,0,0,0,0,0
5843,L02928,L,298.5,308.2,1358,28.5,94,0,0,0,0,0,0
5844,L02929,L,297.5,309.1,1442,36.0,96,0,0,0,0,0,0
5845,H01168,H,299.0,308.0,1504,34.2,101,0,0,0,0,0,0
5846,L02930,L,298.8,308.8,1437,47.5,103,0,0,0,0,0,0
5847,L02931,L,295.2,305.8,1539,38.7,105,0,0,0,0,0,0
5848,M01749,M,301.4,312.9,1504,36.9,108,0,0,0,0,0,0
5849,L02932,L,304.4,315.2,1492,43.2,110,0,0,0,0,0,0
5850,M01750,M,301.2,312.3,1626,36.4,113,0,0,0,0,0,0
5851,L02933,L,299.6,310.5,1546,39.9,115,0,0,0,0,0,0
5852,H01169,H,299.9,308.7,1430,50.9,120,0,0,0,0,0,0
5853,H01170,H,299.2,309.5,1478,50.7,125,0,0,0,0,0,0
5854,H01171,H,300.2,311.0,1613,37.6,130,0,0,0,0,0,0
5855,L02934,L,299.9,309.0,1558,38.9,132,0,0,0,0,0,0
5856,M01751,M,298.3,307.7,1658,36.3,135,0,0,0,0,0,0
5857,L02935,L,303.4,312.6,1623,28.4,137,0,0,0,0,0,0
5858,L02936,L,297.0,307.8,1499,46.2,139,0,0,0,0,0,0
5859,L02937,L,301.4,311.4,1682,54.5,141,1,0,0,1,0,0
5860,M01752,M,299.8,309.5,1690,37.3,144,0,0,0,0,0,0
5861,L02938,L,303.8,312.5,1359,35.1,146,0,0,0,0,0,0
5862,M01753,M,300.7,310.6,1541,38.4,149,0,0,0,0,0,0
5863,L02939,L,299.3,308.7,1483,40.5,151,0,0,0,0,0,0
5864,L02940,L,299.5,309.7,1512,33.2,153,0,0,0,0,0,0
5865,M01754,M,300.1,308.9,1456,37.2,156,0,0,0,0,0,0
5866,L02941,L,297.7,307.9,1444,46.1,158,0,0,0,0,0,0
5867,M01755,M,298.5,308.0,1628,40.8,161,0,0,0,0,0,0
5868,L02942,L,296.4,305.2,1421,47.6,163,0,0,0,0,0,0
5869,H01172,H,298.2,306.8,1547,42.2,168,0,0,0,0,0,0
5870,M01756,M,300.2,309.0,1403,33.5,171,0,0,0,0,0,0
5871,L02943,L,300.6,310.4,1665,36.5,173,0,0,0,0,0,0
5872,L02944,L,296.0,306.2,1541,41.5,175,0,0,0,0,0,0
5873,M01757,M,299.7,310.0,1613,33.3,178,0,0,0,0,0,0
5874,H01173,H,301.1,311.4,1558,32.5,183,0,0,0,0,0,0
5875,L02945,L,299.7,308.9,1513,32.8,185,0,0,0,0,0,0
5876,L02946,L,298.7,309.8,1545,43.1,187,0,0,0,0,0,0
5877,H01174,H,299.2,308.7,1689,37.8,192,0,0,0,0,0,0
5878,M01758,M,298.9,309.4,1448,47.1,195,0,0,0,0,0,0
5879,L02947,L,298.7,308.6,1283,34.6,197,0,0,0,0,0,0
5880,L02948,L,300.3,310.7,1459,25.3,199,0,0,0,0,0,0
5881,L02949,L,304.6,314.4,1417,39.2,201,0,0,0,0,0,0
5882,M01759,M,298.5,308.9,1635,49.9,204,0,0,0,0,0,0
5883,L02950,L,299.4,309.4,1520,40.2,206,0,0,0,0,0,0
5884,H01175,H,299.9,310.7,1621,31.8,211,0,0,0,0,0,0
5885,L02951,L,298.6,307.8,1541,30.3,213,0,0,0,0,0,0
5886,L02952,L,302.2,310.4,1539,47.2,215,0,0,0,0,0,0
5887,M01760,M,295.3,304.3,1554,35.2,3,0,0,0,0,0,0
5888,H01176,H,298.9,310.0,1686,49.3,8,0,0,0,0,0,0
5889,H01177,H,301.6,311.5,1557,43.9,13,0,0,0,0,0,0
5890,L02953,L,299.4,309.5,1649,35.4,15,0,0,0,0,0,0
5891,M01761,M,298.4,307.3,1643,47.0,18,0,0,0,0,0,0
5892,M01762,M,300.9,310.9,1522,34.5,21,0,0,0,0,0,0
5893,L02954,L,301.8,310.8,1531,31.3,23,0,0,0,0,0,0
5894,L02955,L,300.4,309.5,1500,34.8,25,0,0,0,0,0,0
5895,L02956,L,298.4,308.0,1666,44.6,27,0,0,0,0,0,0
5896,L02957,L,300.9,311.4,1444,46.8,29,0,0,0,0,0,0
5897,H01178,H,299.2,309.7,1466,37.6,34,0,0,0,0,0,0
5898,L02958,L,301.5,312.1,1510,28.8,36,0,0,0,0,0,0
5899,H01179,H,303.0,311.4,1423,30.7,41,0,0,0,0,0,0
5900,M01763,M,294.8,304.8,1479,33.6,44,0,0,0,0,0,0
5901,M01764,M,300.2,310.0,1652,32.2,47,0,0,0,0,0,0
5902,M01765,M,296.5,305.0,1603,41.6,50,0,0,0,0,0,0
5903,L02959,L,304.9,314.9,1496,51.6,52,0,0,0,0,0,0
5904,L02960,L,299.1,308.8,1618,44.8,54,0,0,0,0,0,0
5905,L02961,L,301.5,312.0,1746,33.2,56,0,0,0,0,0,0
5906,M01766,M,299.9,310.0,1569,35.8,59,0,0,0,0,0,0
5907,L02962,L,298.4,307.8,1680,37.0,61,0,0,0,0,0,0
5908,M01767,M,298.2,309.1,1623,42.3,64,0,0,0,0,0,0
5909,L02963,L,303.2,311.0,1509,49.4,66,0,0,0,0,0,0
5910,L02964,L,301.9,311.8,1558,37.2,68,0,0,0,0,0,0
5911,L02965,L,303.9,312.1,1591,49.2,70,0,0,0,0,0,0
5912,H01180,H,300.1,309.2,1464,52.6,75,0,0,0,0,0,0
5913,M01768,M,300.6,311.1,1277,37.9,78,0,0,0,0,0,0
5914,L02966,L,299.5,308.2,1455,37.7,80,0,0,0,0,0,0
5915,M01769,M,299.4,308.0,1322,37.8,83,1,0,1,0,0,0
5916,L02967,L,297.9,310.3,1463,40.4,85,0,0,0,0,0,0
5917,H01181,H,300.2,308.8,1367,37.9,90,0,0,0,0,0,0
5918,M01770,M,298.4,310.1,1626,45.3,93,0,0,0,0,0,0
5919,L02968,L,300.9,310.7,1420,30.7,95,0,0,0,0,0,0
5920,M01771,M,300.3,309.8,1592,36.8,98,0,0,0,0,0,0
5921,L02969,L,300.6,311.1,1615,42.0,100,0,0,0,0,0,0
5922,H01182,H,303.4,314.7,1608,45.2,105,0,0,0,0,0,0
5923,L02970,L,299.9,308.8,1351,53.2,107,0,0,0,0,0,0
5924,M01772,M,301.5,311.0,1650,32.3,110,0,0,0,0,0,0
5925,L02971,L,304.1,314.9,1580,36.1,112,0,0,0,0,0,0
5926,M01773,M,302.6,312.9,1618,26.4,115,0,0,0,0,0,0
5927,M01774,M,302.3,313.4,1721,33.3,118,0,0,0,0,0,0
5928,M01775,M,299.4,309.9,1617,29.4,121,0,0,0,0,0,0
5929,M01776,M,300.5,312.3,1420,36.9,124,0,0,0,0,0,0
5930,H01183,H,297.4,307.5,1603,38.6,129,0,0,0,0,0,0
5931,L02972,L,301.0,311.2,1388,42.8,131,0,0,0,0,0,0
5932,L02973,L,300.5,310.9,1532,38.2,133,0,0,0,0,0,0
5933,L02974,L,300.0,309.9,1488,42.8,135,0,0,0,0,0,0
5934,H01184,H,302.1,312.9,1539,40.7,140,0,0,0,0,0,0
5935,L02975,L,297.6,307.8,1387,33.8,142,0,0,0,0,0,0
5936,M01777,M,303.3,314.1,1399,29.9,145,0,0,0,0,0,0
5937,M01778,M,301.8,312.7,1493,43.5,148,0,0,0,0,0,0
5938,L02976,L,299.9,310.3,1516,49.9,150,0,0,0,0,0,0
5939,L02977,L,299.7,310.2,1495,55.2,152,0,0,0,0,0,0
5940,L02978,L,301.0,310.0,1683,45.6,154,0,0,0,0,0,0
5941,L02979,L,303.0,312.5,1580,48.7,156,0,0,0,0,0,0
5942,L02980,L,300.2,311.0,1578,42.8,158,0,0,0,0,0,0
5943,L02981,L,300.3,311.7,1500,41.8,160,0,0,0,0,0,0
5944,H01185,H,300.0,308.1,1399,40.7,165,0,0,0,0,0,0
5945,H01186,H,303.6,313.0,1538,39.4,170,0,0,0,0,0,0
5946,L02982,L,299.3,309.3,1719,43.6,172,0,0,0,0,0,0
5947,L02983,L,299.9,309.1,1560,36.9,174,0,0,0,0,0,0
5948,L02984,L,302.9,312.1,1649,39.1,176,0,0,0,0,0,0
5949,M01779,M,300.3,310.8,1662,32.9,179,0,0,0,0,0,0
5950,H01187,H,302.3,313.9,1594,42.8,184,0,0,0,0,0,0
5951,L02985,L,298.2,306.1,1560,34.2,186,0,0,0,0,0,0
5952,L02986,L,299.6,309.4,1439,40.2,188,0,0,0,0,0,0
5953,M01780,M,303.0,313.4,1517,43.0,191,0,0,0,0,0,0
5954,M01781,M,298.6,309.4,1502,43.5,194,0,0,0,0,0,0
5955,L02987,L,299.7,310.0,1571,44.6,196,0,0,0,0,0,0
5956,M01782,M,300.5,312.3,1397,38.7,199,0,0,0,0,0,0
5957,L02988,L,298.0,308.1,1484,42.9,201,0,0,0,0,0,0
5958,L02989,L,299.2,310.5,1578,37.1,203,0,0,0,0,0,0
5959,M01783,M,300.2,309.6,1468,28.2,206,0,0,0,0,0,0
5960,H01188,H,300.1,310.2,1446,43.2,211,0,0,0,0,0,0
5961,L02990,L,302.6,311.3,1459,41.8,2,0,0,0,0,0,0
5962,H01189,H,303.1,314.0,1511,46.1,7,0,0,0,0,0,0
5963,L02991,L,298.3,308.2,1300,39.8,9,0,0,0,0,0,0
5964,M01784,M,300.2,310.6,1463,30.4,12,0,0,0,0,0,0
5965,L02992,L,301.3,311.0,1633,39.5,14,0,0,0,0,0,0
5966,H01190,H,303.0,313.6,1570,45.3,19,0,0,0,0,0,0
5967,H01191,H,301.4,311.8,1580,42.9,24,0,0,0,0,0,0
5968,L02993,L,300.6,309.6,1355,39.1,26,0,0,0,0,0,0
5969,H01192,H,301.3,310.4,1497,30.0,31,0,0,0,0,0,0
5970,H01193,H,301.3,311.3,1526,33.8,36,0,0,0,0,0,0
5971,M01785,M,298.1,308.8,1584,42.9,39,0,0,0,0,0,0
5972,L02994,L,300.4,312.2,1649,30.0,41,0,0,0,0,0,0
5973,H01194,H,302.9,313.2,1633,38.1,46,0,0,0,0,0,0
5974,H01195,H,299.6,310.6,1479,40.2,51,0,0,0,0,0,0
5975,L02995,L,300.3,308.6,1482,46.9,53,0,0,0,0,0,0
5976,H01196,H,299.5,311.5,1679,43.7,58,0,0,0,0,0,0
5977,L02996,L,295.4,306.0,1502,45.8,60,0,0,0,0,0,0
5978,L02997,L,300.0,310.0,1430,41.8,62,0,0,0,0,0,0
5979,M01786,M,300.6,310.4,1517,34.9,65,0,0,0,0,0,0
5980,M01787,M,299.0,307.9,1673,36.3,68,0,0,0,0,0,0
5981,M01788,M,297.7,306.9,1448,34.4,71,0,0,0,0,0,0
5982,L02998,L,298.2,310.1,1495,43.5,73,0,0,0,0,0,0
5983,H01197,H,301.5,310.5,1452,35.8,78,0,0,0,0,0,0
5984,L02999,L,303.9,312.9,1634,37.6,80,0,0,0,0,0,0
5985,L03000,L,302.8,312.1,1567,40.1,82,0,0,0,0,0,0
5986,L03001,L,297.3,306.1,1631,49.8,84,0,0,0,0,0,0
5987,M01789,M,301.7,311.7,1695,43.9,87,0,0,0,0,0,0
5988,H01198,H,298.7,309.8,1387,35.4,92,0,0,0,0,0,0
5989,M01790,M,298.8,308.2,1462,40.9,95,0,0,0,0,0,0
5990,H01199,H,299.1,307.7,1495,49.9,100,0,0,0,0,0,0
5991,L03002,L,301.4,311.7,1545,43.7,102,0,0,0,0,0,0
5992,M01791,M,301.9,311.9,1589,30.4,105,0,0,0,0,0,0
5993,L03003,L,299.8,310.8,1489,34.5,107,0,0,0,0,0,0
5994,L03004,L,299.8,309.4,1469,34.0,109,0,0,0,0,0,0
5995,L03005,L,300.9,310.7,1634,48.6,111,0,0,0,0,0,0
5996,M01792,M,301.1,311.0,1593,47.5,114,0,0,0,0,0,0
5997,M01793,M,302.4,312.4,1570,36.2,117,0,0,0,0,0,0
5998,M01794,M,297.4,307.0,1323,36.1,120,0,0,0,0,0,0
5999,L03006,L,300.0,309.5,1659,40.3,122,0,0,0,0,0,0
6000,L03007,L,297.9,306.0,1556,40.4,124,0,0,0,0,0,0
6001,M01795,M,299.9,309.3,1522,34.2,127,0,0,0,0,0,0
6002,L03008,L,299.5,310.3,1456,38.5,129,0,0,0,0,0,0
6003,H01200,H,299.9,310.8,1475,31.3,134,0,0,0,0,0,0
6004,M01796,M,298.4,307.9,1449,47.6,137,0,0,0,0,0,0
6005,L03009,L,297.0,308.3,1338,29.4,139,0,0,0,0,0,0
6006,H01201,H,295.8,305.8,1456,29.4,144,0,0,0,0,0,0
6007,M01797,M,299.7,308.4,1378,42.6,147,0,0,0,0,0,0
6008,L03010,L,299.1,307.5,1532,32.6,149,0,0,0,0,0,0
6009,M01798,M,298.6,309.9,1423,37.0,152,0,0,0,0,0,0
6010,L03011,L,302.6,312.3,1611,40.4,154,0,0,0,0,0,0
6011,H01202,H,298.3,307.1,1372,44.1,159,0,0,0,0,0,0
6012,H01203,H,302.8,310.6,1657,38.7,164,0,0,0,0,0,0
6013,H01204,H,303.2,312.9,1622,50.7,169,0,0,0,0,0,0
6014,M01799,M,296.1,306.5,1431,40.0,172,0,0,0,0,0,0
6015,L03012,L,300.2,309.5,1529,47.1,174,0,0,0,0,0,0
6016,M01800,M,299.2,308.1,1453,41.7,177,0,0,0,0,0,0
6017,L03013,L,294.2,303.6,1596,52.8,179,0,0,0,0,0,0
6018,M01801,M,297.1,308.4,1718,46.4,182,0,0,0,0,0,0
6019,M01802,M,301.5,310.2,1656,40.3,185,0,0,0,0,0,0
6020,L03014,L,304.0,313.4,1469,43.8,187,0,0,0,0,0,0
6021,L03015,L,301.8,313.0,1549,38.4,189,0,0,0,0,0,0
6022,H01205,H,300.6,311.1,1690,38.4,194,0,0,0,0,0,0
6023,H01206,H,300.0,310.1,1590,32.2,199,0,0,0,0,0,0
6024,L03016,L,303.4,312.7,1639,35.2,201,0,0,0,0,0,0
6025,L03017,L,304.3,314.3,1603,52.4,203,0,0,0,0,0,0
6026,L03018,L,298.8,308.3,1546,32.8,205,0,0,0,0,0,0
6027,H01207,H,296.0,305.1,1531,36.1,210,0,0,0,0,0,0
6028,L03019,L,295.8,304.7,1417,39.4,212,0,0,0,0,0,0
6029,M01803,M,302.6,313.4,1461,39.6,3,0,0,0,0,0,0
6030,L03020,L,299.9,309.8,1448,42.3,5,0,0,0,0,0,0
6031,M01804,M,300.4,310.7,1503,37.2,8,0,0,0,0,0,0
6032,L03021,L,296.4,306.6,1548,42.7,10,0,0,0,0,0,0
6033,M01805,M,298.5,308.9,1527,46.9,13,0,0,0,0,0,0
6034,L03022,L,299.4,309.2,1560,47.6,15,0,0,0,0,0,0
6035,M01806,M,300.4,309.9,1604,38.4,18,0,0,0,0,0,0
6036,L03023,L,299.2,308.4,1496,43.7,20,0,0,0,0,0,0
6037,M01807,M,297.9,306.5,1612,33.1,23,0,0,0,0,0,0
6038,H01208,H,298.4,307.3,1652,35.7,28,0,0,0,0,0,0
6039,L03024,L,302.4,312.1,1580,33.0,30,0,0,0,0,0,0
6040,H01209,H,300.5,308.9,1484,39.7,35,0,0,0,0,0,0
6041,M01808,M,301.2,309.8,1633,34.8,38,0,0,0,0,0,0
6042,L03025,L,298.2,309.2,1586,30.9,40,0,0,0,0,0,0
6043,L03026,L,294.1,304.3,1600,37.7,42,0,0,0,0,0,0
6044,L03027,L,299.0,308.5,1692,29.6,44,0,0,0,0,0,0
6045,M01809,M,298.3,310.5,1609,48.0,47,0,0,0,0,0,0
6046,M01810,M,300.7,309.0,1695,36.7,50,0,0,0,0,0,0
6047,L03028,L,306.6,317.5,1523,45.9,52,0,0,0,0,0,0
6048,M01811,M,301.4,311.3,1495,37.0,55,0,0,0,0,0,0
6049,H01210,H,305.5,316.3,1653,32.8,60,0,0,0,0,0,0
6050,H01211,H,301.1,311.2,1439,47.1,65,0,0,0,0,0,0
6051,M01812,M,298.7,306.9,1727,40.5,68,0,0,0,0,0,0
6052,H01212,H,300.7,310.8,1668,51.3,73,0,0,0,0,0,0
6053,M01813,M,303.6,313.9,1547,37.2,76,0,0,0,0,0,0
6054,L03029,L,303.7,311.5,1658,37.3,78,0,0,0,0,0,0
6055,H01213,H,298.8,310.8,1604,46.0,83,0,0,0,0,0,0
6056,L03030,L,300.5,310.8,1409,46.1,85,0,0,0,0,0,0
6057,L03031,L,297.1,307.8,1456,40.9,87,0,0,0,0,0,0
6058,L03032,L,301.6,310.5,1567,60.0,89,1,0,0,1,0,0
6059,H01214,H,303.1,313.8,1554,38.3,94,0,0,0,0,0,0
6060,H01215,H,300.1,311.2,1669,32.4,99,0,0,0,0,0,0
6061,L03033,L,298.7,308.9,1568,34.0,101,0,0,0,0,0,0
6062,L03034,L,300.7,310.7,1411,38.4,103,0,0,0,0,0,0
6063,L03035,L,300.8,309.9,1483,49.1,105,0,0,0,0,0,0
6064,M01814,M,300.2,309.9,1612,38.9,108,0,0,0,0,0,0
6065,L03036,L,300.4,309.8,1356,49.4,110,0,0,0,0,0,0
6066,M01815,M,299.7,310.2,1397,42.6,113,0,0,0,0,0,0
6067,L03037,L,302.0,311.1,1501,46.5,115,0,0,0,0,0,0
6068,L03038,L,301.5,312.0,1631,42.3,117,0,0,0,0,0,0
6069,L03039,L,298.0,307.2,1516,42.3,119,0,0,0,0,0,0
6070,L03040,L,298.0,307.7,1584,44.5,121,0,0,0,0,0,0
6071,H01216,H,299.5,310.1,1538,36.6,126,0,0,0,0,0,0
6072,L03041,L,301.5,310.8,1524,36.7,128,0,0,0,0,0,0
6073,L03042,L,300.3,310.9,1473,42.1,130,0,0,0,0,0,0
6074,L03043,L,298.7,309.3,1622,51.6,132,0,0,0,0,0,0
6075,L03044,L,300.5,310.3,1413,30.8,134,0,0,0,0,0,0
6076,L03045,L,299.3,310.5,1515,27.8,136,0,0,0,0,0,0
6077,L03046,L,301.8,311.8,1653,38.4,138,0,0,0,0,0,0
6078,M01816,M,300.7,311.8,1462,46.2,141,0,0,0,0,0,0
6079,M01817,M,299.4,311.2,1382,40.3,144,0,0,0,0,0,0
6080,L03047,L,300.5,310.2,1326,33.0,146,0,0,0,0,0,0
6081,L03048,L,302.6,313.3,1605,40.5,148,0,0,0,0,0,0
6082,H01217,H,298.9,308.2,1611,29.6,153,0,0,0,0,0,0
6083,L03049,L,300.8,309.8,1504,43.8,155,0,0,0,0,0,0
6084,L03050,L,299.9,309.7,1411,38.1,157,0,0,0,0,0,0
6085,L03051,L,300.9,309.5,1523,39.5,159,0,0,0,0,0,0
6086,L03052,L,298.7,307.8,1656,42.6,161,0,0,0,0,0,0
6087,M01818,M,300.2,310.8,1411,41.2,164,0,0,0,0,0,0
6088,L03053,L,302.2,311.7,1644,36.8,166,0,0,0,0,0,0
6089,M01819,M,298.1,308.8,1368,46.2,169,0,0,0,0,0,0
6090,L03054,L,297.3,307.6,1424,44.8,171,0,0,0,0,0,0
6091,L03055,L,297.4,309.3,1549,29.4,173,0,0,0,0,0,0
6092,M01820,M,297.7,308.2,1633,38.6,176,0,0,0,0,0,0
6093,L03056,L,301.2,312.3,1685,33.5,178,0,0,0,0,0,0
6094,M01821,M,297.2,307.6,1637,32.4,181,1,0,0,0,0,1
6095,L03057,L,299.4,309.7,1693,43.2,183,0,0,0,0,0,0
6096,M01822,M,301.2,312.4,1556,37.5,186,0,0,0,0,0,0
6097,L03058,L,300.8,311.5,1476,39.1,188,0,0,0,0,0,0
6098,H01218,H,299.2,309.4,1656,36.0,193,0,0,0,0,0,0
6099,L03059,L,300.4,310.6,1674,42.2,195,0,0,0,0,0,0
6100,H01219,H,300.2,310.8,1631,44.1,200,0,0,0,0,0,0
6101,L03060,L,299.6,308.9,1599,53.0,202,0,0,0,0,0,0
6102,M01823,M,299.6,308.9,1677,38.9,205,0,0,0,0,0,0
6103,L03061,L,304.5,315.9,1572,31.3,207,0,0,0,0,0,0
6104,H01220,H,301.6,313.5,1536,37.0,212,0,0,0,0,0,0
6105,L03062,L,305.0,314.0,1611,45.1,2,0,0,0,0,0,0
6106,L03063,L,299.0,308.3,1586,35.4,4,0,0,0,0,0,0
6107,L03064,L,299.8,311.0,1627,31.1,6,0,0,0,0,0,0
6108,L03065,L,297.3,307.9,1525,35.5,8,0,0,0,0,0,0
6109,L03066,L,298.4,309.1,1629,36.8,10,0,0,0,0,0,0
6110,H01221,H,303.8,314.7,1624,33.5,15,0,0,0,0,0,0
6111,H01222,H,299.0,308.7,1559,41.3,20,0,0,0,0,0,0
6112,L03067,L,303.8,314.2,1463,39.5,22,0,0,0,0,0,0
6113,H01223,H,297.5,307.8,1662,44.7,27,0,0,0,0,0,0
6114,M01824,M,297.9,307.0,1417,37.3,30,0,0,0,0,0,0
6115,L03068,L,299.3,309.6,1442,43.3,32,0,0,0,0,0,0
6116,M01825,M,299.9,311.1,1555,37.0,35,0,0,0,0,0,0
6117,M01826,M,301.8,311.5,1287,33.2,38,0,0,0,0,0,0
6118,H01224,H,300.9,311.1,1692,36.7,43,0,0,0,0,0,0
6119,L03069,L,299.2,309.4,1539,30.3,45,0,0,0,0,0,0
6120,M01827,M,299.7,309.4,1692,50.7,48,0,0,0,0,0,0
6121,L03070,L,299.4,310.0,1718,40.9,50,0,0,0,0,0,0
6122,L03071,L,298.2,307.5,1523,35.2,52,0,0,0,0,0,0
6123,L03072,L,298.2,309.6,1673,37.7,54,0,0,0,0,0,0
6124,H01225,H,302.1,312.7,1432,25.3,59,0,0,0,0,0,0
6125,H01226,H,296.3,305.4,1581,48.6,64,0,0,0,0,0,0
6126,M01828,M,303.2,314.9,1491,48.0,67,0,0,0,0,0,0
6127,M01829,M,299.3,309.5,1608,40.6,70,0,0,0,0,0,0
6128,L03073,L,298.5,307.7,1626,41.9,72,0,0,0,0,0,0
6129,L03074,L,301.5,312.6,1522,32.4,74,0,0,0,0,0,0
6130,L03075,L,303.0,313.5,1592,32.8,76,0,0,0,0,0,0
6131,L03076,L,302.2,310.5,1632,29.8,78,0,0,0,0,0,0
6132,M01830,M,301.0,310.5,1557,39.0,81,0,0,0,0,0,0
6133,M01831,M,302.2,312.5,1792,46.4,84,0,0,0,0,0,0
6134,L03077,L,296.6,304.4,1524,37.7,86,0,0,0,0,0,0
6135,L03078,L,299.0,309.0,1704,42.1,88,0,0,0,0,0,0
6136,L03079,L,298.2,308.3,1653,45.9,90,0,0,0,0,0,0
6137,L03080,L,302.4,311.3,1352,30.3,92,0,0,0,0,0,0
6138,H01227,H,299.2,309.5,1687,51.1,97,1,0,0,1,0,0
6139,M01832,M,301.7,311.7,1645,46.9,100,0,0,0,0,0,0
6140,H01228,H,301.1,309.9,1549,43.1,105,0,0,0,0,0,0
6141,L03081,L,298.3,309.2,1575,45.5,107,0,0,0,0,0,0
6142,L03082,L,298.8,309.7,1587,45.8,109,0,0,0,0,0,0
6143,L03083,L,302.6,312.3,1676,41.8,111,0,0,0,0,0,0
6144,H01229,H,298.4,308.3,1497,48.6,116,0,0,0,0,0,0
6145,M01833,M,300.2,311.0,1697,37.3,119,0,0,0,0,0,0
6146,L03084,L,298.4,308.2,1430,42.8,121,0,0,0,0,0,0
6147,M01834,M,299.4,307.4,1362,47.9,124,1,0,1,0,0,0
6148,L03085,L,299.9,310.4,1597,23.9,126,0,0,0,0,0,0
6149,M01835,M,298.4,307.6,1664,42.6,129,0,0,0,0,0,0
6150,H01230,H,298.1,307.7,1520,44.3,134,0,0,0,0,0,0
6151,M01836,M,300.6,312.0,1312,29.7,137,0,0,0,0,0,0
6152,M01837,M,298.3,308.2,1389,41.7,140,0,0,0,0,0,0
6153,L03086,L,298.4,308.4,1582,35.2,142,0,0,0,0,0,0
6154,L03087,L,298.1,308.6,1537,42.4,144,0,0,0,0,0,0
6155,L03088,L,299.8,310.3,1666,39.4,146,0,0,0,0,0,0
6156,L03089,L,301.9,311.0,1545,34.3,148,0,0,0,0,0,0
6157,M01838,M,303.0,313.0,1464,46.7,151,0,0,0,0,0,0
6158,M01839,M,298.5,308.6,1569,37.5,154,0,0,0,0,0,0
6159,L03090,L,304.3,314.6,1640,41.6,156,0,0,0,0,0,0
6160,H01231,H,298.0,308.3,1673,47.9,161,0,0,0,0,0,0
6161,L03091,L,302.2,314.8,1527,34.5,163,0,0,0,0,0,0
6162,L03092,L,298.6,307.4,1545,40.0,165,0,0,0,0,0,0
6163,L03093,L,298.3,309.2,1616,37.0,167,0,0,0,0,0,0
6164,L03094,L,298.5,309.7,1463,38.4,169,0,0,0,0,0,0
6165,L03095,L,299.9,310.4,1612,52.9,171,0,0,0,0,0,0
6166,L03096,L,301.2,310.5,1515,42.7,173,0,0,0,0,0,0
6167,L03097,L,301.3,313.0,1530,41.9,175,0,0,0,0,0,0
6168,H01232,H,298.1,305.9,1538,43.1,180,0,0,0,0,0,0
6169,L03098,L,298.0,307.3,1551,42.6,182,0,0,0,0,0,0
6170,L03099,L,298.2,309.3,1729,29.0,184,0,0,0,0,0,0
6171,L03100,L,299.8,309.4,1491,53.8,186,0,0,0,0,0,0
6172,M01840,M,299.6,311.2,1496,31.2,189,0,0,0,0,0,0
6173,L03101,L,298.1,306.6,1683,50.4,191,0,0,0,0,0,0
6174,H01233,H,300.5,309.4,1582,43.7,196,0,0,0,0,0,0
6175,M01841,M,304.5,314.0,1615,41.1,199,0,0,0,0,0,0
6176,M01842,M,299.0,309.4,1435,38.2,202,0,0,0,0,0,0
6177,M01843,M,299.1,308.9,1563,55.6,205,1,0,0,1,0,0
6178,L03102,L,301.1,310.6,1619,43.6,207,0,0,0,0,0,0
6179,L03103,L,298.9,310.3,1471,40.1,209,0,0,0,0,0,0
6180,L03104,L,301.3,312.9,1601,36.8,211,0,0,0,0,0,0
6181,M01844,M,298.6,308.1,1518,36.1,214,0,0,0,0,0,0
6182,L03105,L,303.7,312.0,1473,40.3,216,0,0,0,0,0,0
6183,L03106,L,300.7,308.5,1639,34.4,2,0,0,0,0,0,0
6184,H01234,H,298.8,309.0,1652,44.1,7,0,0,0,0,0,0
6185,L03107,L,298.8,309.5,1551,36.1,9,0,0,0,0,0,0
6186,H01235,H,299.0,309.0,1583,46.0,14,0,0,0,0,0,0
6187,M01845,M,302.7,312.7,1670,45.9,17,0,0,0,0,0,0
6188,L03108,L,297.5,306.7,1498,39.7,19,0,0,0,0,0,0
6189,L03109,L,298.7,309.3,1573,43.5,21,0,0,0,0,0,0
6190,L03110,L,298.9,310.6,1499,43.8,23,0,0,0,0,0,0
6191,M01846,M,300.0,307.8,1436,31.2,26,0,0,0,0,0,0
6192,M01847,M,299.5,309.4,1499,50.4,29,0,0,0,0,0,0
6193,M01848,M,297.0,306.0,1426,38.5,32,0,0,0,0,0,0
6194,H01236,H,299.2,307.7,1581,44.2,37,0,0,0,0,0,0
6195,M01849,M,299.8,308.7,1461,44.3,40,0,0,0,0,0,0
6196,L03111,L,298.7,309.1,1398,25.1,42,0,0,0,0,0,0
6197,L03112,L,301.4,311.8,1612,36.1,44,0,0,0,0,0,0
6198,H01237,H,301.8,313.3,1606,45.0,49,0,0,0,0,0,0
6199,L03113,L,299.8,309.9,1505,40.4,51,0,0,0,0,0,0
6200,L03114,L,300.5,308.7,1608,44.1,53,0,0,0,0,0,0
6201,M01850,M,295.7,305.4,1457,40.6,56,0,0,0,0,0,0
6202,L03115,L,299.2,307.8,1501,47.4,58,0,0,0,0,0,0
6203,H01238,H,302.0,310.8,1579,40.7,63,0,0,0,0,0,0
6204,M01851,M,299.2,309.7,1641,48.5,66,0,0,0,0,0,0
6205,L03116,L,298.5,308.7,1500,34.1,68,0,0,0,0,0,0
6206,H01239,H,304.6,315.1,1478,39.2,73,0,0,0,0,0,0
6207,L03117,L,303.6,313.3,1636,36.4,75,0,0,0,0,0,0
6208,L03118,L,300.9,311.7,1599,42.3,77,0,0,0,0,0,0
6209,L03119,L,302.3,311.9,1553,38.3,79,0,0,0,0,0,0
6210,L03120,L,295.5,306.7,1656,38.6,81,0,0,0,0,0,0
6211,L03121,L,298.4,308.8,1733,35.8,83,0,0,0,0,0,0
6212,L03122,L,299.1,308.9,1575,37.2,85,0,0,0,0,0,0
6213,L03123,L,299.5,309.7,1479,39.9,87,0,0,0,0,0,0
6214,L03124,L,299.0,309.0,1588,27.9,89,0,0,0,0,0,0
6215,M01852,M,294.9,306.5,1456,26.2,92,0,0,0,0,0,0
6216,H01240,H,300.8,311.0,1662,40.4,97,0,0,0,0,0,0
6217,L03125,L,301.1,311.1,1468,23.4,99,0,0,0,0,0,0
6218,L03126,L,303.2,313.0,1519,38.8,101,0,0,0,0,0,0
6219,L03127,L,298.4,309.3,1454,37.7,103,0,0,0,0,0,0
6220,L03128,L,298.3,309.0,1556,43.3,105,0,0,0,0,0,0
6221,M01853,M,294.6,304.4,1560,36.0,108,0,0,0,0,0,0
6222,M01854,M,299.4,308.3,1612,49.4,111,0,0,0,0,0,0
6223,L03129,L,301.8,310.9,1550,45.1,113,0,0,0,0,0,0
6224,L03130,L,298.8,308.6,1543,30.9,115,0,0,0,0,0,0
6225,L03131,L,304.3,315.6,1481,38.3,117,0,0,0,0,0,0
6226,M01855,M,299.5,309.2,1509,49.2,120,0,0,0,0,0,0
6227,L03132,L,300.3,309.7,1399,35.8,122,0,0,0,0,0,0
6228,H01241,H,297.3,305.5,1677,39.7,127,0,0,0,0,0,0
6229,M01856,M,300.6,312.1,1529,48.4,130,0,0,0,0,0,0
6230,L03133,L,296.0,306.6,1702,36.8,132,0,0,0,0,0,0
6231,M01857,M,301.4,312.2,1526,46.7,135,0,0,0,0,0,0
6232,H01242,H,301.4,312.4,1348,34.5,140,0,0,0,0,0,0
6233,M01858,M,302.7,312.6,1493,22.7,143,0,0,0,0,0,0
6234,L03134,L,298.0,308.0,1538,47.4,145,0,0,0,0,0,0
6235,L03135,L,300.3,311.8,1545,42.6,147,0,0,0,0,0,0
6236,H01243,H,301.1,311.3,1606,43.0,152,0,0,0,0,0,0
6237,M01859,M,300.9,311.5,1555,33.4,155,0,0,0,0,0,0
6238,M01860,M,298.3,309.1,1504,33.9,158,0,0,0,0,0,0
6239,H01244,H,295.2,305.9,1447,46.9,163,0,0,0,0,0,0
6240,H01245,H,300.7,310.6,1497,41.5,168,0,0,0,0,0,0
6241,H01246,H,299.7,309.7,1598,39.3,173,0,0,0,0,0,0
6242,L03136,L,298.9,309.6,1624,41.3,175,0,0,0,0,0,0
6243,M01861,M,301.5,312.3,1471,49.1,178,0,0,0,0,0,0
6244,M01862,M,299.9,311.1,1639,44.3,181,0,0,0,0,0,0
6245,M01863,M,297.4,307.9,1595,37.2,184,0,0,0,0,0,0
6246,M01864,M,296.1,306.7,1449,31.6,187,0,0,0,0,0,0
6247,L03137,L,297.7,307.3,1563,43.5,189,0,0,0,0,0,0
6248,M01865,M,304.8,314.2,1575,34.5,192,0,0,0,0,0,0
6249,M01866,M,301.4,312.2,1432,32.9,195,0,0,0,0,0,0
6250,L03138,L,300.4,309.8,1402,47.9,197,0,0,0,0,0,0
6251,L03139,L,299.6,309.6,1585,45.2,199,0,0,0,0,0,0
6252,L03140,L,299.5,310.9,1493,42.3,201,0,0,0,0,0,0
6253,L03141,L,302.3,313.6,1689,32.6,203,0,0,0,0,0,0
6254,L03142,L,299.0,309.3,1710,50.7,205,1,0,0,1,0,0
6255,L03143,L,301.2,310.9,1585,46.2,207,0,0,0,0,0,0
6256,M01867,M,299.3,309.2,1633,38.2,210,0,0,0,0,0,0
6257,M01868,M,303.9,314.7,1436,36.9,3,0,0,0,0,0,0
6258,M01869,M,301.5,311.4,1405,40.5,6,0,0,0,0,0,0
6259,H01247,H,302.5,311.9,1524,37.1,11,0,0,0,0,0,0
6260,L03144,L,298.8,310.0,1409,53.3,13,0,0,0,0,0,0
6261,L03145,L,302.1,312.3,1569,37.7,15,0,0,0,0,0,0
6262,H01248,H,299.4,308.8,1460,33.6,20,0,0,0,0,0,0
6263,L03146,L,300.2,310.7,1557,49.5,22,0,0,0,0,0,0
6264,H01249,H,303.3,314.2,1521,36.6,27,0,0,0,0,0,0
6265,H01250,H,297.9,306.9,1602,44.7,32,0,0,0,0,0,0
6266,M01870,M,300.4,310.2,1571,44.1,35,0,0,0,0,0,0
6267,H01251,H,300.9,310.6,1498,39.6,40,0,0,0,0,0,0
6268,L03147,L,301.0,311.5,1401,34.2,42,0,0,0,0,0,0
6269,L03148,L,299.1,309.7,1554,39.7,44,0,0,0,0,0,0
6270,M01871,M,304.2,313.6,1364,33.0,47,0,0,0,0,0,0
6271,L03149,L,297.4,305.9,1663,39.9,49,0,0,0,0,0,0
6272,H01252,H,302.9,313.9,1591,44.6,54,0,0,0,0,0,0
6273,L03150,L,302.4,311.3,1622,50.3,56,0,0,0,0,0,0
6274,M01872,M,303.8,314.1,1441,33.5,59,0,0,0,0,0,0
6275,M01873,M,296.8,306.7,1574,38.5,62,0,0,0,0,0,0
6276,M01874,M,298.3,308.4,1471,36.9,65,0,0,0,0,0,0
6277,L03151,L,303.0,314.6,1553,41.6,67,0,0,0,0,0,0
6278,L03152,L,296.2,309.3,1438,30.9,69,0,0,0,0,0,0
6279,H01253,H,296.8,305.2,1530,34.4,74,0,0,0,0,0,0
6280,L03153,L,299.0,310.0,1400,29.8,76,0,0,0,0,0,0
6281,H01254,H,300.4,310.2,1522,31.4,81,0,0,0,0,0,0
6282,M01875,M,303.2,314.2,1374,36.0,84,0,0,0,0,0,0
6283,M01876,M,299.6,310.6,1713,50.0,87,0,0,0,0,0,0
6284,M01877,M,298.8,310.2,1554,42.1,90,0,0,0,0,0,0
6285,L03154,L,300.6,310.9,1539,40.4,92,0,0,0,0,0,0
6286,M01878,M,300.9,310.0,1606,48.1,95,0,0,0,0,0,0
6287,H01255,H,300.9,311.8,1408,42.3,100,0,0,0,0,0,0
6288,L03155,L,299.6,309.8,1460,42.9,102,0,0,0,0,0,0
6289,H01256,H,296.1,305.9,1591,37.2,107,0,0,0,0,0,0
6290,L03156,L,298.2,307.7,1554,36.2,109,0,0,0,0,0,0
6291,L03157,L,302.8,313.8,1466,32.1,111,0,0,0,0,0,0
6292,L03158,L,300.4,312.0,1603,36.4,113,0,0,0,0,0,0
6293,H01257,H,299.4,308.2,1568,38.3,118,0,0,0,0,0,0
6294,L03159,L,302.2,312.9,1589,42.1,120,0,0,0,0,0,0
6295,H01258,H,297.7,307.4,1577,39.8,125,0,0,0,0,0,0
6296,H01259,H,299.5,308.1,1470,37.8,130,0,0,0,0,0,0
6297,L03160,L,300.3,310.4,1530,34.5,132,0,0,0,0,0,0
6298,L03161,L,299.1,308.3,1352,42.4,134,0,0,0,0,0,0
6299,M01879,M,300.2,308.6,1487,37.0,137,0,0,0,0,0,0
6300,L03162,L,299.6,308.8,1513,42.1,139,0,0,0,0,0,0
6301,M01880,M,297.2,306.2,1601,28.5,142,0,0,0,0,0,0
6302,L03163,L,300.4,309.7,1589,42.0,144,0,0,0,0,0,0
6303,L03164,L,297.3,306.0,1463,44.5,146,0,0,0,0,0,0
6304,M01881,M,300.3,309.9,1461,43.7,149,0,0,0,0,0,0
6305,L03165,L,302.7,312.0,1669,38.8,151,0,0,0,0,0,0
6306,L03166,L,299.4,309.8,1509,45.5,153,0,0,0,0,0,0
6307,L03167,L,297.7,308.3,1549,32.4,155,0,0,0,0,0,0
6308,L03168,L,299.7,310.0,1617,39.5,157,0,0,0,0,0,0
6309,M01882,M,298.3,308.1,1530,38.8,160,0,0,0,0,0,0
6310,H01260,H,301.2,310.9,1523,46.2,165,0,0,0,0,0,0
6311,L03169,L,299.7,308.9,1506,27.9,167,0,0,0,0,0,0
6312,M01883,M,303.4,312.6,1487,33.7,170,0,0,0,0,0,0
6313,M01884,M,302.3,313.0,1552,50.5,173,0,0,0,0,0,0
6314,L03170,L,299.7,307.9,1356,25.4,175,1,0,1,0,0,0
6315,L03171,L,301.4,311.4,1502,44.9,177,0,0,0,0,0,0
6316,H01261,H,299.2,308.9,1592,35.8,182,0,0,0,0,0,0
6317,M01885,M,300.1,310.7,1580,41.5,185,0,0,0,0,0,0
6318,M01886,M,299.3,307.9,1679,48.5,188,0,0,0,0,0,0
6319,M01887,M,301.5,311.5,1622,41.8,191,0,0,0,0,0,0
6320,L03172,L,302.9,313.2,1579,48.6,193,0,0,0,0,0,0
6321,M01888,M,301.6,309.7,1541,37.0,196,0,0,0,0,0,0
6322,M01889,M,301.8,310.8,1492,37.8,199,0,0,0,0,0,0
6323,M01890,M,301.8,311.8,1588,44.7,202,0,0,0,0,0,0
6324,L03173,L,301.1,311.6,1570,37.4,204,0,0,0,0,0,0
6325,L03174,L,297.7,307.9,1501,43.6,206,0,0,0,0,0,0
6326,L03175,L,303.4,314.0,1451,47.1,208,0,0,0,0,0,0
6327,H01262,H,303.6,312.5,1533,45.2,213,0,0,0,0,0,0
6328,L03176,L,299.5,307.9,1654,30.5,215,0,0,0,0,0,0
6329,L03177,L,299.3,309.3,1549,38.0,217,0,0,0,0,0,0
6330,L03178,L,301.2,310.0,1541,41.7,219,0,0,0,0,0,0
6331,L03179,L,301.1,310.2,1580,38.5,221,0,0,0,0,0,0
6332,M01891,M,299.6,310.5,1586,40.5,224,0,0,0,0,0,0
6333,M01892,M,297.5,307.7,1563,41.8,227,1,1,0,0,0,0
6334,M01893,M,300.6,310.0,1534,36.8,3,0,0,0,0,0,0
6335,L03180,L,301.1,310.4,1487,38.8,5,0,0,0,0,0,0
6336,M01894,M,301.5,312.1,1638,32.9,8,0,0,0,0,0,0
6337,L03181,L,300.7,310.9,1495,37.1,10,0,0,0,0,0,0
6338,L03182,L,299.5,308.2,1695,30.8,12,0,0,0,0,0,0
6339,L03183,L,302.0,310.0,1553,40.7,14,0,0,0,0,0,0
6340,L03184,L,300.1,312.0,1543,38.8,16,0,0,0,0,0,0
6341,L03185,L,299.1,307.8,1614,34.5,18,0,0,0,0,0,0
6342,M01895,M,299.6,310.2,1473,50.7,21,0,0,0,0,0,0
6343,M01896,M,296.5,308.0,1595,38.5,24,0,0,0,0,0,0
6344,H01263,H,299.6,309.8,1550,41.7,29,0,0,0,0,0,0
6345,L03186,L,301.4,310.8,1579,36.2,31,0,0,0,0,0,0
6346,L03187,L,300.7,309.3,1470,37.5,33,0,0,0,0,0,0
6347,L03188,L,303.0,311.6,1469,41.9,35,0,0,0,0,0,0
6348,H01264,H,299.5,309.9,1355,38.0,40,0,0,0,0,0,0
6349,M01897,M,301.0,312.4,1492,40.0,43,0,0,0,0,0,0
6350,M01898,M,301.6,311.2,1487,44.8,46,0,0,0,0,0,0
6351,L03189,L,304.7,314.1,1471,36.9,48,0,0,0,0,0,0
6352,M01899,M,300.3,311.0,1526,32.0,51,0,0,0,0,0,0
6353,L03190,L,297.9,307.2,1544,30.8,53,0,0,0,0,0,0
6354,M01900,M,301.7,312.0,1588,48.6,56,0,0,0,0,0,0
6355,H01265,H,303.7,313.8,1595,45.6,61,0,0,0,0,0,0
6356,H01266,H,299.4,308.9,1603,43.9,66,0,0,0,0,0,0
6357,M01901,M,301.7,311.7,1607,37.4,69,0,0,0,0,0,0
6358,L03191,L,302.5,314.2,1566,32.0,71,0,0,0,0,0,0
6359,H01267,H,302.0,312.6,1544,38.3,76,0,0,0,0,0,0
6360,M01902,M,300.3,311.3,1631,39.4,79,0,0,0,0,0,0
6361,L03192,L,298.6,307.7,1607,33.2,81,0,0,0,0,0,0
6362,L03193,L,299.8,310.9,1390,31.2,83,0,0,0,0,0,0
6363,L03194,L,300.9,311.6,1521,29.6,85,0,0,0,0,0,0
6364,L03195,L,301.8,310.3,1358,43.9,87,1,0,1,0,0,0
6365,L03196,L,300.7,311.2,1356,32.8,89,0,0,0,0,0,0
6366,M01903,M,299.2,308.7,1487,41.9,92,0,0,0,0,0,0
6367,L03197,L,301.1,309.6,1525,37.6,94,0,0,0,0,0,0
6368,L03198,L,301.7,311.8,1496,43.5,96,0,0,0,0,0,0
6369,M01904,M,300.8,311.3,1360,42.0,99,0,0,0,0,0,0
6370,H01268,H,298.3,308.5,1616,38.6,104,0,0,0,0,0,0
6371,M01905,M,299.6,309.5,1467,40.8,107,0,0,0,0,0,0
6372,L03199,L,301.9,311.6,1587,39.3,109,0,0,0,0,0,0
6373,H01269,H,297.2,309.7,1470,36.3,114,0,0,0,0,0,0
6374,H01270,H,295.8,304.6,1488,45.9,119,0,0,0,0,0,0
6375,L03200,L,303.0,313.9,1581,37.5,121,0,0,0,0,0,0
6376,L03201,L,301.0,311.0,1503,39.5,123,0,0,0,0,0,0
6377,M01906,M,301.2,310.4,1555,31.5,126,0,0,0,0,0,0
6378,H01271,H,297.8,307.8,1566,41.6,131,0,0,0,0,0,0
6379,H01272,H,301.5,310.1,1395,36.3,136,0,0,0,0,0,0
6380,H01273,H,300.6,310.0,1586,37.1,141,0,0,0,0,0,0
6381,M01907,M,296.8,306.8,1444,35.0,144,0,0,0,0,0,0
6382,M01908,M,302.8,311.3,1427,39.3,147,0,0,0,0,0,0
6383,L03202,L,300.3,310.8,1465,28.0,149,0,0,0,0,0,0
6384,L03203,L,299.2,308.2,1619,44.1,151,0,0,0,0,0,0
6385,L03204,L,299.2,307.8,1378,39.8,153,1,0,1,0,0,0
6386,M01909,M,296.0,304.9,1603,37.2,156,0,0,0,0,0,0
6387,M01910,M,301.2,313.4,1572,30.7,159,0,0,0,0,0,0
6388,M01911,M,300.5,308.5,1545,42.6,162,0,0,0,0,0,0
6389,L03205,L,299.6,310.0,1563,36.2,164,0,0,0,0,0,0
6390,M01912,M,302.6,311.8,1509,47.8,167,0,0,0,0,0,0
6391,L03206,L,297.2,306.9,1606,42.9,169,0,0,0,0,0,0
6392,L03207,L,298.8,309.4,1495,49.2,171,0,0,0,0,0,0
6393,M01913,M,298.3,308.9,1376,40.8,174,0,0,0,0,0,0
6394,M01914,M,299.4,308.8,1530,46.5,177,0,0,0,0,0,0
6395,H01274,H,300.1,308.8,1618,42.8,182,0,0,0,0,0,0
6396,L03208,L,300.9,311.5,1587,37.3,184,0,0,0,0,0,0
6397,L03209,L,299.3,309.9,1719,41.1,186,0,0,0,0,0,0
6398,L03210,L,298.2,308.0,1513,35.0,188,0,0,0,0,0,0
6399,L03211,L,303.4,313.8,1522,52.4,190,0,0,0,0,0,0
6400,H01275,H,304.8,314.4,1515,39.4,195,0,0,0,0,0,0
6401,M01915,M,300.3,309.5,1460,40.2,198,0,0,0,0,0,0
6402,H01276,H,298.5,308.5,1491,42.3,203,0,0,0,0,0,0
6403,L03212,L,303.0,313.5,1434,33.5,205,0,0,0,0,0,0
6404,H01277,H,297.1,307.4,1309,47.9,210,0,0,0,0,0,0
6405,L03213,L,299.3,309.8,1480,33.8,212,0,0,0,0,0,0
6406,H01278,H,298.6,307.8,1540,32.5,217,0,0,0,0,0,0
6407,L03214,L,297.7,309.3,1601,39.0,219,0,0,0,0,0,0
6408,L03215,L,299.4,309.1,1480,32.3,221,0,0,0,0,0,0
6409,M01916,M,298.3,308.2,1482,49.4,224,0,0,0,0,0,0
6410,H01279,H,300.0,308.7,1641,38.6,229,0,0,0,0,0,0
6411,L03216,L,300.1,309.9,1405,20.7,231,1,0,0,1,0,0
6412,L03217,L,298.8,309.3,1522,41.2,233,0,0,0,0,0,0
6413,H01280,H,299.3,310.0,1634,43.3,5,0,0,0,0,0,0
6414,L03218,L,299.5,311.1,1467,37.5,7,0,0,0,0,0,0
6415,L03219,L,301.6,312.1,1385,31.9,9,0,0,0,0,0,0
6416,L03220,L,299.7,310.0,1709,39.4,11,0,0,0,0,0,0
6417,L03221,L,301.6,311.2,1618,37.1,13,0,0,0,0,0,0
6418,H01281,H,301.2,310.5,1621,34.1,18,0,0,0,0,0,0
6419,M01917,M,301.1,312.1,1529,33.6,21,0,0,0,0,0,0
6420,M01918,M,302.8,313.7,1602,40.9,24,0,0,0,0,0,0
6421,H01282,H,297.8,306.7,1289,45.4,29,0,0,0,0,0,0
6422,L03222,L,299.1,309.8,1494,42.8,31,0,0,0,0,0,0
6423,L03223,L,303.5,314.2,1633,29.6,33,0,0,0,0,0,0
6424,L03224,L,299.5,308.4,1398,43.7,35,0,0,0,0,0,0
6425,L03225,L,294.4,304.9,1505,44.6,37,0,0,0,0,0,0
6426,L03226,L,299.6,308.5,1570,48.4,39,0,0,0,0,0,0
6427,H01283,H,300.3,307.8,1460,34.3,44,0,0,0,0,0,0
6428,M01919,M,294.8,304.6,1539,39.7,47,0,0,0,0,0,0
6429,L03227,L,302.7,312.9,1577,43.4,49,0,0,0,0,0,0
6430,M01920,M,298.6,308.5,1568,36.8,52,0,0,0,0,0,0
6431,M01921,M,300.7,313.5,1498,43.3,55,0,0,0,0,0,0
6432,H01284,H,299.5,309.9,1455,39.9,60,0,0,0,0,0,0
6433,H01285,H,297.4,307.6,1578,34.9,65,0,0,0,0,0,0
6434,M01922,M,297.9,308.3,1572,35.4,68,0,0,0,0,0,0
6435,M01923,M,298.1,307.7,1567,47.5,71,0,0,0,0,0,0
6436,M01924,M,302.2,313.1,1549,34.0,74,0,0,0,0,0,0
6437,M01925,M,299.7,310.1,1572,33.0,77,0,0,0,0,0,0
6438,L03228,L,299.0,309.3,1626,42.1,79,0,0,0,0,0,0
6439,L03229,L,298.1,307.5,1569,39.8,81,0,0,0,0,0,0
6440,M01926,M,302.4,310.8,1548,32.1,84,0,0,0,0,0,0
6441,L03230,L,302.9,312.4,1485,36.9,86,0,0,0,0,0,0
6442,L03231,L,302.4,312.7,1677,35.1,88,0,0,0,0,0,0
6443,M01927,M,301.0,310.5,1426,36.1,91,0,0,0,0,0,0
6444,L03232,L,300.6,310.9,1518,55.1,93,0,0,0,0,0,0
6445,M01928,M,297.6,307.3,1487,38.2,96,0,0,0,0,0,0
6446,M01929,M,299.5,309.9,1355,34.7,99,0,0,0,0,0,0
6447,H01286,H,298.6,307.7,1573,52.1,104,0,0,0,0,0,0
6448,L03233,L,296.3,306.5,1518,45.3,106,0,0,0,0,0,0
6449,L03234,L,302.1,311.5,1541,44.3,108,0,0,0,0,0,0
6450,M01930,M,298.6,307.1,1520,35.0,111,0,0,0,0,0,0
6451,H01287,H,302.4,312.2,1613,47.1,116,0,0,0,0,0,0
6452,H01288,H,301.8,313.3,1626,44.9,121,0,0,0,0,0,0
6453,L03235,L,301.1,309.7,1428,40.9,123,0,0,0,0,0,0
6454,L03236,L,301.2,311.3,1715,29.7,125,0,0,0,0,0,0
6455,H01289,H,298.8,309.6,1514,39.9,130,0,0,0,0,0,0
6456,L03237,L,303.7,316.0,1597,50.4,132,0,0,0,0,0,0
6457,M01931,M,300.1,309.6,1556,41.3,135,0,0,0,0,0,0
6458,L03238,L,300.6,310.0,1549,37.7,137,0,0,0,0,0,0
6459,L03239,L,298.7,307.5,1594,38.6,139,0,0,0,0,0,0
6460,L03240,L,298.1,309.3,1670,39.0,141,0,0,0,0,0,0
6461,L03241,L,301.0,310.1,1616,35.2,143,0,0,0,0,0,0
6462,M01932,M,300.4,310.1,1514,39.8,146,0,0,0,0,0,0
6463,H01290,H,298.4,306.6,1530,48.7,151,0,0,0,0,0,0
6464,L03242,L,297.1,308.0,1482,48.0,153,0,0,0,0,0,0
6465,H01291,H,297.5,308.6,1610,35.5,158,0,0,0,0,0,0
6466,L03243,L,302.4,313.2,1597,47.7,160,0,0,0,0,0,0
6467,M01933,M,298.8,307.2,1504,44.6,163,0,0,0,0,0,0
6468,L03244,L,299.3,309.9,1671,43.8,165,0,0,0,0,0,0
6469,H01292,H,302.9,311.2,1645,42.6,170,0,0,0,0,0,0
6470,M01934,M,297.8,307.8,1720,34.4,173,0,0,0,0,0,0
6471,M01935,M,298.5,308.8,1459,37.6,176,0,0,0,0,0,0
6472,H01293,H,298.5,308.8,1528,45.0,181,0,0,0,0,0,0
6473,M01936,M,303.2,313.8,1518,32.8,184,0,0,0,0,0,0
6474,H01294,H,304.0,314.0,1798,33.8,189,0,0,0,0,0,0
6475,M01937,M,301.5,309.5,1539,41.8,192,0,0,0,0,0,0
6476,H01295,H,301.6,312.1,1665,35.3,197,0,0,0,0,0,0
6477,M01938,M,298.8,308.9,1641,44.9,200,0,0,0,0,0,0
6478,L03245,L,303.9,313.0,1530,35.5,202,0,0,0,0,0,0
6479,M01939,M,300.5,309.0,1544,41.5,205,0,0,0,0,0,0
6480,L03246,L,301.7,313.2,1590,42.0,207,0,0,0,0,0,0
6481,M01940,M,299.8,311.0,1664,37.1,210,0,0,0,0,0,0
6482,L03247,L,299.5,310.2,1521,38.6,212,0,0,0,0,0,0
6483,M01941,M,303.3,312.6,1487,35.9,215,0,0,0,0,0,0
6484,L03248,L,301.1,308.6,1631,39.9,2,0,0,0,0,0,0
6485,L03249,L,302.9,313.7,1423,34.2,4,0,0,0,0,0,0
6486,L03250,L,300.5,310.9,1563,38.7,6,0,0,0,0,0,0
6487,H01296,H,298.3,307.9,1644,44.5,11,0,0,0,0,0,0
6488,L03251,L,298.8,310.0,1581,33.2,13,0,0,0,0,0,0
6489,L03252,L,300.2,311.1,1481,37.1,15,0,0,0,0,0,0
6490,M01942,M,298.7,308.9,1438,43.1,18,0,0,0,0,0,0
6491,M01943,M,297.8,307.8,1657,27.5,21,0,0,0,0,0,0
6492,L03253,L,302.4,312.5,1520,51.1,23,0,0,0,0,0,0
6493,L03254,L,298.9,309.6,1448,46.3,25,0,0,0,0,0,0
6494,L03255,L,300.3,309.4,1652,30.8,27,0,0,0,0,0,0
6495,H01297,H,300.6,311.0,1618,27.4,32,0,0,0,0,0,0
6496,L03256,L,298.8,307.9,1433,40.2,34,0,0,0,0,0,0
6497,L03257,L,302.9,314.2,1789,33.3,36,0,0,0,0,0,0
6498,L03258,L,297.8,308.3,1484,45.8,38,0,0,0,0,0,0
6499,L03259,L,300.5,309.8,1616,42.4,40,0,0,0,0,0,0
6500,M01944,M,300.5,310.6,1737,40.7,43,0,0,0,0,0,0
6501,L03260,L,299.9,309.0,1627,36.6,45,0,0,0,0,0,0
6502,L03261,L,297.4,308.9,1564,49.6,47,0,0,0,0,0,0
6503,L03262,L,301.7,313.4,1395,44.5,49,0,0,0,0,0,0
6504,L03263,L,301.5,312.2,1742,43.6,51,0,0,0,0,0,0
6505,L03264,L,298.6,310.2,1625,47.2,53,0,0,0,0,0,0
6506,H01298,H,301.4,311.6,1397,33.9,58,0,0,0,0,0,0
6507,M01945,M,300.7,311.5,1692,47.7,61,0,0,0,0,0,0
6508,H01299,H,297.4,308.7,1544,38.4,66,0,0,0,0,0,0
6509,H01300,H,298.3,308.3,1510,42.0,71,0,0,0,0,0,0
6510,M01946,M,302.3,312.3,1481,39.1,74,0,0,0,0,0,0
6511,L03265,L,300.6,311.6,1555,28.7,76,0,0,0,0,0,0
6512,M01947,M,298.9,309.5,1619,45.7,79,0,0,0,0,0,0
6513,H01301,H,298.3,307.5,1489,29.1,84,0,0,0,0,0,0
6514,M01948,M,299.0,306.8,1551,34.2,87,0,0,0,0,0,0
6515,M01949,M,299.1,308.9,1876,37.3,90,0,0,0,0,0,0
6516,L03266,L,298.3,306.2,1586,28.3,92,0,0,0,0,0,0
6517,H01302,H,296.5,305.5,1635,33.4,97,0,0,0,0,0,0
6518,M01950,M,302.3,311.4,1442,41.5,100,0,0,0,0,0,0
6519,H01303,H,301.9,311.4,1402,37.9,105,0,0,0,0,0,0
6520,L03267,L,297.5,308.3,1684,38.4,107,0,0,0,0,0,0
6521,L03268,L,300.3,311.3,1656,34.5,109,0,0,0,0,0,0
6522,L03269,L,298.2,308.7,1709,40.3,111,0,0,0,0,0,0
6523,M01951,M,299.5,310.1,1530,38.0,114,0,0,0,0,0,0
6524,L03270,L,299.3,310.0,1663,30.2,116,0,0,0,0,0,0
6525,L03271,L,299.1,306.6,1283,38.8,118,1,0,1,0,0,0
6526,H01304,H,304.0,314.0,1592,32.5,123,0,0,0,0,0,0
6527,L03272,L,299.1,307.3,1641,45.4,125,0,0,0,0,0,0
6528,H01305,H,298.4,308.9,1469,37.7,130,0,0,0,0,0,0
6529,L03273,L,298.5,306.4,1644,55.1,132,1,0,0,1,0,0
6530,H01306,H,302.1,311.9,1520,45.8,137,0,0,0,0,0,0
6531,M01952,M,296.7,307.2,1530,39.2,140,0,0,0,0,0,0
6532,H01307,H,298.5,307.4,1512,43.5,145,0,0,0,0,0,0
6533,H01308,H,302.9,313.9,1696,27.5,150,0,0,0,0,0,0
6534,L03274,L,300.5,311.0,1493,45.8,152,0,0,0,0,0,0
6535,L03275,L,300.4,310.8,1480,35.1,154,0,0,0,0,0,0
6536,L03276,L,304.3,315.0,1452,40.5,156,0,0,0,0,0,0
6537,M01953,M,300.5,310.1,1501,35.6,159,0,0,0,0,0,0
6538,H01309,H,298.6,308.7,1558,36.3,164,0,0,0,0,0,0
6539,L03277,L,299.4,309.4,1602,38.9,166,0,0,0,0,0,0
6540,M01954,M,297.7,307.7,1463,40.5,169,0,0,0,0,0,0
6541,L03278,L,302.5,311.8,1575,39.8,171,0,0,0,0,0,0
6542,H01310,H,301.1,309.9,1599,40.0,176,0,0,0,0,0,0
6543,H01311,H,302.2,311.9,1445,30.2,181,0,0,0,0,0,0
6544,L03279,L,302.4,312.0,1544,54.0,183,0,0,0,0,0,0
6545,L03280,L,299.2,308.4,1530,41.4,185,0,0,0,0,0,0
6546,L03281,L,298.1,309.0,1545,42.6,187,0,0,0,0,0,0
6547,M01955,M,299.9,308.7,1485,38.0,190,0,0,0,0,0,0
6548,M01956,M,298.3,308.1,1524,34.8,193,0,0,0,0,0,0
6549,L03282,L,300.3,311.5,1541,40.9,195,0,0,0,0,0,0
6550,L03283,L,302.3,313.2,1724,41.7,197,0,0,0,0,0,0
6551,L03284,L,299.7,310.9,1542,47.8,199,0,0,0,0,0,0
6552,M01957,M,300.3,309.7,1672,52.5,202,1,0,0,1,0,0
6553,M01958,M,299.8,310.6,1679,48.9,205,0,0,0,0,0,0
6554,L03285,L,301.6,310.5,1406,29.4,207,0,0,0,0,0,0
6555,M01959,M,298.7,308.4,1509,37.2,210,0,0,0,0,0,0
6556,M01960,M,295.6,305.4,1680,42.0,213,0,0,0,0,0,0
6557,L03286,L,300.9,310.4,1556,37.6,215,0,0,0,0,0,0
6558,L03287,L,302.0,311.6,1526,39.7,2,0,0,0,0,0,0
6559,M01961,M,300.9,310.4,1613,27.1,5,0,0,0,0,0,0
6560,H01312,H,298.7,307.7,1645,45.5,10,0,0,0,0,0,0
6561,L03288,L,297.7,308.6,1535,28.7,12,0,0,0,0,0,0
6562,L03289,L,301.0,310.8,1510,30.6,14,0,0,0,0,0,0
6563,L03290,L,300.3,310.5,1302,33.9,16,0,0,0,0,0,0
6564,M01962,M,299.7,309.9,1543,39.4,19,0,0,0,0,0,0
6565,L03291,L,303.6,313.7,1500,30.3,21,0,0,0,0,0,0
6566,L03292,L,298.1,308.2,1437,33.6,23,0,0,0,0,0,0
6567,M01963,M,303.6,313.2,1517,46.9,26,0,0,0,0,0,0
6568,M01964,M,300.1,311.5,1496,39.3,29,0,0,0,0,0,0
6569,L03293,L,296.3,307.1,1555,42.6,31,0,0,0,0,0,0
6570,L03294,L,299.6,309.7,1510,32.6,33,0,0,0,0,0,0
6571,M01965,M,301.9,311.5,1583,39.7,36,0,0,0,0,0,0
6572,L03295,L,299.3,309.2,1555,39.2,38,0,0,0,0,0,0
6573,L03296,L,297.1,307.5,1665,35.2,40,0,0,0,0,0,0
6574,H01313,H,299.7,311.2,1485,39.7,45,0,0,0,0,0,0
6575,L03297,L,298.3,306.9,1716,28.6,47,0,0,0,0,0,0
6576,M01966,M,301.0,311.6,1645,42.6,50,0,0,0,0,0,0
6577,H01314,H,301.5,312.7,1687,37.6,55,0,0,0,0,0,0
6578,L03298,L,297.9,306.4,1563,38.5,57,0,0,0,0,0,0
6579,L03299,L,298.6,308.4,1510,45.1,59,0,0,0,0,0,0
6580,M01967,M,301.5,310.4,1484,42.6,62,0,0,0,0,0,0
6581,H01315,H,298.3,308.7,1713,38.1,67,0,0,0,0,0,0
6582,H01316,H,297.8,307.5,1648,33.3,72,0,0,0,0,0,0
6583,M01968,M,297.6,307.5,1437,48.0,75,0,0,0,0,0,0
6584,L03300,L,300.7,310.3,1636,32.0,77,0,0,0,0,0,0
6585,M01969,M,300.6,311.3,1455,43.8,80,0,0,0,0,0,0
6586,L03301,L,298.6,308.9,1570,30.4,82,0,0,0,0,0,0
6587,L03302,L,300.0,310.2,1621,45.5,84,0,0,0,0,0,0
6588,L03303,L,303.1,313.2,1684,46.1,86,0,0,0,0,0,0
6589,L03304,L,298.1,308.6,1562,28.5,88,0,0,0,0,0,0
6590,M01970,M,296.1,305.8,1525,42.7,91,0,0,0,0,0,0
6591,L03305,L,300.9,312.6,1542,42.2,93,0,0,0,0,0,0
6592,L03306,L,299.8,308.5,1645,44.2,95,0,0,0,0,0,0
6593,L03307,L,298.6,306.9,1617,42.2,97,0,0,0,0,0,0
6594,H01317,H,301.3,309.5,1536,34.2,102,0,0,0,0,0,0
6595,M01971,M,301.7,309.6,1352,38.7,105,1,0,1,0,0,0
6596,L03308,L,295.6,306.3,1295,50.0,107,0,0,0,0,0,0
6597,L03309,L,298.7,309.2,1561,33.4,109,0,0,0,0,0,0
6598,L03310,L,304.6,315.8,1420,41.9,111,0,0,0,0,0,0
6599,H01318,H,301.2,310.1,1485,46.9,116,0,0,0,0,0,0
6600,M01972,M,301.4,312.1,1515,34.1,119,0,0,0,0,0,0
6601,M01973,M,302.3,312.4,1746,31.5,122,0,0,0,0,0,0
6602,M01974,M,300.0,310.2,1550,32.4,125,0,0,0,0,0,0
6603,L03311,L,301.6,312.2,1610,42.4,127,0,0,0,0,0,0
6604,H01319,H,301.4,310.7,1588,32.4,132,0,0,0,0,0,0
6605,M01975,M,301.1,313.7,1296,39.2,135,0,0,0,0,0,0
6606,L03312,L,299.4,310.7,1498,48.2,137,0,0,0,0,0,0
6607,L03313,L,300.3,309.8,1416,39.7,139,0,0,0,0,0,0
6608,M01976,M,298.8,307.7,1711,35.3,142,0,0,0,0,0,0
6609,H01320,H,300.0,309.9,1356,40.8,147,0,0,0,0,0,0
6610,L03314,L,297.7,307.8,1496,39.6,149,0,0,0,0,0,0
6611,H01321,H,298.4,309.5,1512,42.7,154,0,0,0,0,0,0
6612,M01977,M,299.4,308.3,1439,49.7,157,0,0,0,0,0,0
6613,L03315,L,298.1,308.4,1548,42.4,159,0,0,0,0,0,0
6614,L03316,L,299.0,307.5,1534,52.2,161,0,0,0,0,0,0
6615,L03317,L,299.7,310.1,1554,42.7,163,0,0,0,0,0,0
6616,M01978,M,300.8,310.7,1588,35.4,166,0,0,0,0,0,0
6617,L03318,L,301.9,313.8,1562,53.7,168,0,0,0,0,0,0
6618,L03319,L,299.1,307.5,1576,39.3,170,0,0,0,0,0,0
6619,M01979,M,302.7,314.0,1649,33.7,173,0,0,0,0,0,0
6620,M01980,M,301.9,310.2,1373,53.9,176,1,0,1,0,0,0
6621,L03320,L,301.0,309.7,1608,35.6,178,0,0,0,0,0,0
6622,L03321,L,300.3,308.6,1433,35.4,180,1,0,0,0,0,1
6623,L03322,L,300.6,310.9,1474,36.7,182,0,0,0,0,0,0
6624,M01981,M,302.4,311.2,1550,41.0,185,0,0,0,0,0,0
6625,H01322,H,302.4,311.1,1579,45.6,190,0,0,0,0,0,0
6626,L03323,L,302.7,312.9,1591,24.1,192,0,0,0,0,0,0
6627,H01323,H,300.1,310.5,1443,45.6,197,0,0,0,0,0,0
6628,M01982,M,301.1,311.1,1701,36.7,200,0,0,0,0,0,0
6629,M01983,M,302.7,312.5,1496,37.5,3,0,0,0,0,0,0
6630,M01984,M,298.8,310.6,1466,50.3,6,0,0,0,0,0,0
6631,L03324,L,299.4,309.5,1411,41.3,8,0,0,0,0,0,0
6632,L03325,L,300.0,310.8,1401,42.7,10,0,0,0,0,0,0
6633,M01985,M,301.8,311.9,1398,39.7,13,0,0,0,0,0,0
6634,M01986,M,301.8,310.7,1569,44.6,16,0,0,0,0,0,0
6635,M01987,M,299.5,310.1,1598,49.7,19,0,0,0,0,0,0
6636,L03326,L,297.0,306.3,1452,25.1,21,0,0,0,0,0,0
6637,H01324,H,300.5,310.4,1424,46.5,26,0,0,0,0,0,0
6638,M01988,M,298.2,308.5,1517,49.3,29,0,0,0,0,0,0
6639,L03327,L,297.0,305.1,1548,43.0,31,0,0,0,0,0,0
6640,L03328,L,297.5,305.9,1564,35.9,33,0,0,0,0,0,0
6641,M01989,M,300.7,311.6,1442,33.1,36,0,0,0,0,0,0
6642,M01990,M,302.7,312.1,1521,54.2,39,0,0,0,0,0,0
6643,L03329,L,300.1,309.5,1695,34.6,41,0,0,0,0,0,0
6644,H01325,H,300.4,310.6,1419,49.1,46,0,0,0,0,0,0
6645,L03330,L,302.4,312.0,1535,42.3,48,0,0,0,0,0,0
6646,L03331,L,296.9,307.3,1588,52.3,50,0,0,0,0,0,0
6647,H01326,H,301.0,311.0,1441,38.1,55,0,0,0,0,0,0
6648,H01327,H,300.0,310.2,1599,30.4,60,0,0,0,0,0,0
6649,M01991,M,301.1,310.4,1404,40.0,63,0,0,0,0,0,0
6650,H01328,H,299.0,309.2,1601,31.1,68,0,0,0,0,0,0
6651,L03332,L,298.4,309.5,1542,56.1,70,1,0,0,1,0,0
6652,H01329,H,300.3,309.7,1396,43.8,75,0,0,0,0,0,0
6653,L03333,L,303.3,314.2,1607,44.7,77,0,0,0,0,0,0
6654,L03334,L,301.7,311.7,1448,44.7,79,0,0,0,0,0,0
6655,L03335,L,299.0,309.7,1523,35.8,81,1,0,0,0,0,1
6656,L03336,L,297.3,307.4,1601,39.2,83,0,0,0,0,0,0
6657,L03337,L,296.6,306.6,1442,40.7,85,0,0,0,0,0,0
6658,L03338,L,302.6,313.0,1485,51.7,87,0,0,0,0,0,0
6659,L03339,L,298.1,309.3,1651,33.1,89,0,0,0,0,0,0
6660,L03340,L,299.3,309.6,1331,35.6,91,0,0,0,0,0,0
6661,M01992,M,302.6,313.1,1680,37.8,94,0,0,0,0,0,0
6662,L03341,L,296.8,306.4,1392,36.0,96,0,0,0,0,0,0
6663,L03342,L,303.0,314.6,1468,31.2,98,0,0,0,0,0,0
6664,M01993,M,299.5,310.1,1566,23.8,101,0,0,0,0,0,0
6665,H01330,H,297.7,307.8,1598,29.0,106,0,0,0,0,0,0
6666,M01994,M,299.5,309.4,1568,46.6,109,0,0,0,0,0,0
6667,L03343,L,298.6,309.5,1543,40.0,111,0,0,0,0,0,0
6668,M01995,M,300.9,310.3,1494,45.0,114,0,0,0,0,0,0
6669,L03344,L,298.7,306.9,1694,36.5,116,0,0,0,0,0,0
6670,L03345,L,296.2,306.2,1615,39.4,118,0,0,0,0,0,0
6671,L03346,L,299.6,310.7,1656,49.7,120,0,0,0,0,0,0
6672,H01331,H,297.3,308.9,1496,49.3,125,0,0,0,0,0,0
6673,L03347,L,300.4,310.3,1305,45.7,127,0,0,0,0,0,0
6674,L03348,L,297.6,307.7,1640,41.2,129,0,0,0,0,0,0
6675,L03349,L,299.0,309.5,1574,43.1,131,0,0,0,0,0,0
6676,H01332,H,300.4,310.1,1556,42.2,136,0,0,0,0,0,0
6677,M01996,M,299.6,310.1,1481,39.0,139,0,0,0,0,0,0
6678,L03350,L,300.5,310.4,1503,37.6,141,0,0,0,0,0,0
6679,M01997,M,301.4,312.4,1478,46.7,144,0,0,0,0,0,0
6680,M01998,M,297.7,308.4,1543,32.2,147,0,0,0,0,0,0
6681,M01999,M,299.9,310.7,1424,48.9,150,0,0,0,0,0,0
6682,L03351,L,293.3,303.1,1614,38.3,152,0,0,0,0,0,0
6683,H01333,H,300.5,312.4,1742,32.1,157,0,0,0,0,0,0
6684,L03352,L,299.4,309.9,1478,36.7,159,0,0,0,0,0,0
6685,M02000,M,298.0,308.3,1379,34.8,162,0,0,0,0,0,0
6686,L03353,L,300.6,309.9,1528,36.5,164,0,0,0,0,0,0
6687,L03354,L,302.3,312.2,1570,36.4,166,0,0,0,0,0,0
6688,L03355,L,299.0,309.2,1583,36.2,168,0,0,0,0,0,0
6689,M02001,M,298.1,307.3,1698,38.2,171,0,0,0,0,0,0
6690,L03356,L,300.3,310.0,1620,39.6,173,0,0,0,0,0,0
6691,M02002,M,297.3,307.2,1357,44.6,176,0,0,0,0,0,0
6692,L03357,L,298.7,308.7,1414,38.5,178,0,0,0,0,0,0
6693,M02003,M,302.4,310.7,1579,42.0,181,0,0,0,0,0,0
6694,H01334,H,300.1,310.0,1493,40.0,186,0,0,0,0,0,0
6695,M02004,M,296.2,305.9,1690,43.2,189,0,0,0,0,0,0
6696,M02005,M,296.4,306.4,1444,40.3,192,0,0,0,0,0,0
6697,M02006,M,300.3,311.4,1634,36.1,195,0,0,0,0,0,0
6698,L03358,L,301.7,313.8,1473,34.5,197,0,0,0,0,0,0
6699,H01335,H,296.8,307.4,1564,41.3,202,0,0,0,0,0,0
6700,L03359,L,300.9,309.7,1455,47.6,204,0,0,0,0,0,0
6701,M02007,M,302.7,312.3,1594,38.6,207,0,0,0,0,0,0
6702,M02008,M,303.8,314.4,1645,35.8,210,0,0,0,0,0,0
6703,L03360,L,300.7,311.1,1563,38.5,212,0,0,0,0,0,0
6704,L03361,L,301.0,312.0,1729,36.6,214,0,0,0,0,0,0
6705,L03362,L,295.7,305.6,1466,36.0,216,0,0,0,0,0,0
6706,H01336,H,304.2,313.8,1548,31.3,221,0,0,0,0,0,0
6707,H01337,H,298.8,310.6,1623,38.5,226,0,0,0,0,0,0
6708,M02009,M,298.1,308.2,1443,41.4,229,0,0,0,0,0,0
6709,M02010,M,299.5,308.5,1544,33.5,232,0,0,0,0,0,0
6710,H01338,H,303.0,314.5,1604,34.7,237,0,0,0,0,0,0
6711,L03363,L,304.4,312.9,1631,34.3,2,0,0,0,0,0,0
6712,L03364,L,300.3,306.8,1652,31.7,4,0,0,0,0,0,0
6713,M02011,M,302.0,312.8,1451,34.3,7,0,0,0,0,0,0
6714,H01339,H,300.1,311.0,1567,38.8,12,0,0,0,0,0,0
6715,H01340,H,297.9,308.3,1407,31.9,17,0,0,0,0,0,0
6716,L03365,L,303.0,311.7,1466,39.2,19,0,0,0,0,0,0
6717,L03366,L,298.8,308.7,1521,35.8,21,0,0,0,0,0,0
6718,L03367,L,303.1,312.8,1652,34.4,23,0,0,0,0,0,0
6719,L03368,L,302.6,312.1,1591,42.3,25,0,0,0,0,0,0
6720,L03369,L,301.2,312.6,1542,36.2,27,0,0,0,0,0,0
6721,M02012,M,303.7,312.6,1583,37.2,30,0,0,0,0,0,0
6722,L03370,L,304.5,314.8,1590,47.8,32,0,0,0,0,0,0
6723,H01341,H,299.6,310.8,1575,34.5,37,0,0,0,0,0,0
6724,L03371,L,298.4,308.8,1480,49.4,39,0,0,0,0,0,0
6725,M02013,M,296.3,307.5,1442,37.9,42,0,0,0,0,0,0
6726,L03372,L,304.5,315.1,1516,33.2,44,0,0,0,0,0,0
6727,L03373,L,299.1,309.5,1459,36.7,46,0,0,0,0,0,0
6728,L03374,L,302.3,312.6,1600,40.4,48,0,0,0,0,0,0
6729,H01342,H,298.5,309.1,1691,47.5,53,0,0,0,0,0,0
6730,H01343,H,303.1,312.7,1594,44.8,58,0,0,0,0,0,0
6731,L03375,L,298.6,307.3,1357,40.4,60,0,0,0,0,0,0
6732,L03376,L,297.6,308.6,1475,47.6,62,0,0,0,0,0,0
6733,H01344,H,299.6,310.7,1540,28.7,67,0,0,0,0,0,0
6734,L03377,L,298.9,309.2,1395,41.5,69,0,0,0,0,0,0
6735,L03378,L,301.2,310.6,1541,41.9,71,0,0,0,0,0,0
6736,M02014,M,299.9,308.3,1585,41.9,74,0,0,0,0,0,0
6737,H01345,H,301.3,311.3,1679,30.3,79,0,0,0,0,0,0
6738,L03379,L,299.4,308.1,1720,33.9,81,0,0,0,0,0,0
6739,L03380,L,298.7,307.2,1419,39.0,83,0,0,0,0,0,0
6740,H01346,H,298.8,308.8,1526,46.7,88,0,0,0,0,0,0
6741,L03381,L,304.1,313.3,1528,51.5,90,0,0,0,0,0,0
6742,L03382,L,300.5,310.8,1467,36.0,92,0,0,0,0,0,0
6743,M02015,M,296.0,305.9,1548,32.1,95,0,0,0,0,0,0
6744,H01347,H,299.0,308.4,1530,44.9,100,0,0,0,0,0,0
6745,L03383,L,300.2,308.5,1599,55.7,102,1,0,0,1,0,0
6746,H01348,H,303.7,312.8,1674,46.6,107,0,0,0,0,0,0
6747,M02016,M,302.1,311.2,1551,35.5,110,0,0,0,0,0,0
6748,L03384,L,298.2,306.9,1489,57.2,112,0,0,0,0,0,0
6749,H01349,H,304.8,314.5,1435,44.1,117,0,0,0,0,0,0
6750,L03385,L,299.9,308.8,1742,35.3,119,0,0,0,0,0,0
6751,L03386,L,302.5,312.3,1629,51.6,121,0,0,0,0,0,0
6752,M02017,M,297.7,307.9,1578,34.8,124,0,0,0,0,0,0
6753,L03387,L,295.2,304.4,1521,36.3,126,0,0,0,0,0,0
6754,L03388,L,297.2,307.6,1699,44.4,128,0,0,0,0,0,0
6755,L03389,L,293.5,302.1,1522,39.9,130,0,0,0,0,0,0
6756,L03390,L,304.2,313.1,1367,40.2,132,0,0,0,0,0,0
6757,H01350,H,300.4,310.3,1565,40.2,137,0,0,0,0,0,0
6758,M02018,M,298.2,308.8,1415,46.7,140,0,0,0,0,0,0
6759,H01351,H,300.9,311.8,1565,26.1,145,0,0,0,0,0,0
6760,L03391,L,300.4,312.0,1672,41.7,147,0,0,0,0,0,0
6761,L03392,L,301.2,310.9,1371,38.3,149,0,0,0,0,0,0
6762,L03393,L,302.4,312.3,1448,35.5,151,0,0,0,0,0,0
6763,L03394,L,299.4,308.4,1624,35.5,153,0,0,0,0,0,0
6764,L03395,L,298.2,307.0,1488,24.2,155,0,0,0,0,0,0
6765,M02019,M,301.7,311.9,1580,35.2,158,0,0,0,0,0,0
6766,H01352,H,301.6,310.8,1580,47.7,163,0,0,0,0,0,0
6767,H01353,H,300.2,311.4,1627,45.0,168,0,0,0,0,0,0
6768,L03396,L,304.4,312.9,1473,38.9,170,0,0,0,0,0,0
6769,H01354,H,299.1,309.6,1283,31.5,175,0,0,0,0,0,0
6770,L03397,L,298.2,307.2,1578,44.9,177,0,0,0,0,0,0
6771,L03398,L,300.8,310.0,1381,47.9,179,0,0,0,0,0,0
6772,H01355,H,298.7,309.2,1632,46.2,184,0,0,0,0,0,0
6773,M02020,M,301.0,310.3,1534,34.2,187,0,0,0,0,0,0
6774,L03399,L,298.3,307.8,1508,34.8,189,0,0,0,0,0,0
6775,L03400,L,299.2,308.4,1607,49.9,191,0,0,0,0,0,0
6776,L03401,L,303.8,315.6,1364,32.7,193,0,0,0,0,0,0
6777,M02021,M,299.2,308.6,1518,42.9,196,0,0,0,0,0,0
6778,L03402,L,298.4,308.5,1583,29.3,198,0,0,0,0,0,0
6779,H01356,H,302.3,312.1,1563,38.2,203,0,0,0,0,0,0
6780,L03403,L,297.9,308.1,1489,43.5,205,0,0,0,0,0,0
6781,L03404,L,298.6,308.0,1490,39.8,207,0,0,0,0,0,0
6782,L03405,L,301.2,311.0,1692,43.1,209,0,0,0,0,0,0
6783,M02022,M,301.9,312.3,1629,32.6,212,0,0,0,0,0,0
6784,L03406,L,302.4,311.6,1472,35.1,214,0,0,0,0,0,0
6785,M02023,M,298.5,309.6,1673,42.9,217,0,0,0,0,0,0
6786,H01357,H,301.2,312.4,1614,44.2,222,0,0,0,0,0,0
6787,H01358,H,299.1,309.7,1587,41.3,227,0,0,0,0,0,0
6788,H01359,H,298.8,308.9,1591,45.7,5,0,0,0,0,0,0
6789,H01360,H,302.4,309.4,1423,30.1,10,0,0,0,0,0,0
6790,M02024,M,298.9,309.3,1689,37.2,13,0,0,0,0,0,0
6791,H01361,H,300.6,310.2,1633,50.9,18,0,0,0,0,0,0
6792,L03407,L,300.3,310.1,1563,47.7,20,0,0,0,0,0,0
6793,L03408,L,297.9,306.0,1562,43.8,22,0,0,0,0,0,0
6794,L03409,L,301.9,312.4,1529,39.1,24,0,0,0,0,0,0
6795,L03410,L,301.1,309.7,1481,46.2,26,0,0,0,0,0,0
6796,L03411,L,296.0,306.1,1591,42.6,28,0,0,0,0,0,0
6797,H01362,H,300.6,311.5,1458,30.9,33,0,0,0,0,0,0
6798,L03412,L,298.5,308.0,1553,46.0,35,0,0,0,0,0,0
6799,L03413,L,302.2,313.4,1548,34.8,37,0,0,0,0,0,0
6800,M02025,M,297.1,306.4,1577,44.6,40,0,0,0,0,0,0
6801,L03414,L,299.3,309.9,1632,30.3,42,0,0,0,0,0,0
6802,L03415,L,300.7,309.4,1578,49.6,44,0,0,0,0,0,0
6803,L03416,L,300.1,311.1,1607,38.4,46,0,0,0,0,0,0
6804,L03417,L,301.5,312.4,1344,33.3,48,0,0,0,0,0,0
6805,L03418,L,297.0,307.4,1584,35.9,50,0,0,0,0,0,0
6806,M02026,M,303.3,312.9,1546,38.0,53,0,0,0,0,0,0
6807,M02027,M,301.1,309.6,1575,40.0,56,0,0,0,0,0,0
6808,L03419,L,302.7,312.3,1485,47.9,58,0,0,0,0,0,0
6809,L03420,L,301.7,312.9,1653,40.4,60,0,0,0,0,0,0
6810,L03421,L,300.0,310.1,1563,27.0,62,0,0,0,0,0,0
6811,M02028,M,297.4,305.9,1464,32.6,65,0,0,0,0,0,0
6812,L03422,L,298.9,307.7,1481,56.5,67,0,0,0,0,0,0
6813,L03423,L,303.2,314.4,1628,40.8,69,0,0,0,0,0,0
6814,M02029,M,302.8,313.3,1529,45.7,72,0,0,0,0,0,0
6815,L03424,L,298.8,307.5,1538,38.1,74,0,0,0,0,0,0
6816,L03425,L,294.4,302.6,1518,34.0,76,0,0,0,0,0,0
6817,L03426,L,299.6,308.9,1639,37.1,78,0,0,0,0,0,0
6818,H01363,H,299.4,307.6,1586,40.8,83,0,0,0,0,0,0
6819,H01364,H,299.5,309.3,1419,37.2,88,0,0,0,0,0,0
6820,M02030,M,301.1,313.5,1440,51.5,91,0,0,0,0,0,0
6821,L03427,L,301.8,310.2,1538,36.3,93,0,0,0,0,0,0
6822,M02031,M,302.0,311.8,1474,33.7,96,0,0,0,0,0,0
6823,H01365,H,300.9,312.2,1322,44.9,101,0,0,0,0,0,0
6824,H01366,H,296.4,307.1,1463,45.6,106,0,0,0,0,0,0
6825,L03428,L,299.3,309.2,1510,40.2,108,0,0,0,0,0,0
6826,H01367,H,304.6,314.5,1498,36.4,113,0,0,0,0,0,0
6827,L03429,L,300.7,309.6,1610,28.6,115,0,0,0,0,0,0
6828,L03430,L,300.7,310.5,1315,47.3,117,0,0,0,0,0,0
6829,M02032,M,300.7,311.0,1461,45.2,120,0,0,0,0,0,0
6830,L03431,L,300.8,311.9,1618,37.4,122,0,0,0,0,0,0
6831,H01368,H,295.2,304.6,1471,40.4,127,0,0,0,0,0,0
6832,L03432,L,299.5,309.3,1417,38.6,129,0,0,0,0,0,0
6833,M02033,M,299.9,309.0,1470,49.8,132,0,0,0,0,0,0
6834,H01369,H,302.6,312.8,1583,33.8,137,0,0,0,0,0,0
6835,H01370,H,300.1,310.9,1513,36.3,142,0,0,0,0,0,0
6836,L03433,L,296.7,307.3,1466,35.7,144,0,0,0,0,0,0
6837,L03434,L,300.9,309.7,1586,41.9,146,0,0,0,0,0,0
6838,M02034,M,298.4,308.5,1575,40.3,149,0,0,0,0,0,0
6839,L03435,L,297.6,306.9,1412,41.2,151,0,0,0,0,0,0
6840,H01371,H,298.3,309.3,1547,34.7,156,0,0,0,0,0,0
6841,H01372,H,301.1,310.9,1408,48.9,161,0,0,0,0,0,0
6842,L03436,L,302.5,311.0,1655,37.3,163,0,0,0,0,0,0
6843,L03437,L,301.0,310.7,1661,47.1,165,0,0,0,0,0,0
6844,L03438,L,301.3,311.7,1509,58.8,167,1,0,0,1,0,0
6845,H01373,H,300.9,311.2,1644,34.8,172,0,0,0,0,0,0
6846,L03439,L,300.2,309.7,1462,42.1,174,0,0,0,0,0,0
6847,L03440,L,301.4,310.8,1524,39.2,176,0,0,0,0,0,0
6848,L03441,L,295.2,304.2,1480,52.2,178,0,0,0,0,0,0
6849,M02035,M,300.2,309.8,1536,38.3,181,0,0,0,0,0,0
6850,L03442,L,297.9,307.1,1545,41.5,183,0,0,0,0,0,0
6851,L03443,L,302.3,313.3,1538,41.4,185,0,0,0,0,0,0
6852,H01374,H,299.7,308.8,1529,39.4,190,0,0,0,0,0,0
6853,H01375,H,300.1,310.2,1551,44.5,195,0,0,0,0,0,0
6854,M02036,M,297.0,307.0,1664,40.6,198,0,0,0,0,0,0
6855,L03444,L,302.0,313.0,1337,42.9,200,0,0,0,0,0,0
6856,L03445,L,301.3,312.3,1730,41.3,202,0,0,0,0,0,0
6857,M02037,M,301.1,311.8,1503,36.4,205,0,0,0,0,0,0
6858,L03446,L,298.4,308.7,1530,38.4,207,0,0,0,0,0,0
6859,H01376,H,298.5,307.4,1671,43.3,212,0,0,0,0,0,0
6860,M02038,M,300.4,309.4,1599,43.3,215,0,0,0,0,0,0
6861,L03447,L,298.6,307.8,1592,47.5,217,0,0,0,0,0,0
6862,H01377,H,300.9,311.6,1663,51.2,222,0,0,0,0,0,0
6863,H01378,H,295.7,305.8,1522,36.9,227,0,0,0,0,0,0
6864,L03448,L,299.0,309.9,1630,40.8,229,0,0,0,0,0,0
6865,M02039,M,303.6,314.6,1412,38.8,232,0,0,0,0,0,0
6866,L03449,L,300.9,310.2,1580,33.4,234,0,0,0,0,0,0
6867,L03450,L,300.3,310.4,1594,43.4,236,0,0,0,0,0,0
6868,L03451,L,304.0,314.0,1653,44.7,238,0,0,0,0,0,0
6869,M02040,M,295.3,305.0,1609,33.5,3,0,0,0,0,0,0
6870,H01379,H,298.4,307.8,1558,37.8,8,0,0,0,0,0,0
6871,M02041,M,299.2,310.4,1506,37.2,11,0,0,0,0,0,0
6872,L03452,L,301.7,311.8,1505,30.9,13,0,0,0,0,0,0
6873,M02042,M,301.8,311.8,1506,39.8,16,0,0,0,0,0,0
6874,L03453,L,298.3,307.5,1408,33.1,18,0,0,0,0,0,0
6875,H01380,H,302.0,312.7,1712,41.0,23,0,0,0,0,0,0
6876,L03454,L,299.2,308.2,1638,41.6,25,0,0,0,0,0,0
6877,L03455,L,302.4,312.9,1563,42.4,27,0,0,0,0,0,0
6878,L03456,L,297.9,308.4,1619,42.6,29,0,0,0,0,0,0
6879,M02043,M,299.8,309.3,1613,49.2,32,0,0,0,0,0,0
6880,L03457,L,299.0,309.3,1439,35.1,34,0,0,0,0,0,0
6881,M02044,M,302.1,312.3,1602,35.4,37,0,0,0,0,0,0
6882,L03458,L,299.0,308.9,1665,43.9,39,0,0,0,0,0,0
6883,L03459,L,299.9,309.9,1470,39.2,41,0,0,0,0,0,0
6884,L03460,L,301.0,311.1,1385,46.8,43,0,0,0,0,0,0
6885,H01381,H,301.1,311.2,1422,43.4,48,0,0,0,0,0,0
6886,H01382,H,301.8,311.8,1528,51.5,53,0,0,0,0,0,0
6887,L03461,L,300.4,309.3,1416,39.5,55,0,0,0,0,0,0
6888,L03462,L,299.2,309.0,1521,31.1,57,0,0,0,0,0,0
6889,L03463,L,299.3,309.6,1473,42.0,59,0,0,0,0,0,0
6890,M02045,M,300.1,310.1,1538,39.6,62,0,0,0,0,0,0
6891,L03464,L,300.5,311.5,1487,43.2,64,0,0,0,0,0,0
6892,H01383,H,299.7,310.3,1534,44.0,69,0,0,0,0,0,0
6893,H01384,H,300.0,309.2,1598,36.8,74,0,0,0,0,0,0
6894,L03465,L,297.0,306.8,1442,33.9,76,0,0,0,0,0,0
6895,L03466,L,301.3,311.0,1566,39.1,78,0,0,0,0,0,0
6896,H01385,H,300.4,310.4,1453,25.7,83,0,0,0,0,0,0
6897,H01386,H,302.0,312.0,1537,40.5,88,0,0,0,0,0,0
6898,L03467,L,300.0,310.6,1530,37.6,90,0,0,0,0,0,0
6899,L03468,L,296.5,306.7,1574,45.2,92,0,0,0,0,0,0
6900,L03469,L,299.3,310.5,1556,28.1,94,0,0,0,0,0,0
6901,L03470,L,299.6,309.8,1662,40.0,96,0,0,0,0,0,0
6902,L03471,L,301.5,310.7,1535,49.5,98,0,0,0,0,0,0
6903,L03472,L,295.9,305.4,1475,44.1,100,0,0,0,0,0,0
6904,M02046,M,300.1,310.7,1631,45.9,103,0,0,0,0,0,0
6905,L03473,L,301.0,309.4,1571,42.0,105,0,0,0,0,0,0
6906,L03474,L,298.7,307.3,1626,30.0,107,0,0,0,0,0,0
6907,L03475,L,300.1,310.2,1526,41.0,109,0,0,0,0,0,0
6908,H01387,H,298.7,309.7,1407,42.5,114,0,0,0,0,0,0
6909,H01388,H,298.5,309.8,1762,33.5,119,0,0,0,0,0,0
6910,L03476,L,299.2,309.0,1478,39.2,121,0,0,0,0,0,0
6911,L03477,L,298.6,309.6,1422,22.6,123,1,0,0,1,0,0
6912,H01389,H,301.4,311.4,1610,38.0,128,0,0,0,0,0,0
6913,L03478,L,298.5,307.0,1443,37.4,130,0,0,0,0,0,0
6914,L03479,L,298.2,308.2,1499,48.4,132,0,0,0,0,0,0
6915,L03480,L,303.5,312.9,1550,36.4,134,0,0,0,0,0,0
6916,L03481,L,301.9,312.8,1524,38.4,136,0,0,0,0,0,0
6917,L03482,L,296.3,306.3,1502,39.5,138,0,0,0,0,0,0
6918,H01390,H,298.5,307.2,1697,36.5,143,0,0,0,0,0,0
6919,M02047,M,300.5,309.0,1527,44.3,146,0,0,0,0,0,0
6920,L03483,L,300.6,310.6,1448,28.0,148,0,0,0,0,0,0
6921,H01391,H,297.0,304.6,1636,46.8,153,0,0,0,0,0,0
6922,L03484,L,302.3,311.8,1466,39.9,155,0,0,0,0,0,0
6923,L03485,L,301.7,311.9,1527,47.8,157,0,0,0,0,0,0
6924,M02048,M,301.0,309.9,1448,23.5,160,0,0,0,0,0,0
6925,M02049,M,302.7,313.7,1559,25.4,163,0,0,0,0,0,0
6926,L03486,L,300.9,312.1,1542,38.2,165,0,0,0,0,0,0
6927,L03487,L,300.9,309.9,1535,43.0,167,0,0,0,0,0,0
6928,M02050,M,303.1,312.8,1553,36.7,170,0,0,0,0,0,0
6929,M02051,M,302.2,313.2,1620,43.5,173,0,0,0,0,0,0
6930,M02052,M,298.3,308.3,1608,45.9,176,0,0,0,0,0,0
6931,L03488,L,301.3,309.9,1434,44.0,178,0,0,0,0,0,0
6932,L03489,L,298.7,308.5,1471,40.6,180,0,0,0,0,0,0
6933,L03490,L,301.0,310.2,1630,40.6,182,0,0,0,0,0,0
6934,L03491,L,301.0,312.1,1460,36.3,184,0,0,0,0,0,0
6935,H01392,H,297.2,307.8,1587,39.7,189,0,0,0,0,0,0
6936,L03492,L,299.8,309.4,1622,33.9,191,0,0,0,0,0,0
6937,L03493,L,300.5,310.7,1374,35.3,193,0,0,0,0,0,0
6938,M02053,M,299.1,307.8,1497,43.1,196,0,0,0,0,0,0
6939,L03494,L,300.6,309.9,1620,37.2,198,0,0,0,0,0,0
6940,L03495,L,301.6,313.2,1523,35.6,200,0,0,0,0,0,0
6941,H01393,H,299.9,310.0,1498,42.7,205,0,0,0,0,0,0
6942,H01394,H,300.4,311.4,1621,42.3,210,0,0,0,0,0,0
6943,M02054,M,302.8,313.0,1648,38.7,213,0,0,0,0,0,0
6944,L03496,L,300.9,312.3,1470,39.1,215,0,0,0,0,0,0
6945,M02055,M,300.4,308.4,1715,42.5,218,0,0,0,0,0,0
6946,M02056,M,298.1,307.9,1360,45.8,221,0,0,0,0,0,0
6947,L03497,L,301.3,313.0,1387,41.2,223,0,0,0,0,0,0
6948,L03498,L,300.7,311.6,1493,32.8,225,0,0,0,0,0,0
6949,H01395,H,302.6,313.9,1505,38.7,230,0,0,0,0,0,0
6950,L03499,L,300.1,310.1,1509,37.6,232,0,0,0,0,0,0
6951,M02057,M,296.4,305.8,1485,33.7,235,0,0,0,0,0,0
6952,L03500,L,296.6,305.6,1465,43.0,237,0,0,0,0,0,0
6953,L03501,L,301.5,310.4,1516,43.4,239,0,0,0,0,0,0
6954,L03502,L,298.9,309.7,1479,44.4,241,0,0,0,0,0,0
6955,H01396,H,300.9,311.4,1606,34.1,5,0,0,0,0,0,0
6956,L03503,L,300.2,310.2,1541,40.9,7,0,0,0,0,0,0
6957,M02058,M,299.7,310.2,1516,40.0,10,0,0,0,0,0,0
6958,M02059,M,299.8,309.9,1531,41.8,13,0,0,0,0,0,0
6959,M02060,M,298.3,309.2,1649,40.8,16,0,0,0,0,0,0
6960,H01397,H,300.0,310.9,1490,39.9,21,0,0,0,0,0,0
6961,M02061,M,298.8,307.8,1411,39.2,24,0,0,0,0,0,0
6962,L03504,L,299.3,309.5,1440,46.6,26,0,0,0,0,0,0
6963,H01398,H,299.4,307.7,1515,34.8,31,0,0,0,0,0,0
6964,M02062,M,299.5,309.7,1586,39.0,34,0,0,0,0,0,0
6965,L03505,L,301.8,312.4,1626,46.5,36,0,0,0,0,0,0
6966,L03506,L,299.7,308.4,1703,35.1,38,0,0,0,0,0,0
6967,H01399,H,302.0,311.6,1612,35.4,43,0,0,0,0,0,0
6968,L03507,L,303.1,313.1,1450,44.4,45,0,0,0,0,0,0
6969,M02063,M,301.7,311.9,1518,31.5,48,0,0,0,0,0,0
6970,L03508,L,301.1,310.8,1322,44.0,50,0,0,0,0,0,0
6971,L03509,L,300.7,309.5,1507,37.1,52,0,0,0,0,0,0
6972,M02064,M,301.7,311.7,1477,42.5,55,0,0,0,0,0,0
6973,L03510,L,300.2,308.5,1307,32.7,57,1,0,1,0,0,0
6974,L03511,L,302.0,311.7,1749,47.1,59,0,0,0,0,0,0
6975,M02065,M,301.2,310.8,1500,32.7,62,0,0,0,0,0,0
6976,L03512,L,299.3,309.1,1327,44.3,64,0,0,0,0,0,0
6977,M02066,M,301.8,311.2,1511,32.9,67,0,0,0,0,0,0
6978,H01400,H,300.2,308.7,1703,50.8,72,1,0,0,1,0,0
6979,M02067,M,299.8,309.4,1729,39.6,75,0,0,0,0,0,0
6980,L03513,L,299.0,310.0,1544,51.7,77,0,0,0,0,0,0
6981,L03514,L,300.3,311.6,1548,35.1,79,0,0,0,0,0,0
6982,M02068,M,302.0,314.4,1661,37.3,82,0,0,0,0,0,0
6983,H01401,H,301.8,313.5,1523,47.3,87,0,0,0,0,0,0
6984,H01402,H,300.7,309.5,1584,31.4,92,0,0,0,0,0,0
6985,H01403,H,301.2,310.8,1622,35.8,97,0,0,0,0,0,0
6986,L03515,L,302.5,312.5,1430,43.0,99,0,0,0,0,0,0
6987,L03516,L,299.7,309.6,1692,33.9,101,0,0,0,0,0,0
6988,L03517,L,297.8,307.8,1450,43.1,103,0,0,0,0,0,0
6989,L03518,L,302.6,315.0,1475,41.0,105,0,0,0,0,0,0
6990,L03519,L,298.9,307.9,1548,30.9,107,0,0,0,0,0,0
6991,H01404,H,298.6,307.9,1632,45.8,112,0,0,0,0,0,0
6992,L03520,L,296.4,308.1,1606,32.4,114,0,0,0,0,0,0
6993,L03521,L,301.1,310.5,1533,44.6,116,0,0,0,0,0,0
6994,L03522,L,296.8,307.2,1566,40.8,118,0,0,0,0,0,0
6995,H01405,H,298.5,309.5,1645,37.3,123,0,0,0,0,0,0
6996,M02069,M,301.2,311.7,1539,33.4,126,0,0,0,0,0,0
6997,M02070,M,301.4,311.6,1457,42.0,129,0,0,0,0,0,0
6998,H01406,H,298.7,309.6,1478,34.8,134,0,0,0,0,0,0
6999,L03523,L,299.7,308.8,1629,47.2,136,0,0,0,0,0,0
7000,M02071,M,298.3,307.8,1457,47.5,139,0,0,0,0,0,0
7001,L03524,L,298.9,309.4,1381,49.9,141,0,0,0,0,0,0
7002,L03525,L,300.5,308.5,1508,41.7,143,0,0,0,0,0,0
7003,H01407,H,299.0,310.4,1530,37.6,148,0,0,0,0,0,0
7004,M02072,M,299.5,309.8,1624,38.2,151,0,0,0,0,0,0
7005,L03526,L,297.1,307.2,1392,37.8,153,0,0,0,0,0,0
7006,L03527,L,302.3,310.6,1573,41.5,155,0,0,0,0,0,0
7007,M02073,M,301.0,309.7,1653,42.6,158,0,0,0,0,0,0
7008,L03528,L,301.6,311.2,1456,47.4,160,0,0,0,0,0,0
7009,L03529,L,302.6,313.4,1546,40.1,162,0,0,0,0,0,0
7010,L03530,L,298.3,306.3,1323,31.6,164,1,0,1,0,0,0
7011,L03531,L,299.3,310.1,1625,37.6,166,0,0,0,0,0,0
7012,H01408,H,296.2,305.9,1618,49.3,171,0,0,0,0,0,0
7013,L03532,L,306.3,316.1,1536,30.7,173,0,0,0,0,0,0
7014,L03533,L,299.7,310.0,1405,44.4,175,0,0,0,0,0,0
7015,M02074,M,302.1,312.3,1605,37.7,178,0,0,0,0,0,0
7016,H01409,H,297.5,306.8,1514,34.7,183,0,0,0,0,0,0
7017,L03534,L,302.0,312.6,1260,42.4,185,0,0,0,0,0,0
7018,L03535,L,303.7,311.4,1616,49.4,187,0,0,0,0,0,0
7019,L03536,L,299.9,309.4,1654,42.0,189,0,0,0,0,0,0
7020,M02075,M,298.0,308.1,1672,38.4,192,0,0,0,0,0,0
7021,M02076,M,299.7,309.4,1410,32.2,195,0,0,0,0,0,0
7022,H01410,H,295.5,303.7,1346,39.4,200,1,0,1,0,0,0
7023,H01411,H,299.9,310.7,1497,32.0,205,0,0,0,0,0,0
7024,M02077,M,301.6,310.4,1590,38.1,208,0,0,0,0,0,0
7025,M02078,M,299.9,309.9,1444,39.6,211,0,0,0,0,0,0
7026,L03537,L,299.4,309.6,1379,25.8,2,0,0,0,0,0,0
7027,L03538,L,301.1,311.1,1610,48.3,4,0,0,0,0,0,0
7028,H01412,H,301.2,312.4,1503,32.6,9,0,0,0,0,0,0
7029,L03539,L,296.7,306.6,1600,38.9,11,0,0,0,0,0,0
7030,L03540,L,300.2,310.6,1540,43.2,13,0,0,0,0,0,0
7031,M02079,M,304.9,314.8,1521,47.9,16,0,0,0,0,0,0
7032,L03541,L,297.3,307.9,1532,35.2,18,0,0,0,0,0,0
7033,M02080,M,299.8,311.2,1502,24.9,21,0,0,0,0,0,0
7034,M02081,M,303.9,314.0,1492,46.5,24,0,0,0,0,0,0
7035,L03542,L,302.2,313.0,1428,32.5,26,0,0,0,0,0,0
7036,H01413,H,299.0,310.4,1586,42.2,31,0,0,0,0,0,0
7037,L03543,L,300.4,311.8,1663,42.5,33,0,0,0,0,0,0
7038,L03544,L,300.0,309.6,1488,20.5,35,1,0,0,1,0,0
7039,M02082,M,298.5,309.5,1725,30.3,38,0,0,0,0,0,0
7040,M02083,M,299.9,310.1,1576,37.2,41,0,0,0,0,0,0
7041,M02084,M,299.4,310.6,1564,24.5,44,0,0,0,0,0,0
7042,L03545,L,300.2,310.8,1604,32.0,46,0,0,0,0,0,0
7043,M02085,M,298.5,308.8,1636,40.7,49,0,0,0,0,0,0
7044,L03546,L,297.4,307.9,1493,39.5,51,0,0,0,0,0,0
7045,H01414,H,299.9,310.2,1593,41.8,56,0,0,0,0,0,0
7046,L03547,L,303.4,313.7,1643,42.7,58,0,0,0,0,0,0
7047,M02086,M,300.2,310.0,1500,29.9,61,0,0,0,0,0,0
7048,L03548,L,299.3,309.1,1538,32.3,63,0,0,0,0,0,0
7049,L03549,L,301.5,313.3,1461,44.6,65,0,0,0,0,0,0
7050,L03550,L,299.7,310.2,1489,49.1,67,0,0,0,0,0,0
7051,H01415,H,303.7,313.2,1503,34.2,72,0,0,0,0,0,0
7052,M02087,M,300.0,309.7,1448,41.6,75,0,0,0,0,0,0
7053,H01416,H,301.4,312.5,1532,44.8,80,0,0,0,0,0,0
7054,L03551,L,298.5,307.8,1571,41.4,82,0,0,0,0,0,0
7055,L03552,L,301.0,309.5,1581,38.5,84,0,0,0,0,0,0
7056,L03553,L,300.6,309.1,1457,36.2,86,0,0,0,0,0,0
7057,H01417,H,299.9,308.2,1477,51.9,91,0,0,0,0,0,0
7058,L03554,L,299.0,307.7,1623,40.6,93,0,0,0,0,0,0
7059,H01418,H,298.7,307.5,1477,42.3,98,0,0,0,0,0,0
7060,H01419,H,300.6,311.9,1620,41.9,103,0,0,0,0,0,0
7061,H01420,H,301.3,311.2,1465,35.1,108,0,0,0,0,0,0
7062,M02088,M,299.7,309.4,1576,40.3,111,0,0,0,0,0,0
7063,M02089,M,300.6,309.1,1613,38.1,114,0,0,0,0,0,0
7064,M02090,M,299.9,309.8,1273,38.0,117,0,0,0,0,0,0
7065,L03555,L,300.2,308.5,1625,41.9,119,0,0,0,0,0,0
7066,M02091,M,299.6,309.2,1668,34.5,122,0,0,0,0,0,0
7067,L03556,L,300.0,312.1,1507,32.8,124,0,0,0,0,0,0
7068,L03557,L,305.4,316.1,1573,43.0,126,0,0,0,0,0,0
7069,L03558,L,300.6,310.4,1454,36.8,128,0,0,0,0,0,0
7070,L03559,L,301.3,312.0,1574,37.9,130,0,0,0,0,0,0
7071,L03560,L,300.9,310.4,1784,28.4,132,0,0,0,0,0,0
7072,L03561,L,299.5,308.7,1318,45.8,134,0,0,0,0,0,0
7073,M02092,M,302.6,314.3,1488,43.1,137,0,0,0,0,0,0
7074,L03562,L,299.4,308.3,1618,44.2,139,0,0,0,0,0,0
7075,M02093,M,302.1,311.8,1664,42.3,142,0,0,0,0,0,0
7076,L03563,L,299.3,309.6,1400,30.9,144,0,0,0,0,0,0
7077,M02094,M,298.1,307.1,1474,41.4,147,0,0,0,0,0,0
7078,M02095,M,300.7,311.4,1480,36.3,150,0,0,0,0,0,0
7079,M02096,M,297.8,307.5,1473,34.2,153,0,0,0,0,0,0
7080,M02097,M,301.1,311.7,1526,43.0,156,0,0,0,0,0,0
7081,L03564,L,297.6,308.2,1395,50.0,158,0,0,0,0,0,0
7082,M02098,M,299.4,309.1,1513,49.0,161,0,0,0,0,0,0
7083,L03565,L,297.1,308.8,1444,43.7,163,0,0,0,0,0,0
7084,L03566,L,305.6,315.0,1531,39.8,165,0,0,0,0,0,0
7085,M02099,M,296.7,308.0,1467,38.7,168,0,0,0,0,0,0
7086,L03567,L,300.0,311.2,1521,34.6,170,0,0,0,0,0,0
7087,M02100,M,302.3,314.1,1434,38.4,173,0,0,0,0,0,0
7088,M02101,M,302.1,312.2,1633,45.5,176,0,0,0,0,0,0
7089,L03568,L,301.7,310.9,1505,50.9,178,0,0,0,0,0,0
7090,L03569,L,299.4,311.4,1539,35.1,180,0,0,0,0,0,0
7091,L03570,L,302.7,312.4,1523,28.0,182,0,0,0,0,0,0
7092,H01421,H,301.8,311.0,1539,36.8,187,0,0,0,0,0,0
7093,M02102,M,300.4,310.2,1538,45.4,190,0,0,0,0,0,0
7094,L03571,L,300.5,309.5,1619,52.4,192,0,0,0,0,0,0
7095,L03572,L,299.4,309.9,1509,47.9,194,0,0,0,0,0,0
7096,M02103,M,298.2,307.6,1466,47.7,197,0,0,0,0,0,0
7097,H01422,H,302.5,312.2,1542,34.9,202,0,0,0,0,0,0
7098,L03573,L,302.6,313.6,1477,35.1,204,0,0,0,0,0,0
7099,L03574,L,298.2,308.9,1531,32.1,206,0,0,0,0,0,0
7100,H01423,H,299.7,309.7,1433,36.0,211,0,0,0,0,0,0
7101,L03575,L,299.7,309.9,1643,45.5,213,0,0,0,0,0,0
7102,L03576,L,299.9,309.9,1460,49.7,215,0,0,0,0,0,0
7103,H01424,H,300.1,309.7,1658,42.1,220,0,0,0,0,0,0
7104,M02104,M,301.9,311.9,1532,38.5,223,0,0,0,0,0,0
7105,L03577,L,298.5,309.0,1624,33.6,225,0,0,0,0,0,0
7106,L03578,L,298.3,308.2,1461,39.3,227,0,0,0,0,0,0
7107,L03579,L,302.5,312.9,1341,41.2,229,0,0,0,0,0,0
7108,L03580,L,299.1,308.2,1373,31.2,231,0,0,0,0,0,0
7109,H01425,H,297.5,306.9,1788,45.5,236,0,0,0,0,0,0
7110,L03581,L,299.0,308.3,1478,37.5,238,1,1,0,0,0,0
7111,M02105,M,299.3,308.8,1648,45.2,3,0,0,0,0,0,0
7112,H01426,H,303.1,314.4,1408,39.9,8,0,0,0,0,0,0
7113,L03582,L,301.8,312.6,1556,41.8,10,0,0,0,0,0,0
7114,L03583,L,302.3,311.2,1573,35.8,12,0,0,0,0,0,0
7115,M02106,M,301.6,312.1,1822,37.9,15,0,0,0,0,0,0
7116,H01427,H,301.9,311.5,1506,43.9,20,0,0,0,0,0,0
7117,H01428,H,298.6,307.9,1467,39.2,25,0,0,0,0,0,0
7118,L03584,L,299.6,308.1,1573,33.4,27,0,0,0,0,0,0
7119,M02107,M,298.0,309.0,1446,40.7,30,0,0,0,0,0,0
7120,M02108,M,299.6,308.2,1579,42.3,33,0,0,0,0,0,0
7121,H01429,H,301.4,311.3,1533,48.2,38,0,0,0,0,0,0
7122,L03585,L,300.3,309.3,1463,46.9,40,0,0,0,0,0,0
7123,M02109,M,302.6,313.4,1587,39.6,43,0,0,0,0,0,0
7124,H01430,H,297.7,307.4,1549,36.7,48,0,0,0,0,0,0
7125,L03586,L,301.0,310.9,1614,38.6,50,0,0,0,0,0,0
7126,L03587,L,297.5,307.4,1703,36.9,52,0,0,0,0,0,0
7127,L03588,L,300.2,310.5,1488,43.0,54,0,0,0,0,0,0
7128,L03589,L,301.5,311.5,1497,46.2,56,0,0,0,0,0,0
7129,L03590,L,299.6,309.5,1403,47.4,58,0,0,0,0,0,0
7130,H01431,H,301.1,310.6,1590,37.5,63,0,0,0,0,0,0
7131,L03591,L,298.1,306.5,1474,36.9,65,0,0,0,0,0,0
7132,L03592,L,296.7,305.6,1573,37.5,67,0,0,0,0,0,0
7133,M02110,M,301.1,311.8,1655,28.4,70,0,0,0,0,0,0
7134,L03593,L,303.5,313.2,1470,32.8,72,0,0,0,0,0,0
7135,L03594,L,298.0,307.3,1491,39.8,74,0,0,0,0,0,0
7136,M02111,M,302.4,311.0,1639,42.3,77,0,0,0,0,0,0
7137,H01432,H,300.1,308.4,1609,42.9,82,0,0,0,0,0,0
7138,M02112,M,297.3,306.6,1598,35.3,85,0,0,0,0,0,0
7139,M02113,M,297.7,308.6,1499,37.1,88,0,0,0,0,0,0
7140,L03595,L,300.0,309.5,1394,38.4,90,0,0,0,0,0,0
7141,H01433,H,299.2,309.6,1467,37.7,95,0,0,0,0,0,0
7142,L03596,L,297.4,306.8,1437,44.1,97,0,0,0,0,0,0
7143,M02114,M,296.6,307.3,1596,32.2,100,0,0,0,0,0,0
7144,L03597,L,298.3,308.0,1566,33.1,102,0,0,0,0,0,0
7145,H01434,H,300.4,309.2,1478,38.2,107,0,0,0,0,0,0
7146,M02115,M,300.0,309.7,1495,31.8,110,0,0,0,0,0,0
7147,M02116,M,299.0,310.8,1586,28.6,113,0,0,0,0,0,0
7148,L03598,L,300.4,312.2,1506,31.0,115,0,0,0,0,0,0
7149,L03599,L,302.1,312.6,1480,38.5,117,0,0,0,0,0,0
7150,M02117,M,300.8,310.7,1736,43.8,120,0,0,0,0,0,0
7151,M02118,M,299.8,310.1,1483,43.9,123,0,0,0,0,0,0
7152,L03600,L,301.9,312.2,1605,49.5,125,0,0,0,0,0,0
7153,H01435,H,298.1,308.0,1577,40.6,130,0,0,0,0,0,0
7154,H01436,H,299.6,310.0,1386,41.4,135,0,0,0,0,0,0
7155,L03601,L,299.6,309.8,1470,38.5,137,0,0,0,0,0,0
7156,H01437,H,297.5,307.2,1620,38.8,142,0,0,0,0,0,0
7157,M02119,M,299.2,308.0,1525,52.5,145,0,0,0,0,0,0
7158,L03602,L,295.9,305.4,1392,41.6,147,0,0,0,0,0,0
7159,L03603,L,303.8,314.6,1577,42.1,149,0,0,0,0,0,0
7160,M02120,M,298.1,308.1,1480,33.1,152,0,0,0,0,0,0
7161,M02121,M,303.2,313.5,1582,42.5,155,0,0,0,0,0,0
7162,L03604,L,300.1,309.8,1807,43.9,157,0,0,0,0,0,0
7163,M02122,M,301.1,310.1,1576,46.7,160,0,0,0,0,0,0
7164,M02123,M,299.0,308.8,1599,43.8,163,0,0,0,0,0,0
7165,M02124,M,300.4,309.4,1513,39.2,166,0,0,0,0,0,0
7166,L03605,L,301.3,310.2,1426,39.0,168,0,0,0,0,0,0
7167,H01438,H,301.3,312.5,1640,39.6,173,0,0,0,0,0,0
7168,L03606,L,301.5,311.1,1477,40.6,175,0,0,0,0,0,0
7169,L03607,L,299.3,308.5,1515,47.6,177,0,0,0,0,0,0
7170,L03608,L,299.0,310.7,1717,46.4,179,0,0,0,0,0,0
7171,L03609,L,296.8,307.6,1504,44.5,181,0,0,0,0,0,0
7172,H01439,H,301.0,310.7,1660,52.2,186,1,0,0,1,0,0
7173,L03610,L,302.2,312.6,1577,24.1,188,0,0,0,0,0,0
7174,M02125,M,303.2,313.0,1483,37.2,191,0,0,0,0,0,0
7175,L03611,L,300.6,309.9,1572,39.9,193,0,0,0,0,0,0
7176,L03612,L,298.5,308.9,1466,36.0,195,0,0,0,0,0,0
7177,H01440,H,296.6,306.3,1628,34.4,200,0,0,0,0,0,0
7178,M02126,M,302.1,312.2,1663,29.7,203,0,0,0,0,0,0
7179,L03613,L,296.4,307.4,1543,38.1,205,0,0,0,0,0,0
7180,M02127,M,299.3,310.2,1672,45.4,3,0,0,0,0,0,0
7181,L03614,L,299.6,309.0,1554,44.6,5,0,0,0,0,0,0
7182,L03615,L,299.9,310.3,1629,35.5,7,0,0,0,0,0,0
7183,M02128,M,300.1,308.9,1833,41.3,10,0,0,0,0,0,0
7184,M02129,M,300.3,310.7,1786,48.1,13,1,0,0,1,0,0
7185,L03616,L,295.2,305.3,1520,30.9,15,0,0,0,0,0,0
7186,H01441,H,300.0,310.4,1567,39.0,20,0,0,0,0,0,0
7187,M02130,M,295.5,305.2,1433,41.7,23,0,0,0,0,0,0
7188,L03617,L,301.5,313.5,1618,40.1,25,0,0,0,0,0,0
7189,M02131,M,298.9,308.0,1577,45.1,28,0,0,0,0,0,0
7190,M02132,M,295.7,306.7,1461,31.0,31,0,0,0,0,0,0
7191,M02133,M,298.4,307.3,1657,34.0,34,0,0,0,0,0,0
7192,L03618,L,298.9,309.4,1511,44.1,36,0,0,0,0,0,0
7193,M02134,M,302.4,313.0,1486,29.8,39,0,0,0,0,0,0
7194,L03619,L,300.4,310.4,1578,44.9,41,0,0,0,0,0,0
7195,H01442,H,300.7,310.2,1491,42.7,46,0,0,0,0,0,0
7196,M02135,M,302.4,312.5,1535,44.5,49,0,0,0,0,0,0
7197,L03620,L,299.8,310.1,1713,37.2,51,0,0,0,0,0,0
7198,M02136,M,301.5,313.3,1477,43.1,54,0,0,0,0,0,0
7199,H01443,H,301.4,310.5,1606,33.0,59,0,0,0,0,0,0
7200,H01444,H,297.4,306.9,1480,37.5,64,0,0,0,0,0,0
7201,L03621,L,302.9,313.2,1441,40.2,66,0,0,0,0,0,0
7202,L03622,L,297.2,306.9,1530,34.6,68,0,0,0,0,0,0
7203,M02137,M,301.8,311.7,1806,41.3,71,0,0,0,0,0,0
7204,L03623,L,297.0,308.0,1616,33.1,73,0,0,0,0,0,0
7205,H01445,H,301.2,308.4,1584,41.6,78,0,0,0,0,0,0
7206,L03624,L,303.7,313.1,1486,50.5,80,0,0,0,0,0,0
7207,L03625,L,299.6,307.8,1500,32.5,82,0,0,0,0,0,0
7208,L03626,L,299.5,308.3,1390,39.9,84,0,0,0,0,0,0
7209,L03627,L,301.2,313.6,1718,30.3,86,0,0,0,0,0,0
7210,M02138,M,299.3,309.9,1565,35.0,89,0,0,0,0,0,0
7211,L03628,L,303.6,314.6,1556,44.2,91,0,0,0,0,0,0
7212,L03629,L,300.4,310.3,1558,37.4,93,0,0,0,0,0,0
7213,L03630,L,299.4,310.1,1747,44.5,95,0,0,0,0,0,0
7214,M02139,M,298.9,307.2,1568,42.1,98,0,0,0,0,0,0
7215,L03631,L,298.1,309.2,1519,39.6,100,0,0,0,0,0,0
7216,M02140,M,298.7,307.9,1718,33.8,103,0,0,0,0,0,0
7217,M02141,M,299.3,308.8,1525,44.1,106,0,0,0,0,0,0
7218,M02142,M,299.0,309.5,1369,41.8,109,0,0,0,0,0,0
7219,H01446,H,298.7,309.0,1385,30.8,114,0,0,0,0,0,0
7220,H01447,H,304.2,314.3,1519,34.2,119,0,0,0,0,0,0
7221,H01448,H,297.9,306.6,1567,23.4,124,0,0,0,0,0,0
7222,L03632,L,300.3,310.4,1620,31.8,126,0,0,0,0,0,0
7223,L03633,L,301.2,312.1,1446,38.1,128,0,0,0,0,0,0
7224,L03634,L,301.3,310.7,1515,33.7,130,0,0,0,0,0,0
7225,H01449,H,299.9,311.2,1457,35.0,135,0,0,0,0,0,0
7226,H01450,H,299.5,308.6,1649,48.3,140,0,0,0,0,0,0
7227,H01451,H,300.9,310.9,1666,46.2,145,0,0,0,0,0,0
7228,L03635,L,300.5,312.1,1734,35.8,147,0,0,0,0,0,0
7229,H01452,H,299.5,308.8,1573,44.8,152,0,0,0,0,0,0
7230,L03636,L,296.9,307.9,1725,47.3,154,0,0,0,0,0,0
7231,L03637,L,299.1,311.0,1469,43.7,156,0,0,0,0,0,0
7232,L03638,L,297.7,307.9,1560,41.8,158,0,0,0,0,0,0
7233,L03639,L,298.7,308.1,1432,46.6,160,0,0,0,0,0,0
7234,M02143,M,300.1,309.3,1595,44.6,163,0,0,0,0,0,0
7235,L03640,L,300.7,312.0,1566,32.7,165,0,0,0,0,0,0
7236,L03641,L,303.6,314.8,1293,38.9,167,0,0,0,0,0,0
7237,M02144,M,298.9,310.4,1649,36.7,170,0,0,0,0,0,0
7238,H01453,H,301.5,311.5,1624,46.9,175,0,0,0,0,0,0
7239,M02145,M,300.6,311.6,1482,36.5,178,0,0,0,0,0,0
7240,L03642,L,302.6,312.5,1566,35.5,180,0,0,0,0,0,0
7241,H01454,H,301.2,310.3,1389,46.2,185,0,0,0,0,0,0
7242,H01455,H,298.0,309.1,1461,41.6,190,0,0,0,0,0,0
7243,L03643,L,296.6,308.2,1705,52.7,192,1,0,0,1,0,0
7244,M02146,M,300.6,309.6,1423,34.8,195,0,0,0,0,0,0
7245,L03644,L,298.9,307.9,1539,36.9,197,0,0,0,0,0,0
7246,L03645,L,298.0,308.1,1398,46.7,199,0,0,0,0,0,0
7247,M02147,M,297.5,308.4,1572,32.3,202,0,0,0,0,0,0
7248,H01456,H,300.3,309.2,1594,47.9,207,0,0,0,0,0,0
7249,L03646,L,303.0,313.2,1610,32.8,209,0,0,0,0,0,0
7250,H01457,H,299.2,308.6,1585,43.7,214,0,0,0,0,0,0
7251,H01458,H,301.2,311.9,1681,28.9,219,0,0,0,0,0,0
7252,H01459,H,299.8,309.0,1483,40.3,224,0,0,0,0,0,0
7253,L03647,L,297.4,308.2,1432,31.8,2,0,0,0,0,0,0
7254,H01460,H,301.5,311.3,1479,51.6,7,0,0,0,0,0,0
7255,L03648,L,297.8,306.9,1403,33.6,9,0,0,0,0,0,0
7256,M02148,M,300.0,310.1,1546,35.0,12,0,0,0,0,0,0
7257,L03649,L,299.3,307.4,1524,43.2,14,0,0,0,0,0,0
7258,L03650,L,301.8,311.2,1586,36.4,16,0,0,0,0,0,0
7259,M02149,M,297.9,308.2,1376,44.2,19,0,0,0,0,0,0
7260,L03651,L,300.8,309.0,1537,35.7,21,0,0,0,0,0,0
7261,L03652,L,298.3,305.7,1659,35.3,23,0,0,0,0,0,0
7262,L03653,L,299.0,306.6,1595,39.8,25,0,0,0,0,0,0
7263,M02150,M,292.7,304.1,1348,32.7,28,0,0,0,0,0,0
7264,L03654,L,304.2,314.1,1537,42.4,30,0,0,0,0,0,0
7265,H01461,H,301.1,310.6,1465,45.3,35,0,0,0,0,0,0
7266,L03655,L,298.5,309.4,1539,43.3,37,0,0,0,0,0,0
7267,L03656,L,297.8,307.3,1500,43.9,39,0,0,0,0,0,0
7268,L03657,L,299.0,309.3,1712,28.5,41,0,0,0,0,0,0
7269,L03658,L,301.4,311.5,1547,37.2,43,0,0,0,0,0,0
7270,L03659,L,296.2,305.7,1570,38.6,45,0,0,0,0,0,0
7271,L03660,L,299.7,310.0,1534,48.7,47,0,0,0,0,0,0
7272,H01462,H,303.5,314.3,1585,36.5,52,0,0,0,0,0,0
7273,M02151,M,297.7,307.5,1516,26.2,55,0,0,0,0,0,0
7274,L03661,L,300.2,309.7,1615,34.0,57,0,0,0,0,0,0
7275,L03662,L,304.4,314.1,1499,36.0,59,0,0,0,0,0,0
7276,H01463,H,301.3,309.0,1676,27.1,64,0,0,0,0,0,0
7277,L03663,L,300.3,310.5,1588,45.8,66,0,0,0,0,0,0
7278,L03664,L,301.0,309.8,1523,30.6,68,0,0,0,0,0,0
7279,M02152,M,299.2,309.8,1622,42.7,71,0,0,0,0,0,0
7280,M02153,M,302.6,312.5,1587,33.4,74,0,0,0,0,0,0
7281,M02154,M,299.2,309.3,1621,49.0,77,0,0,0,0,0,0
7282,L03665,L,296.1,306.8,1547,38.3,79,0,0,0,0,0,0
7283,L03666,L,299.2,308.3,1514,37.1,81,0,0,0,0,0,0
7284,M02155,M,298.1,308.4,1552,43.2,84,0,0,0,0,0,0
7285,L03667,L,299.4,309.7,1488,34.0,86,0,0,0,0,0,0
7286,M02156,M,299.5,309.3,1636,43.5,89,0,0,0,0,0,0
7287,M02157,M,302.4,311.5,1685,37.1,92,0,0,0,0,0,0
7288,L03668,L,301.4,312.0,1596,36.4,94,0,0,0,0,0,0
7289,H01464,H,300.5,311.2,1680,39.5,99,0,0,0,0,0,0
7290,H01465,H,300.0,310.1,1651,33.5,104,0,0,0,0,0,0
7291,M02158,M,297.9,306.8,1511,38.9,107,0,0,0,0,0,0
7292,L03669,L,295.6,305.1,1622,42.0,109,0,0,0,0,0,0
7293,L03670,L,300.2,310.2,1410,26.1,111,0,0,0,0,0,0
7294,L03671,L,301.6,312.3,1557,46.5,113,0,0,0,0,0,0
7295,L03672,L,299.8,308.2,1420,44.9,115,0,0,0,0,0,0
7296,H01466,H,298.9,308.4,1527,28.9,120,0,0,0,0,0,0
7297,L03673,L,300.9,310.5,1394,27.9,122,0,0,0,0,0,0
7298,L03674,L,299.8,309.8,1647,45.1,124,0,0,0,0,0,0
7299,L03675,L,303.4,312.1,1499,44.6,126,0,0,0,0,0,0
7300,M02159,M,302.5,312.2,1629,43.7,129,0,0,0,0,0,0
7301,L03676,L,301.9,311.6,1530,31.4,131,0,0,0,0,0,0
7302,L03677,L,301.5,310.5,1354,51.0,133,0,0,0,0,0,0
7303,L03678,L,297.4,307.3,1490,35.5,135,0,0,0,0,0,0
7304,H01467,H,301.3,310.8,1485,41.4,140,0,0,0,0,0,0
7305,L03679,L,300.8,311.2,1537,41.5,142,0,0,0,0,0,0
7306,H01468,H,301.2,310.3,1689,49.6,147,0,0,0,0,0,0
7307,H01469,H,301.0,311.1,1705,40.8,152,0,0,0,0,0,0
7308,L03680,L,300.9,310.1,1515,42.5,154,0,0,0,0,0,0
7309,M02160,M,305.4,314.8,1412,39.5,157,0,0,0,0,0,0
7310,L03681,L,299.8,310.1,1464,32.8,159,0,0,0,0,0,0
7311,H01470,H,301.9,312.1,1586,26.1,164,0,0,0,0,0,0
7312,M02161,M,299.1,308.6,1527,40.2,167,0,0,0,0,0,0
7313,L03682,L,301.6,311.3,1380,31.5,169,0,0,0,0,0,0
7314,L03683,L,301.9,310.4,1488,42.1,171,0,0,0,0,0,0
7315,L03684,L,300.7,312.1,1669,40.9,173,0,0,0,0,0,0
7316,H01471,H,303.3,314.0,1567,40.7,178,0,0,0,0,0,0
7317,L03685,L,298.2,308.9,1543,33.7,180,0,0,0,0,0,0
7318,M02162,M,299.0,307.4,1499,46.2,183,0,0,0,0,0,0
7319,L03686,L,300.4,309.8,1492,42.8,185,0,0,0,0,0,0
7320,H01472,H,301.8,311.4,1592,32.9,190,0,0,0,0,0,0
7321,L03687,L,300.4,308.4,1552,52.4,192,0,0,0,0,0,0
7322,M02163,M,302.6,313.5,1615,38.7,195,0,0,0,0,0,0
7323,L03688,L,298.7,310.1,1593,32.0,197,0,0,0,0,0,0
7324,M02164,M,297.7,309.8,1540,35.4,200,0,0,0,0,0,0
7325,L03689,L,300.6,309.6,1576,30.9,202,0,0,0,0,0,0
7326,L03690,L,299.8,310.0,1479,48.2,204,0,0,0,0,0,0
7327,L03691,L,301.1,312.4,1533,46.5,206,0,0,0,0,0,0
7328,M02165,M,299.9,309.7,1672,44.4,209,0,0,0,0,0,0
7329,L03692,L,299.3,308.8,1539,43.3,211,0,0,0,0,0,0
7330,M02166,M,299.9,308.0,1516,47.5,214,0,0,0,0,0,0
7331,L03693,L,300.1,311.2,1559,38.5,216,0,0,0,0,0,0
7332,H01473,H,299.4,309.4,1421,42.5,221,0,0,0,0,0,0
7333,H01474,H,299.6,308.9,1560,35.1,226,0,0,0,0,0,0
7334,M02167,M,299.2,309.5,1708,39.1,3,0,0,0,0,0,0
7335,L03694,L,301.7,311.9,1457,42.7,5,0,0,0,0,0,0
7336,L03695,L,300.4,310.6,1565,21.5,7,0,0,0,0,0,0
7337,L03696,L,304.5,314.3,1536,36.3,9,0,0,0,0,0,0
7338,L03697,L,300.3,311.9,1533,41.0,11,0,0,0,0,0,0
7339,M02168,M,298.9,308.8,1531,39.5,14,0,0,0,0,0,0
7340,M02169,M,305.3,317.0,1609,37.3,17,0,0,0,0,0,0
7341,H01475,H,300.8,311.4,1428,43.5,22,0,0,0,0,0,0
7342,L03698,L,302.0,312.3,1607,35.8,24,0,0,0,0,0,0
7343,M02170,M,301.2,311.1,1545,32.7,27,0,0,0,0,0,0
7344,L03699,L,301.2,312.2,1362,47.1,29,0,0,0,0,0,0
7345,M02171,M,301.1,311.2,1576,46.3,32,0,0,0,0,0,0
7346,L03700,L,297.8,306.9,1549,36.4,34,0,0,0,0,0,0
7347,L03701,L,300.7,309.8,1451,39.6,36,0,0,0,0,0,0
7348,L03702,L,297.4,307.8,1554,45.1,38,0,0,0,0,0,0
7349,M02172,M,299.7,308.7,1406,40.3,41,0,0,0,0,0,0
7350,H01476,H,298.5,308.5,1470,43.2,46,0,0,0,0,0,0
7351,L03703,L,300.7,311.8,1542,42.9,48,0,0,0,0,0,0
7352,L03704,L,300.7,311.0,1369,38.1,50,0,0,0,0,0,0
7353,L03705,L,301.0,310.2,1423,43.1,52,0,0,0,0,0,0
7354,M02173,M,300.6,312.0,1438,34.2,55,0,0,0,0,0,0
7355,L03706,L,298.8,309.3,1546,42.4,57,0,0,0,0,0,0
7356,M02174,M,299.5,310.5,1582,39.6,60,0,0,0,0,0,0
7357,H01477,H,301.8,309.6,1449,37.8,65,0,0,0,0,0,0
7358,H01478,H,302.1,312.5,1443,32.5,70,0,0,0,0,0,0
7359,L03707,L,297.7,308.5,1552,40.8,72,0,0,0,0,0,0
7360,H01479,H,296.9,308.6,1549,40.2,77,0,0,0,0,0,0
7361,M02175,M,298.5,307.1,1468,35.0,80,0,0,0,0,0,0
7362,L03708,L,302.1,313.3,1721,30.4,82,0,0,0,0,0,0
7363,M02176,M,302.4,314.1,1556,30.1,85,0,0,0,0,0,0
7364,H01480,H,298.2,306.1,1521,38.5,90,0,0,0,0,0,0
7365,L03709,L,300.6,311.1,1499,41.8,92,0,0,0,0,0,0
7366,L03710,L,303.7,314.3,1639,51.1,94,0,0,0,0,0,0
7367,L03711,L,300.8,310.5,1593,39.7,96,0,0,0,0,0,0
7368,M02177,M,302.8,312.4,1364,30.2,99,0,0,0,0,0,0
7369,L03712,L,302.0,312.7,1468,38.8,101,0,0,0,0,0,0
7370,H01481,H,298.2,307.6,1493,47.5,106,0,0,0,0,0,0
7371,M02178,M,299.6,309.4,1537,35.9,109,0,0,0,0,0,0
7372,M02179,M,300.1,310.9,1601,46.7,112,0,0,0,0,0,0
7373,L03713,L,300.2,312.0,1431,41.1,114,0,0,0,0,0,0
7374,M02180,M,301.8,312.4,1530,43.9,117,0,0,0,0,0,0
7375,L03714,L,300.8,311.0,1708,51.2,119,1,0,0,1,0,0
7376,L03715,L,294.1,303.6,1541,29.0,121,0,0,0,0,0,0
7377,M02181,M,297.4,306.4,1469,45.4,124,0,0,0,0,0,0
7378,L03716,L,295.6,306.7,1405,39.4,126,0,0,0,0,0,0
7379,M02182,M,300.4,310.2,1489,34.3,129,0,0,0,0,0,0
7380,L03717,L,300.5,311.6,1430,39.4,131,0,0,0,0,0,0
7381,L03718,L,300.6,310.2,1499,50.1,133,0,0,0,0,0,0
7382,L03719,L,298.1,307.4,1592,48.0,135,0,0,0,0,0,0
7383,H01482,H,301.3,311.8,1542,28.0,140,0,0,0,0,0,0
7384,M02183,M,301.4,311.4,1490,35.4,143,0,0,0,0,0,0
7385,M02184,M,297.5,306.3,1359,45.7,146,0,0,0,0,0,0
7386,L03720,L,297.1,308.9,1621,39.9,148,0,0,0,0,0,0
7387,L03721,L,300.0,309.4,1503,39.9,150,0,0,0,0,0,0
7388,H01483,H,303.6,314.5,1549,30.6,155,0,0,0,0,0,0
7389,L03722,L,303.4,314.2,1447,35.5,157,0,0,0,0,0,0
7390,L03723,L,301.1,309.9,1497,31.9,159,0,0,0,0,0,0
7391,M02185,M,298.5,307.5,1480,30.1,162,0,0,0,0,0,0
7392,L03724,L,301.8,311.5,1405,32.5,164,0,0,0,0,0,0
7393,H01484,H,299.1,308.2,1447,34.4,169,0,0,0,0,0,0
7394,M02186,M,298.5,310.2,1537,35.4,172,0,0,0,0,0,0
7395,L03725,L,295.7,305.5,1568,34.9,174,0,0,0,0,0,0
7396,L03726,L,300.2,311.1,1470,46.1,176,0,0,0,0,0,0
7397,L03727,L,298.7,309.3,1418,34.6,178,0,0,0,0,0,0
7398,H01485,H,300.2,310.5,1502,48.6,183,0,0,0,0,0,0
7399,M02187,M,295.4,305.4,1616,37.1,186,0,0,0,0,0,0
7400,L03728,L,300.3,311.6,1444,42.6,188,0,0,0,0,0,0
7401,L03729,L,295.1,304.3,1539,42.8,190,0,0,0,0,0,0
7402,M02188,M,302.2,313.9,1472,34.6,193,0,0,0,0,0,0
7403,M02189,M,301.0,309.8,1651,38.0,196,0,0,0,0,0,0
7404,L03730,L,299.4,310.2,1487,37.0,198,0,0,0,0,0,0
7405,L03731,L,301.1,309.7,1604,42.2,200,0,0,0,0,0,0
7406,L03732,L,298.0,307.7,1640,39.2,202,0,0,0,0,0,0
7407,M02190,M,300.1,310.2,1692,35.5,205,0,0,0,0,0,0
7408,H01486,H,301.6,311.1,1403,40.7,5,0,0,0,0,0,0
7409,L03733,L,293.8,303.6,1398,42.0,7,0,0,0,0,0,0
7410,M02191,M,299.1,307.7,1655,51.1,10,0,0,0,0,0,0
7411,L03734,L,300.0,309.0,1638,40.4,12,0,0,0,0,0,0
7412,L03735,L,299.6,310.1,1476,40.1,14,0,0,0,0,0,0
7413,L03736,L,302.9,312.9,1214,42.6,16,0,0,0,0,0,0
7414,H01487,H,297.8,307.1,1546,34.3,21,0,0,0,0,0,0
7415,L03737,L,298.8,310.1,1386,29.6,23,0,0,0,0,0,0
7416,M02192,M,296.2,304.9,1455,38.1,26,0,0,0,0,0,0
7417,L03738,L,303.0,312.7,1556,46.4,28,0,0,0,0,0,0
7418,L03739,L,299.5,309.0,1570,47.4,30,0,0,0,0,0,0
7419,L03740,L,299.1,309.7,1696,28.7,32,0,0,0,0,0,0
7420,M02193,M,299.9,309.9,1501,44.0,35,0,0,0,0,0,0
7421,L03741,L,301.3,311.2,1440,26.9,37,0,0,0,0,0,0
7422,M02194,M,300.7,308.9,1630,42.8,40,0,0,0,0,0,0
7423,L03742,L,305.3,316.2,1576,42.4,42,0,0,0,0,0,0
7424,L03743,L,300.9,310.7,1502,29.7,44,0,0,0,0,0,0
7425,L03744,L,299.1,309.2,1541,46.0,46,0,0,0,0,0,0
7426,L03745,L,298.9,308.1,1500,50.5,48,0,0,0,0,0,0
7427,L03746,L,299.2,308.3,1607,39.6,50,0,0,0,0,0,0
7428,L03747,L,297.0,308.5,1707,40.8,52,0,0,0,0,0,0
7429,M02195,M,300.1,308.3,1465,48.9,55,0,0,0,0,0,0
7430,M02196,M,301.6,310.5,1580,33.2,58,0,0,0,0,0,0
7431,L03748,L,298.8,310.3,1385,33.4,60,0,0,0,0,0,0
7432,L03749,L,298.4,309.0,1431,35.0,62,0,0,0,0,0,0
7433,L03750,L,303.0,312.7,1594,40.2,64,0,0,0,0,0,0
7434,L03751,L,297.1,308.4,1531,40.2,66,0,0,0,0,0,0
7435,L03752,L,295.9,306.3,1427,36.7,68,0,0,0,0,0,0
7436,H01488,H,297.7,307.9,1539,38.2,73,0,0,0,0,0,0
7437,L03753,L,296.9,307.1,1626,36.8,75,0,0,0,0,0,0
7438,L03754,L,300.8,311.2,1393,37.0,77,0,0,0,0,0,0
7439,L03755,L,299.3,309.8,1713,35.4,79,0,0,0,0,0,0
7440,L03756,L,299.6,311.8,1595,35.4,81,0,0,0,0,0,0
7441,M02197,M,302.3,312.1,1597,28.0,84,0,0,0,0,0,0
7442,L03757,L,298.6,308.5,1538,38.7,86,0,0,0,0,0,0
7443,L03758,L,301.6,310.3,1713,28.3,88,0,0,0,0,0,0
7444,M02198,M,303.0,313.0,1634,44.5,91,0,0,0,0,0,0
7445,L03759,L,299.1,311.0,1501,36.6,93,0,0,0,0,0,0
7446,M02199,M,301.5,312.5,1614,39.3,96,0,0,0,0,0,0
7447,M02200,M,299.5,309.0,1465,37.8,99,0,0,0,0,0,0
7448,L03760,L,301.8,311.9,1510,38.5,101,0,0,0,0,0,0
7449,M02201,M,296.9,305.6,1685,47.6,104,0,0,0,0,0,0
7450,L03761,L,296.7,305.7,1577,31.9,106,0,0,0,0,0,0
7451,M02202,M,299.2,309.4,1604,30.3,109,0,0,0,0,0,0
7452,L03762,L,298.2,307.7,1655,40.7,111,0,0,0,0,0,0
7453,L03763,L,299.0,307.9,1593,37.0,113,0,0,0,0,0,0
7454,M02203,M,299.6,310.1,1457,42.2,116,0,0,0,0,0,0
7455,H01489,H,301.4,311.4,1704,44.3,121,0,0,0,0,0,0
7456,H01490,H,299.2,307.6,1590,33.4,126,0,0,0,0,0,0
7457,M02204,M,298.4,306.3,1597,43.6,129,0,0,0,0,0,0
7458,L03764,L,299.3,308.7,1544,33.9,131,0,0,0,0,0,0
7459,L03765,L,298.5,306.9,1649,40.4,133,0,0,0,0,0,0
7460,L03766,L,298.1,306.3,1729,32.6,135,0,0,0,0,0,0
7461,L03767,L,296.8,307.9,1500,40.8,137,0,0,0,0,0,0
7462,L03768,L,300.1,310.0,1645,39.9,139,0,0,0,0,0,0
7463,H01491,H,298.9,308.6,1541,33.4,144,0,0,0,0,0,0
7464,L03769,L,301.9,311.7,1338,31.8,146,0,0,0,0,0,0
7465,L03770,L,297.1,306.0,1398,44.5,148,0,0,0,0,0,0
7466,L03771,L,298.9,309.3,1580,37.3,150,0,0,0,0,0,0
7467,H01492,H,303.6,313.5,1639,46.1,155,0,0,0,0,0,0
7468,M02205,M,298.1,307.4,1599,36.7,158,0,0,0,0,0,0
7469,M02206,M,299.5,308.9,1615,47.8,161,0,0,0,0,0,0
7470,L03772,L,297.6,306.3,1797,34.3,163,0,0,0,0,0,0
7471,H01493,H,297.3,306.9,1591,48.8,168,0,0,0,0,0,0
7472,L03773,L,303.1,312.9,1512,41.0,170,0,0,0,0,0,0
7473,H01494,H,300.3,309.9,1525,42.4,175,0,0,0,0,0,0
7474,M02207,M,300.3,310.3,1702,34.0,178,0,0,0,0,0,0
7475,L03774,L,296.6,306.5,1411,44.4,180,0,0,0,0,0,0
7476,L03775,L,300.7,310.9,1662,44.6,182,0,0,0,0,0,0
7477,M02208,M,302.3,313.3,1540,38.1,185,0,0,0,0,0,0
7478,L03776,L,302.3,312.9,1455,27.2,187,0,0,0,0,0,0
7479,H01495,H,301.3,312.3,1393,33.3,192,0,0,0,0,0,0
7480,L03777,L,297.7,306.9,1686,33.3,194,0,0,0,0,0,0
7481,L03778,L,300.6,310.1,1452,42.7,196,0,0,0,0,0,0
7482,L03779,L,301.3,312.0,1544,37.2,198,0,0,0,0,0,0
7483,L03780,L,296.4,307.1,1441,37.3,200,0,0,0,0,0,0
7484,L03781,L,297.8,307.1,1735,36.6,202,0,0,0,0,0,0
7485,L03782,L,301.8,312.4,1548,48.8,204,0,0,0,0,0,0
7486,M02209,M,301.8,310.8,1403,40.3,207,0,0,0,0,0,0
7487,L03783,L,296.9,307.4,1495,41.2,209,0,0,0,0,0,0
7488,H01496,H,301.6,311.6,1677,36.3,214,0,0,0,0,0,0
7489,M02210,M,300.2,308.8,1440,39.8,217,0,0,0,0,0,0
7490,H01497,H,301.6,311.1,1502,34.1,222,0,0,0,0,0,0
7491,L03784,L,298.7,310.9,1657,42.1,224,0,0,0,0,0,0
7492,L03785,L,301.3,311.5,1572,33.1,226,0,0,0,0,0,0
7493,L03786,L,301.7,314.0,1416,44.5,228,0,0,0,0,0,0
7494,M02211,M,299.3,307.9,1560,35.6,231,0,0,0,0,0,0
7495,H01498,H,300.0,310.8,1523,45.7,236,0,0,0,0,0,0
7496,L03787,L,298.7,306.2,1543,51.4,238,1,0,0,0,1,0
7497,L03788,L,303.3,313.3,1633,40.0,240,1,1,0,0,0,0
7498,H01499,H,299.8,310.4,1562,47.9,5,0,0,0,0,0,0
7499,L03789,L,298.2,309.0,1529,44.5,7,0,0,0,0,0,0
7500,M02212,M,298.6,307.8,1524,31.4,10,0,0,0,0,0,0
7501,M02213,M,300.3,311.3,1646,40.7,13,0,0,0,0,0,0
7502,H01500,H,301.5,311.0,1466,43.0,18,0,0,0,0,0,0
7503,L03790,L,297.3,307.2,1321,43.6,20,0,0,0,0,0,0
7504,L03791,L,303.7,313.3,1515,41.1,22,0,0,0,0,0,0
7505,M02214,M,300.6,309.5,1576,41.0,25,0,0,0,0,0,0
7506,H01501,H,300.9,312.5,1496,40.0,30,0,0,0,0,0,0
7507,L03792,L,299.8,309.9,1485,40.8,32,0,0,0,0,0,0
7508,L03793,L,300.0,311.1,1502,32.7,34,0,0,0,0,0,0
7509,M02215,M,299.7,310.7,1536,38.6,37,0,0,0,0,0,0
7510,H01502,H,302.0,311.1,1408,31.3,42,0,0,0,0,0,0
7511,H01503,H,300.0,311.2,1604,37.0,47,0,0,0,0,0,0
7512,H01504,H,301.5,312.0,1272,36.5,52,0,0,0,0,0,0
7513,L03794,L,299.1,308.1,1592,36.1,54,0,0,0,0,0,0
7514,L03795,L,300.4,310.8,1569,33.7,56,0,0,0,0,0,0
7515,M02216,M,298.4,307.4,1588,41.6,59,0,0,0,0,0,0
7516,H01505,H,302.4,314.0,1345,38.1,64,0,0,0,0,0,0
7517,L03796,L,298.3,309.1,1567,37.5,66,0,0,0,0,0,0
7518,L03797,L,299.4,309.3,1484,31.6,68,0,0,0,0,0,0
7519,M02217,M,299.4,310.6,1698,38.2,71,0,0,0,0,0,0
7520,L03798,L,299.3,307.7,1574,46.9,73,0,0,0,0,0,0
7521,L03799,L,301.4,310.7,1420,47.0,75,0,0,0,0,0,0
7522,M02218,M,299.4,309.1,1369,42.2,78,0,0,0,0,0,0
7523,M02219,M,302.8,315.0,1477,38.2,81,0,0,0,0,0,0
7524,M02220,M,298.4,307.3,1619,43.4,84,0,0,0,0,0,0
7525,L03800,L,300.3,308.6,1653,36.0,86,0,0,0,0,0,0
7526,M02221,M,298.4,307.0,1556,38.2,89,0,0,0,0,0,0
7527,M02222,M,300.8,311.7,1546,35.5,92,0,0,0,0,0,0
7528,M02223,M,300.0,309.4,1505,45.5,95,0,0,0,0,0,0
7529,M02224,M,299.7,309.5,1536,44.7,98,0,0,0,0,0,0
7530,L03801,L,302.4,313.1,1660,39.8,100,0,0,0,0,0,0
7531,L03802,L,298.7,308.5,1503,50.4,102,0,0,0,0,0,0
7532,L03803,L,301.2,311.4,1604,42.5,104,0,0,0,0,0,0
7533,L03804,L,298.5,309.0,1485,42.1,106,0,0,0,0,0,0
7534,M02225,M,300.2,309.8,1639,41.5,109,0,0,0,0,0,0
7535,H01506,H,297.6,307.4,1596,32.4,114,0,0,0,0,0,0
7536,M02226,M,298.7,308.9,1635,34.6,117,0,0,0,0,0,0
7537,M02227,M,299.8,310.7,1726,39.7,120,0,0,0,0,0,0
7538,L03805,L,303.6,312.8,1280,39.7,122,0,0,0,0,0,0
7539,L03806,L,300.2,307.2,1613,43.5,124,0,0,0,0,0,0
7540,L03807,L,303.3,314.0,1585,36.0,126,0,0,0,0,0,0
7541,L03808,L,300.4,311.4,1583,40.4,128,0,0,0,0,0,0
7542,L03809,L,299.2,309.4,1562,40.5,130,0,0,0,0,0,0
7543,M02228,M,303.1,313.3,1562,40.8,133,0,0,0,0,0,0
7544,H01507,H,300.9,310.3,1572,40.1,138,0,0,0,0,0,0
7545,L03810,L,298.7,309.2,1629,31.6,140,0,0,0,0,0,0
7546,L03811,L,300.9,311.8,1621,26.4,142,0,0,0,0,0,0
7547,M02229,M,299.4,309.5,1536,34.3,145,0,0,0,0,0,0
7548,L03812,L,296.0,308.5,1519,36.8,147,0,0,0,0,0,0
7549,H01508,H,301.9,310.3,1540,32.9,152,0,0,0,0,0,0
7550,M02230,M,302.2,312.4,1497,39.7,155,0,0,0,0,0,0
7551,H01509,H,303.7,312.5,1716,46.5,160,0,0,0,0,0,0
7552,L03813,L,300.8,311.7,1411,44.4,162,0,0,0,0,0,0
7553,M02231,M,299.5,307.9,1613,42.8,165,0,0,0,0,0,0
7554,L03814,L,301.7,310.3,1612,45.9,167,0,0,0,0,0,0
7555,M02232,M,301.7,311.1,1485,34.5,170,0,0,0,0,0,0
7556,L03815,L,303.3,313.5,1568,37.3,172,0,0,0,0,0,0
7557,L03816,L,299.9,309.3,1664,43.7,174,0,0,0,0,0,0
7558,M02233,M,299.7,309.1,1505,37.2,177,0,0,0,0,0,0
7559,M02234,M,298.6,308.4,1669,37.5,180,0,0,0,0,0,0
7560,H01510,H,301.1,310.8,1650,51.2,185,0,0,0,0,0,0
7561,M02235,M,296.9,308.4,1467,40.6,188,0,0,0,0,0,0
7562,M02236,M,301.6,312.2,1427,50.6,191,0,0,0,0,0,0
7563,L03817,L,301.2,310.9,1555,29.1,193,0,0,0,0,0,0
7564,M02237,M,301.2,313.3,1414,36.2,196,0,0,0,0,0,0
7565,M02238,M,300.3,310.8,1248,42.5,199,0,0,0,0,0,0
7566,H01511,H,303.1,312.1,1489,40.6,204,0,0,0,0,0,0
7567,H01512,H,301.7,312.0,1755,27.7,209,0,0,0,0,0,0
7568,L03818,L,298.8,309.3,1493,38.6,211,0,0,0,0,0,0
7569,H01513,H,298.8,308.1,1576,54.8,216,1,0,0,1,0,0
7570,L03819,L,298.2,307.2,1608,41.5,2,0,0,0,0,0,0
7571,L03820,L,301.1,311.2,1534,43.6,4,0,0,0,0,0,0
7572,M02239,M,298.0,307.6,1505,36.1,7,0,0,0,0,0,0
7573,L03821,L,302.2,313.6,1661,41.5,9,0,0,0,0,0,0
7574,M02240,M,302.6,313.4,1542,39.9,12,0,0,0,0,0,0
7575,L03822,L,298.2,307.6,1529,46.7,14,0,0,0,0,0,0
7576,L03823,L,299.6,310.1,1618,46.5,16,0,0,0,0,0,0
7577,M02241,M,300.0,311.3,1435,42.4,19,0,0,0,0,0,0
7578,M02242,M,301.8,310.4,1412,40.4,22,0,0,0,0,0,0
7579,H01514,H,303.2,312.2,1376,29.9,27,0,0,0,0,0,0
7580,M02243,M,296.6,306.6,1595,29.7,30,0,0,0,0,0,0
7581,M02244,M,299.4,309.4,1522,40.5,33,0,0,0,0,0,0
7582,L03824,L,299.5,309.4,1621,45.2,35,0,0,0,0,0,0
7583,L03825,L,297.2,306.9,1543,48.0,37,0,0,0,0,0,0
7584,L03826,L,299.0,308.7,1401,34.7,39,0,0,0,0,0,0
7585,M02245,M,300.9,311.2,1502,30.9,42,0,0,0,0,0,0
7586,M02246,M,299.4,310.6,1628,45.6,45,0,0,0,0,0,0
7587,L03827,L,296.9,306.4,1512,35.1,47,0,0,0,0,0,0
7588,M02247,M,305.7,318.2,1657,30.5,50,0,0,0,0,0,0
7589,M02248,M,300.5,312.5,1493,37.0,53,0,0,0,0,0,0
7590,L03828,L,300.2,311.6,1610,36.9,55,0,0,0,0,0,0
7591,L03829,L,297.8,308.4,1360,47.9,57,0,0,0,0,0,0
7592,H01515,H,300.5,312.5,1515,45.2,62,0,0,0,0,0,0
7593,M02249,M,299.7,309.4,1499,35.6,65,0,0,0,0,0,0
7594,H01516,H,296.2,305.4,1398,48.4,70,0,0,0,0,0,0
7595,L03830,L,297.9,307.3,1649,40.8,72,0,0,0,0,0,0
7596,H01517,H,301.6,310.6,1474,46.4,77,0,0,0,0,0,0
7597,L03831,L,303.9,314.0,1464,48.0,79,0,0,0,0,0,0
7598,L03832,L,300.7,311.0,1668,38.4,81,0,0,0,0,0,0
7599,H01518,H,302.2,312.4,1554,43.4,86,0,0,0,0,0,0
7600,L03833,L,299.7,309.7,1616,37.6,88,0,0,0,0,0,0
7601,M02250,M,299.8,310.0,1368,45.6,91,0,0,0,0,0,0
7602,L03834,L,302.2,313.9,1458,40.5,93,0,0,0,0,0,0
7603,M02251,M,303.3,313.9,1747,45.8,96,0,0,0,0,0,0
7604,H01519,H,302.6,313.5,1623,49.1,101,0,0,0,0,0,0
7605,L03835,L,297.9,308.1,1431,43.3,103,0,0,0,0,0,0
7606,M02252,M,299.9,308.3,1561,39.4,106,0,0,0,0,0,0
7607,L03836,L,300.6,308.7,1438,39.5,108,0,0,0,0,0,0
7608,M02253,M,299.5,311.6,1677,22.3,111,0,0,0,0,0,0
7609,L03837,L,300.8,310.2,1311,35.7,113,0,0,0,0,0,0
7610,L03838,L,301.6,311.0,1566,45.6,115,0,0,0,0,0,0
7611,L03839,L,302.0,312.3,1564,45.8,117,0,0,0,0,0,0
7612,L03840,L,303.4,313.9,1427,35.6,119,0,0,0,0,0,0
7613,H01520,H,299.3,310.0,1511,41.0,124,0,0,0,0,0,0
7614,L03841,L,297.3,309.0,1576,38.9,126,0,0,0,0,0,0
7615,L03842,L,300.7,312.2,1360,44.1,128,0,0,0,0,0,0
7616,L03843,L,303.8,313.0,1410,53.3,130,0,0,0,0,0,0
7617,L03844,L,299.0,310.0,1522,44.3,132,0,0,0,0,0,0
7618,M02254,M,301.4,311.0,1455,36.0,135,0,0,0,0,0,0
7619,H01521,H,301.4,311.3,1492,39.5,140,0,0,0,0,0,0
7620,L03845,L,300.4,309.3,1536,48.4,142,0,0,0,0,0,0
7621,H01522,H,300.0,308.3,1447,31.5,147,0,0,0,0,0,0
7622,M02255,M,298.2,308.1,1535,36.3,150,0,0,0,0,0,0
7623,L03846,L,295.4,304.5,1568,44.3,152,0,0,0,0,0,0
7624,M02256,M,297.8,308.7,1616,47.8,155,0,0,0,0,0,0
7625,M02257,M,299.2,308.9,1413,43.7,158,0,0,0,0,0,0
7626,M02258,M,302.2,312.5,1475,36.4,161,0,0,0,0,0,0
7627,H01523,H,299.8,311.2,1597,43.2,166,0,0,0,0,0,0
7628,L03847,L,299.0,307.5,1390,42.5,168,0,0,0,0,0,0
7629,H01524,H,298.2,307.5,1549,42.1,173,0,0,0,0,0,0
7630,M02259,M,301.3,311.5,1541,39.4,176,0,0,0,0,0,0
7631,L03848,L,302.7,313.0,1279,40.3,178,0,0,0,0,0,0
7632,M02260,M,302.1,313.2,1489,34.6,181,0,0,0,0,0,0
7633,L03849,L,301.2,312.1,1571,54.9,183,1,0,0,1,0,0
7634,H01525,H,297.0,307.1,1517,40.9,188,0,0,0,0,0,0
7635,M02261,M,299.3,309.6,1491,43.3,191,0,0,0,0,0,0
7636,L03850,L,303.9,314.2,1554,38.7,193,0,0,0,0,0,0
7637,L03851,L,302.2,310.8,1637,45.1,195,0,0,0,0,0,0
7638,M02262,M,296.9,306.8,1592,32.2,198,0,0,0,0,0,0
7639,L03852,L,299.9,310.1,1462,29.5,200,0,0,0,0,0,0
7640,L03853,L,300.7,311.2,1392,39.8,202,0,0,0,0,0,0
7641,L03854,L,298.5,307.6,1590,52.3,204,0,0,0,0,0,0
7642,L03855,L,295.4,304.1,1420,47.2,206,0,0,0,0,0,0
7643,L03856,L,300.2,310.0,1485,35.1,208,0,0,0,0,0,0
7644,L03857,L,298.4,310.4,1558,43.1,210,0,0,0,0,0,0
7645,L03858,L,298.4,307.6,1653,36.2,212,0,0,0,0,0,0
7646,M02263,M,299.3,310.5,1667,42.6,215,0,0,0,0,0,0
7647,M02264,M,299.7,311.3,1544,43.0,218,0,0,0,0,0,0
7648,L03859,L,300.0,310.0,1487,45.6,220,0,0,0,0,0,0
7649,L03860,L,298.2,307.6,1418,30.6,222,0,0,0,0,0,0
7650,M02265,M,299.6,310.1,1734,32.4,225,0,0,0,0,0,0
7651,L03861,L,296.5,306.7,1509,39.5,227,0,0,0,0,0,0
7652,L03862,L,300.6,309.8,1606,33.8,229,0,0,0,0,0,0
7653,L03863,L,294.3,303.6,1558,33.3,231,0,0,0,0,0,0
7654,H01526,H,299.4,309.9,1488,41.6,236,0,0,0,0,0,0
7655,M02266,M,301.8,312.8,1484,34.5,3,0,0,0,0,0,0
7656,M02267,M,297.9,307.6,1400,53.5,6,0,0,0,0,0,0
7657,M02268,M,301.4,311.4,1650,36.8,9,0,0,0,0,0,0
7658,M02269,M,302.3,313.0,1526,38.4,12,0,0,0,0,0,0
7659,L03864,L,293.4,303.2,1681,41.8,14,0,0,0,0,0,0
7660,M02270,M,299.7,309.4,1493,31.0,17,0,0,0,0,0,0
7661,L03865,L,294.2,303.5,1508,43.1,19,0,0,0,0,0,0
7662,M02271,M,299.8,309.0,1425,42.0,22,0,0,0,0,0,0
7663,M02272,M,300.0,312.7,1507,37.9,25,0,0,0,0,0,0
7664,M02273,M,295.0,304.8,1414,41.6,28,0,0,0,0,0,0
7665,L03866,L,303.8,315.2,1578,42.6,30,0,0,0,0,0,0
7666,L03867,L,300.6,312.3,1549,48.6,32,0,0,0,0,0,0
7667,M02274,M,298.3,308.1,1685,55.0,35,1,0,0,1,0,0
7668,M02275,M,302.9,313.3,1392,33.6,38,0,0,0,0,0,0
7669,H01527,H,296.4,306.5,1660,32.2,43,0,0,0,0,0,0
7670,L03868,L,297.5,305.9,1440,40.6,45,0,0,0,0,0,0
7671,M02276,M,295.4,303.8,1572,27.5,48,0,0,0,0,0,0
7672,M02277,M,303.6,313.7,1423,43.9,51,0,0,0,0,0,0
7673,H01528,H,300.7,310.2,1558,40.7,56,0,0,0,0,0,0
7674,M02278,M,301.3,313.2,1287,42.2,59,0,0,0,0,0,0
7675,M02279,M,300.6,310.4,1471,38.2,62,0,0,0,0,0,0
7676,M02280,M,301.1,313.1,1549,41.5,65,0,0,0,0,0,0
7677,M02281,M,300.2,309.7,1714,42.8,68,0,0,0,0,0,0
7678,H01529,H,300.5,312.5,1325,41.2,73,0,0,0,0,0,0
7679,L03869,L,300.2,310.7,1538,31.9,75,0,0,0,0,0,0
7680,L03870,L,298.8,309.3,1486,41.0,77,0,0,0,0,0,0
7681,H01530,H,299.9,309.4,1346,51.1,82,0,0,0,0,0,0
7682,M02282,M,300.5,311.1,1426,41.4,85,0,0,0,0,0,0
7683,M02283,M,300.2,311.9,1491,40.8,88,0,0,0,0,0,0
7684,L03871,L,297.0,306.9,1585,49.4,90,0,0,0,0,0,0
7685,L03872,L,297.3,307.0,1547,35.5,92,0,0,0,0,0,0
7686,M02284,M,302.2,311.9,1407,45.3,95,0,0,0,0,0,0
7687,M02285,M,299.4,311.0,1355,36.8,98,0,0,0,0,0,0
7688,L03873,L,301.2,312.0,1580,46.5,100,0,0,0,0,0,0
7689,L03874,L,297.8,309.3,1518,44.8,102,0,0,0,0,0,0
7690,H01531,H,297.1,307.4,1699,37.5,107,0,0,0,0,0,0
7691,L03875,L,298.3,308.4,1503,38.4,109,0,0,0,0,0,0
7692,H01532,H,299.6,310.0,1652,45.9,114,0,0,0,0,0,0
7693,L03876,L,298.7,309.7,1592,28.9,116,0,0,0,0,0,0
7694,M02286,M,302.6,312.3,1620,37.3,119,0,0,0,0,0,0
7695,H01533,H,300.4,311.7,1581,43.7,124,0,0,0,0,0,0
7696,M02287,M,303.7,314.1,1583,38.2,127,0,0,0,0,0,0
7697,L03877,L,300.8,308.4,1309,40.8,129,1,0,1,0,0,0
7698,M02288,M,295.2,306.1,1514,27.8,132,0,0,0,0,0,0
7699,L03878,L,302.1,310.8,1472,34.9,134,0,0,0,0,0,0
7700,L03879,L,297.0,307.8,1665,44.1,136,0,0,0,0,0,0
7701,H01534,H,300.5,311.4,1438,35.5,141,0,0,0,0,0,0
7702,M02289,M,298.5,308.8,1510,32.2,144,0,0,0,0,0,0
7703,M02290,M,304.3,314.8,1618,46.4,147,0,0,0,0,0,0
7704,L03880,L,302.9,314.0,1568,43.1,149,0,0,0,0,0,0
7705,L03881,L,298.5,308.0,1555,33.5,151,0,0,0,0,0,0
7706,L03882,L,299.7,310.5,1649,40.8,153,0,0,0,0,0,0
7707,M02291,M,300.5,311.7,1564,33.7,156,0,0,0,0,0,0
7708,M02292,M,301.7,313.5,1484,39.1,159,0,0,0,0,0,0
7709,M02293,M,300.1,309.0,1408,41.1,162,0,0,0,0,0,0
7710,H01535,H,298.0,308.4,1587,35.1,167,0,0,0,0,0,0
7711,L03883,L,298.6,307.6,1461,44.5,169,0,0,0,0,0,0
7712,L03884,L,300.0,309.0,1514,45.4,171,0,0,0,0,0,0
7713,L03885,L,302.5,312.8,1646,41.6,173,0,0,0,0,0,0
7714,L03886,L,300.9,310.9,1516,42.5,175,0,0,0,0,0,0
7715,L03887,L,298.5,309.6,1494,31.3,177,0,0,0,0,0,0
7716,H01536,H,301.3,311.0,1510,48.2,182,0,0,0,0,0,0
7717,L03888,L,299.2,309.1,1513,39.5,184,0,0,0,0,0,0
7718,H01537,H,301.8,312.0,1439,34.4,189,0,0,0,0,0,0
7719,L03889,L,305.1,314.2,1706,40.9,191,0,0,0,0,0,0
7720,H01538,H,299.3,308.6,1483,44.5,196,0,0,0,0,0,0
7721,M02294,M,301.6,312.7,1616,43.1,199,0,0,0,0,0,0
7722,H01539,H,298.5,308.0,1436,33.5,204,0,0,0,0,0,0
7723,L03890,L,299.8,311.0,1593,44.5,206,0,0,0,0,0,0
7724,M02295,M,300.1,310.7,1555,39.6,209,0,0,0,0,0,0
7725,H01540,H,299.6,308.1,1541,43.0,214,0,0,0,0,0,0
7726,L03891,L,304.9,315.5,1555,35.2,216,0,0,0,0,0,0
7727,L03892,L,299.4,309.9,1580,46.3,218,0,0,0,0,0,0
7728,L03893,L,301.2,311.6,1515,41.1,220,0,0,0,0,0,0
7729,H01541,H,296.1,306.0,1520,47.1,5,0,0,0,0,0,0
7730,M02296,M,300.9,309.9,1596,30.8,8,0,0,0,0,0,0
7731,M02297,M,302.3,313.6,1424,31.6,11,0,0,0,0,0,0
7732,L03894,L,298.9,308.8,1408,38.6,13,0,0,0,0,0,0
7733,L03895,L,295.0,304.1,1556,48.8,15,0,0,0,0,0,0
7734,H01542,H,299.9,310.4,1337,51.8,20,0,0,0,0,0,0
7735,L03896,L,300.0,309.3,1370,34.7,22,0,0,0,0,0,0
7736,M02298,M,301.4,310.5,1719,40.3,25,0,0,0,0,0,0
7737,H01543,H,304.0,313.6,1693,40.9,30,0,0,0,0,0,0
7738,L03897,L,299.2,308.6,1481,44.3,32,0,0,0,0,0,0
7739,M02299,M,298.3,307.4,1638,45.3,35,0,0,0,0,0,0
7740,L03898,L,297.7,308.5,1641,33.3,37,0,0,0,0,0,0
7741,M02300,M,300.4,310.3,1585,40.4,40,0,0,0,0,0,0
7742,L03899,L,301.0,312.2,1530,27.9,42,0,0,0,0,0,0
7743,M02301,M,298.9,308.1,1601,44.9,45,0,0,0,0,0,0
7744,L03900,L,301.6,309.8,1618,38.0,47,0,0,0,0,0,0
7745,L03901,L,300.9,311.1,1602,32.8,49,0,0,0,0,0,0
7746,M02302,M,300.1,311.9,1383,42.0,52,0,0,0,0,0,0
7747,L03902,L,298.2,308.7,1741,37.8,54,0,0,0,0,0,0
7748,M02303,M,299.0,312.3,1778,47.6,57,0,0,0,0,0,0
7749,L03903,L,295.1,305.5,1347,34.6,59,0,0,0,0,0,0
7750,M02304,M,300.5,310.7,1589,53.3,62,0,0,0,0,0,0
7751,L03904,L,300.1,307.9,1743,45.1,64,0,0,0,0,0,0
7752,M02305,M,300.4,310.8,1638,47.7,67,0,0,0,0,0,0
7753,L03905,L,301.0,311.2,1639,33.8,69,0,0,0,0,0,0
7754,L03906,L,300.8,310.4,1394,50.7,71,0,0,0,0,0,0
7755,L03907,L,299.8,309.6,1617,32.7,73,0,0,0,0,0,0
7756,M02306,M,300.1,310.0,1562,38.7,76,0,0,0,0,0,0
7757,L03908,L,297.2,307.0,1616,47.8,78,0,0,0,0,0,0
7758,H01544,H,298.8,310.9,1434,43.0,83,0,0,0,0,0,0
7759,H01545,H,300.1,309.7,1431,32.6,88,0,0,0,0,0,0
7760,L03909,L,298.5,308.7,1524,46.8,90,0,0,0,0,0,0
7761,M02307,M,301.7,311.3,1500,42.0,93,0,0,0,0,0,0
7762,L03910,L,298.7,309.5,1522,37.5,95,0,0,0,0,0,0
7763,L03911,L,300.4,310.6,1490,30.7,97,0,0,0,0,0,0
7764,M02308,M,300.2,310.0,1518,42.6,100,0,0,0,0,0,0
7765,M02309,M,301.5,309.6,1471,39.0,103,0,0,0,0,0,0
7766,M02310,M,301.8,312.0,1533,40.9,106,0,0,0,0,0,0
7767,L03912,L,301.4,311.1,1396,30.5,108,0,0,0,0,0,0
7768,L03913,L,295.8,305.7,1589,37.5,110,0,0,0,0,0,0
7769,L03914,L,302.4,311.2,1564,42.9,112,0,0,0,0,0,0
7770,M02311,M,303.1,314.5,1412,51.3,115,0,0,0,0,0,0
7771,M02312,M,299.0,309.9,1671,38.8,118,0,0,0,0,0,0
7772,M02313,M,300.5,311.9,1455,48.7,121,0,0,0,0,0,0
7773,L03915,L,298.2,309.4,1657,44.7,123,0,0,0,0,0,0
7774,L03916,L,296.1,306.7,1571,41.4,125,0,0,0,0,0,0
7775,L03917,L,298.5,307.4,1638,33.9,127,0,0,0,0,0,0
7776,L03918,L,298.9,310.8,1556,34.2,129,0,0,0,0,0,0
7777,L03919,L,299.3,308.4,1595,43.7,131,0,0,0,0,0,0
7778,H01546,H,298.1,307.8,1637,36.8,136,0,0,0,0,0,0
7779,H01547,H,298.5,309.2,1729,36.3,141,0,0,0,0,0,0
7780,M02314,M,300.0,310.7,1645,38.9,144,0,0,0,0,0,0
7781,L03920,L,298.5,309.0,1583,39.0,146,0,0,0,0,0,0
7782,L03921,L,301.1,310.7,1403,45.4,148,0,0,0,0,0,0
7783,H01548,H,301.4,310.8,1296,37.0,153,0,0,0,0,0,0
7784,L03922,L,304.8,317.3,1525,44.8,155,0,0,0,0,0,0
7785,H01549,H,302.3,312.2,1467,42.6,160,0,0,0,0,0,0
7786,L03923,L,300.5,310.3,1470,30.0,162,0,0,0,0,0,0
7787,L03924,L,298.8,308.0,1530,41.8,164,0,0,0,0,0,0
7788,H01550,H,300.6,310.8,1604,24.0,169,0,0,0,0,0,0
7789,L03925,L,300.7,310.9,1476,34.6,171,0,0,0,0,0,0
7790,M02315,M,299.0,309.0,1628,42.8,174,0,0,0,0,0,0
7791,M02316,M,301.6,311.9,1541,39.9,177,0,0,0,0,0,0
7792,L03926,L,297.2,309.0,1542,29.4,179,0,0,0,0,0,0
7793,L03927,L,299.5,308.9,1725,33.3,181,0,0,0,0,0,0
7794,M02317,M,301.1,311.2,1556,24.3,184,0,0,0,0,0,0
7795,M02318,M,299.4,308.8,1533,31.9,187,0,0,0,0,0,0
7796,L03928,L,299.6,309.9,1590,43.5,189,0,0,0,0,0,0
7797,H01551,H,299.7,309.2,1718,36.7,194,0,0,0,0,0,0
7798,L03929,L,298.3,307.8,1533,41.0,196,0,0,0,0,0,0
7799,L03930,L,302.3,310.9,1582,40.1,198,0,0,0,0,0,0
7800,L03931,L,298.0,308.1,1527,40.2,200,0,0,0,0,0,0
7801,L03932,L,300.6,311.1,1528,46.1,202,0,0,0,0,0,0
7802,L03933,L,300.8,312.7,1489,38.8,204,0,0,0,0,0,0
7803,H01552,H,298.1,308.6,1482,45.5,209,0,0,0,0,0,0
7804,L03934,L,300.1,309.7,1708,25.1,2,0,0,0,0,0,0
7805,L03935,L,298.2,306.8,1483,46.7,4,0,0,0,0,0,0
7806,L03936,L,302.8,311.6,1384,32.3,6,0,0,0,0,0,0
7807,M02319,M,297.7,306.4,1551,33.6,9,0,0,0,0,0,0
7808,H01553,H,298.7,310.6,1640,35.8,14,0,0,0,0,0,0
7809,L03937,L,297.6,307.8,1662,46.5,16,0,0,0,0,0,0
7810,L03938,L,297.3,306.7,1419,34.7,18,0,0,0,0,0,0
7811,L03939,L,303.2,312.2,1649,36.1,20,0,0,0,0,0,0
7812,L03940,L,301.1,310.2,1744,34.2,22,0,0,0,0,0,0
7813,L03941,L,300.3,309.7,1470,41.5,24,0,0,0,0,0,0
7814,L03942,L,298.7,310.0,1521,44.5,26,0,0,0,0,0,0
7815,L03943,L,301.8,311.8,1415,50.2,28,0,0,0,0,0,0
7816,M02320,M,298.4,306.9,1723,54.4,31,1,0,0,1,0,0
7817,L03944,L,301.6,313.9,1389,43.9,33,0,0,0,0,0,0
7818,H01554,H,298.3,307.1,1498,42.2,38,0,0,0,0,0,0
7819,H01555,H,298.7,308.1,1616,32.7,43,0,0,0,0,0,0
7820,M02321,M,301.5,312.8,1470,51.5,46,0,0,0,0,0,0
7821,L03945,L,301.7,312.1,1439,41.3,48,0,0,0,0,0,0
7822,L03946,L,301.2,310.7,1533,38.3,50,0,0,0,0,0,0
7823,L03947,L,297.9,306.7,1777,42.3,52,0,0,0,0,0,0
7824,M02322,M,299.1,308.1,1512,36.2,55,0,0,0,0,0,0
7825,L03948,L,300.3,309.4,1517,26.0,57,0,0,0,0,0,0
7826,H01556,H,298.3,308.3,1426,43.4,62,0,0,0,0,0,0
7827,H01557,H,302.7,312.9,1577,48.1,67,0,0,0,0,0,0
7828,L03949,L,295.2,305.0,1626,43.3,69,0,0,0,0,0,0
7829,M02323,M,298.4,308.4,1477,40.0,72,0,0,0,0,0,0
7830,L03950,L,299.0,307.9,1592,40.1,74,0,0,0,0,0,0
7831,L03951,L,294.3,304.6,1478,41.0,76,0,0,0,0,0,0
7832,L03952,L,297.2,308.5,1349,40.8,78,0,0,0,0,0,0
7833,L03953,L,301.3,311.1,1584,39.6,80,0,0,0,0,0,0
7834,H01558,H,300.1,309.9,1745,40.2,85,0,0,0,0,0,0
7835,L03954,L,303.1,313.2,1418,49.3,87,0,0,0,0,0,0
7836,L03955,L,303.1,314.2,1556,42.8,89,0,0,0,0,0,0
7837,M02324,M,300.9,310.0,1669,40.6,92,0,0,0,0,0,0
7838,M02325,M,300.6,312.1,1528,44.0,95,0,0,0,0,0,0
7839,L03956,L,300.1,310.6,1395,44.0,97,0,0,0,0,0,0
7840,H01559,H,294.7,304.7,1542,45.7,102,0,0,0,0,0,0
7841,M02326,M,297.2,308.4,1687,35.5,105,0,0,0,0,0,0
7842,L03957,L,300.2,309.0,1487,37.1,107,0,0,0,0,0,0
7843,L03958,L,301.2,311.8,1561,35.1,109,0,0,0,0,0,0
7844,L03959,L,300.6,311.0,1433,44.6,111,0,0,0,0,0,0
7845,H01560,H,298.2,307.3,1528,44.3,116,0,0,0,0,0,0
7846,M02327,M,301.9,312.3,1577,32.4,119,0,0,0,0,0,0
7847,H01561,H,303.0,313.2,1551,42.3,124,0,0,0,0,0,0
7848,L03960,L,301.9,311.7,1495,48.2,126,0,0,0,0,0,0
7849,L03961,L,302.0,312.8,1582,38.6,128,0,0,0,0,0,0
7850,L03962,L,298.9,308.3,1605,41.9,130,0,0,0,0,0,0
7851,L03963,L,302.2,312.4,1612,44.4,132,0,0,0,0,0,0
7852,M02328,M,300.3,310.2,1509,32.1,135,0,0,0,0,0,0
7853,M02329,M,301.0,310.4,1476,40.9,138,0,0,0,0,0,0
7854,L03964,L,300.7,311.2,1734,47.6,140,0,0,0,0,0,0
7855,L03965,L,299.8,309.5,1552,36.4,142,0,0,0,0,0,0
7856,L03966,L,298.3,306.8,1512,45.0,144,0,0,0,0,0,0
7857,L03967,L,299.8,308.0,1390,40.2,146,0,0,0,0,0,0
7858,L03968,L,302.0,312.8,1445,36.0,148,0,0,0,0,0,0
7859,L03969,L,299.1,307.9,1474,39.4,150,0,0,0,0,0,0
7860,L03970,L,301.8,312.1,1582,36.8,152,0,0,0,0,0,0
7861,L03971,L,301.5,311.5,1502,34.7,154,0,0,0,0,0,0
7862,L03972,L,299.4,309.0,1540,38.5,156,0,0,0,0,0,0
7863,L03973,L,302.8,314.7,1395,40.4,158,0,0,0,0,0,0
7864,M02330,M,299.3,309.5,1678,39.0,161,0,0,0,0,0,0
7865,L03974,L,303.0,313.8,1464,38.4,163,0,0,0,0,0,0
7866,H01562,H,300.9,311.2,1562,41.4,168,0,0,0,0,0,0
7867,L03975,L,300.0,309.7,1485,43.2,170,0,0,0,0,0,0
7868,L03976,L,298.2,308.2,1506,33.1,172,0,0,0,0,0,0
7869,L03977,L,299.8,311.3,1459,38.5,174,0,0,0,0,0,0
7870,L03978,L,299.6,310.7,1568,28.2,176,0,0,0,0,0,0
7871,H01563,H,297.5,309.4,1440,39.0,181,0,0,0,0,0,0
7872,L03979,L,299.6,309.8,1569,40.9,183,0,0,0,0,0,0
7873,H01564,H,298.4,307.5,1526,43.4,188,0,0,0,0,0,0
7874,H01565,H,301.2,310.7,1601,40.9,193,0,0,0,0,0,0
7875,M02331,M,302.6,311.4,1611,43.3,196,0,0,0,0,0,0
7876,M02332,M,297.5,308.3,1506,40.4,199,0,0,0,0,0,0
7877,M02333,M,303.4,312.8,1575,35.9,202,0,0,0,0,0,0
7878,L03980,L,299.7,306.7,1493,33.3,204,0,0,0,0,0,0
7879,M02334,M,298.0,310.5,1670,38.4,207,0,0,0,0,0,0
7880,L03981,L,301.5,310.9,1502,35.4,209,0,0,0,0,0,0
7881,L03982,L,299.1,308.5,1518,39.3,211,0,0,0,0,0,0
7882,L03983,L,299.8,311.5,1491,37.0,213,0,0,0,0,0,0
7883,M02335,M,299.2,308.0,1465,42.5,216,0,0,0,0,0,0
7884,H01566,H,298.4,309.5,1741,40.3,221,0,0,0,0,0,0
7885,L03984,L,301.4,310.9,1587,42.7,223,0,0,0,0,0,0
7886,H01567,H,299.4,308.1,1545,42.7,228,0,0,0,0,0,0
7887,L03985,L,297.1,308.8,1490,38.9,230,0,0,0,0,0,0
7888,L03986,L,301.1,312.0,1649,39.3,232,0,0,0,0,0,0
7889,L03987,L,297.6,308.5,1483,43.0,234,0,0,0,0,0,0
7890,L03988,L,297.7,308.1,1550,54.7,236,1,0,0,0,1,0
7891,L03989,L,302.4,313.0,1758,34.1,2,0,0,0,0,0,0
7892,M02336,M,297.6,306.4,1442,40.3,5,0,0,0,0,0,0
7893,H01568,H,295.4,305.5,1592,32.8,10,0,0,0,0,0,0
7894,L03990,L,301.2,310.3,1567,39.9,12,0,0,0,0,0,0
7895,L03991,L,299.4,308.0,1591,36.0,14,0,0,0,0,0,0
7896,H01569,H,299.6,310.0,1510,39.3,19,0,0,0,0,0,0
7897,M02337,M,299.4,310.5,1479,40.9,22,0,0,0,0,0,0
7898,L03992,L,300.5,310.1,1561,37.1,24,0,0,0,0,0,0
7899,L03993,L,298.5,308.3,1492,29.3,26,0,0,0,0,0,0
7900,H01570,H,303.0,311.8,1305,48.6,31,0,0,0,0,0,0
7901,M02338,M,297.0,307.1,1456,45.0,34,0,0,0,0,0,0
7902,L03994,L,300.9,311.6,1506,39.2,36,0,0,0,0,0,0
7903,L03995,L,301.3,312.1,1430,34.6,38,0,0,0,0,0,0
7904,H01571,H,298.5,309.0,1553,40.5,43,0,0,0,0,0,0
7905,L03996,L,298.0,307.3,1462,42.2,45,0,0,0,0,0,0
7906,H01572,H,302.0,311.4,1534,44.6,50,0,0,0,0,0,0
7907,L03997,L,298.0,308.8,1755,45.2,52,0,0,0,0,0,0
7908,M02339,M,298.8,309.6,1661,46.3,55,0,0,0,0,0,0
7909,L03998,L,301.8,311.6,1597,29.6,57,0,0,0,0,0,0
7910,L03999,L,300.1,309.6,1719,38.2,59,0,0,0,0,0,0
7911,H01573,H,296.4,307.6,1531,46.0,64,0,0,0,0,0,0
7912,L04000,L,303.5,313.1,1532,34.5,66,0,0,0,0,0,0
7913,M02340,M,298.9,309.7,1432,47.3,69,0,0,0,0,0,0
7914,L04001,L,299.2,309.1,1666,50.9,71,0,0,0,0,0,0
7915,L04002,L,300.5,309.5,1734,47.1,73,0,0,0,0,0,0
7916,L04003,L,301.3,312.9,1629,44.0,75,0,0,0,0,0,0
7917,M02341,M,303.9,314.0,1680,37.3,78,0,0,0,0,0,0
7918,L04004,L,296.7,306.0,1264,41.7,80,0,0,0,0,0,0
7919,L04005,L,301.7,310.3,1772,31.9,82,0,0,0,0,0,0
7920,L04006,L,301.5,310.2,1528,35.3,84,0,0,0,0,0,0
7921,M02342,M,299.7,309.4,1774,35.7,87,0,0,0,0,0,0
7922,M02343,M,301.6,313.5,1711,40.4,90,0,0,0,0,0,0
7923,L04007,L,301.9,311.3,1615,37.6,92,0,0,0,0,0,0
7924,L04008,L,297.2,308.7,1504,41.6,94,0,0,0,0,0,0
7925,H01574,H,303.5,313.4,1554,45.3,99,0,0,0,0,0,0
7926,L04009,L,296.9,305.7,1347,35.7,101,0,0,0,0,0,0
7927,H01575,H,297.7,307.3,1631,40.9,106,0,0,0,0,0,0
7928,H01576,H,299.5,308.2,1282,37.5,111,0,0,0,0,0,0
7929,M02344,M,303.8,313.0,1508,41.1,114,0,0,0,0,0,0
7930,L04010,L,299.4,308.5,1692,44.1,116,0,0,0,0,0,0
7931,H01577,H,299.9,308.0,1610,45.5,121,0,0,0,0,0,0
7932,M02345,M,302.9,314.4,1385,44.0,124,0,0,0,0,0,0
7933,M02346,M,299.4,309.6,1404,42.5,127,0,0,0,0,0,0
7934,L04011,L,297.6,307.0,1478,31.5,129,0,0,0,0,0,0
7935,L04012,L,299.2,309.4,1546,33.5,131,0,0,0,0,0,0
7936,L04013,L,302.7,311.9,1626,35.1,133,0,0,0,0,0,0
7937,M02347,M,300.1,307.5,1598,42.2,136,0,0,0,0,0,0
7938,M02348,M,303.9,316.8,1432,32.3,139,0,0,0,0,0,0
7939,L04014,L,301.5,311.7,1600,42.0,141,0,0,0,0,0,0
7940,L04015,L,298.7,308.1,1611,41.6,143,0,0,0,0,0,0
7941,L04016,L,300.1,308.2,1587,28.4,145,0,0,0,0,0,0
7942,M02349,M,298.3,306.8,1786,33.5,148,0,0,0,0,0,0
7943,H01578,H,298.7,310.3,1611,46.3,153,0,0,0,0,0,0
7944,L04017,L,309.0,320.5,1635,44.2,155,0,0,0,0,0,0
7945,L04018,L,302.0,312.8,1726,34.9,157,0,0,0,0,0,0
7946,L04019,L,301.7,310.6,1623,33.8,159,0,0,0,0,0,0
7947,M02350,M,298.8,310.3,1483,25.3,162,0,0,0,0,0,0
7948,M02351,M,303.1,313.6,1662,48.8,165,0,0,0,0,0,0
7949,H01579,H,302.2,312.9,1498,40.2,170,0,0,0,0,0,0
7950,L04020,L,303.8,314.2,1440,51.3,172,0,0,0,0,0,0
7951,H01580,H,303.7,312.2,1448,38.8,177,0,0,0,0,0,0
7952,L04021,L,297.0,305.8,1661,41.7,179,0,0,0,0,0,0
7953,M02352,M,297.8,307.3,1600,45.3,182,0,0,0,0,0,0
7954,L04022,L,298.0,308.6,1644,49.8,184,0,0,0,0,0,0
7955,H01581,H,298.1,306.7,1601,43.0,189,0,0,0,0,0,0
7956,M02353,M,300.6,310.5,1557,40.0,192,0,0,0,0,0,0
7957,M02354,M,298.9,308.7,1570,40.2,195,0,0,0,0,0,0
7958,H01582,H,304.1,314.9,1597,33.7,200,0,0,0,0,0,0
7959,L04023,L,303.8,314.5,1478,37.7,202,0,0,0,0,0,0
7960,L04024,L,300.0,309.0,1409,40.3,204,0,0,0,0,0,0
7961,H01583,H,303.9,315.4,1489,48.3,209,0,0,0,0,0,0
7962,L04025,L,303.0,311.8,1592,37.4,211,0,0,0,0,0,0
7963,L04026,L,299.1,310.2,1473,46.4,2,0,0,0,0,0,0
7964,L04027,L,296.0,305.4,1751,39.5,4,0,0,0,0,0,0
7965,M02355,M,299.6,309.7,1582,47.5,7,0,0,0,0,0,0
7966,L04028,L,298.7,308.9,1550,44.1,9,0,0,0,0,0,0
7967,L04029,L,300.4,310.6,1477,43.7,11,0,0,0,0,0,0
7968,L04030,L,300.2,310.9,1630,45.9,13,0,0,0,0,0,0
7969,L04031,L,300.1,310.5,1417,45.0,15,0,0,0,0,0,0
7970,H01584,H,301.0,311.8,1570,46.4,20,0,0,0,0,0,0
7971,H01585,H,297.6,308.0,1494,52.8,25,0,0,0,0,0,0
7972,M02356,M,300.8,309.6,1550,49.7,28,0,0,0,0,0,0
7973,L04032,L,299.1,309.4,1587,42.8,30,0,0,0,0,0,0
7974,H01586,H,300.4,309.8,1423,37.3,35,0,0,0,0,0,0
7975,M02357,M,301.9,310.8,1371,42.2,38,0,0,0,0,0,0
7976,L04033,L,297.6,307.3,1445,28.4,40,0,0,0,0,0,0
7977,H01587,H,299.4,309.6,1626,45.0,45,0,0,0,0,0,0
7978,M02358,M,299.8,310.0,1575,33.6,48,0,0,0,0,0,0
7979,M02359,M,299.0,310.0,1498,46.7,51,0,0,0,0,0,0
7980,M02360,M,301.8,313.1,1735,51.9,54,1,0,0,1,0,0
7981,L04034,L,298.6,308.9,1667,31.3,56,0,0,0,0,0,0
7982,L04035,L,298.9,309.4,1642,39.7,58,0,0,0,0,0,0
7983,M02361,M,298.6,308.7,1466,33.6,61,0,0,0,0,0,0
7984,L04036,L,302.2,313.0,1641,29.6,63,0,0,0,0,0,0
7985,L04037,L,299.0,309.5,1572,39.4,65,0,0,0,0,0,0
7986,M02362,M,300.9,310.9,1466,43.8,68,0,0,0,0,0,0
7987,M02363,M,304.0,316.1,1528,44.5,71,0,0,0,0,0,0
7988,L04038,L,299.9,309.3,1434,40.9,73,0,0,0,0,0,0
7989,M02364,M,302.2,313.7,1467,30.0,76,0,0,0,0,0,0
7990,H01588,H,303.3,312.0,1424,40.7,81,0,0,0,0,0,0
7991,M02365,M,302.1,312.9,1634,31.0,84,0,0,0,0,0,0
7992,L04039,L,300.0,311.4,1531,31.4,86,0,0,0,0,0,0
7993,L04040,L,301.3,309.4,1444,34.0,88,0,0,0,0,0,0
7994,L04041,L,297.4,307.6,1590,46.3,90,0,0,0,0,0,0
7995,L04042,L,298.4,309.2,1538,43.3,92,0,0,0,0,0,0
7996,L04043,L,298.8,309.0,1643,41.9,94,0,0,0,0,0,0
7997,L04044,L,304.5,314.9,1551,34.8,96,0,0,0,0,0,0
7998,L04045,L,298.4,308.5,1394,37.7,98,0,0,0,0,0,0
7999,H01589,H,298.3,307.3,1488,31.8,103,0,0,0,0,0,0
8000,L04046,L,297.9,310.3,1422,48.2,105,0,0,0,0,0,0
8001,M02366,M,301.1,310.6,1594,53.2,108,0,0,0,0,0,0
8002,M02367,M,300.3,310.7,1646,43.3,111,0,0,0,0,0,0
8003,L04047,L,302.2,311.5,1384,44.4,113,0,0,0,0,0,0
8004,H01590,H,301.3,309.1,1526,39.0,118,0,0,0,0,0,0
8005,M02368,M,297.2,306.3,1653,30.3,121,0,0,0,0,0,0
8006,L04048,L,298.4,306.9,1382,34.9,123,0,0,0,0,0,0
8007,M02369,M,302.7,313.8,1494,37.2,126,0,0,0,0,0,0
8008,L04049,L,299.6,309.0,1538,37.7,128,0,0,0,0,0,0
8009,M02370,M,302.4,311.9,1645,36.3,131,0,0,0,0,0,0
8010,L04050,L,299.7,308.6,1592,40.3,133,0,0,0,0,0,0
8011,H01591,H,298.1,308.2,1613,34.9,138,0,0,0,0,0,0
8012,L04051,L,299.4,308.7,1598,53.0,140,0,0,0,0,0,0
8013,M02371,M,298.1,309.1,1501,31.8,143,0,0,0,0,0,0
8014,L04052,L,298.9,309.2,1702,45.3,145,0,0,0,0,0,0
8015,M02372,M,300.4,309.8,1471,38.4,148,0,0,0,0,0,0
8016,M02373,M,301.0,311.9,1260,42.8,151,0,0,0,0,0,0
8017,L04053,L,296.8,306.8,1358,43.0,153,0,0,0,0,0,0
8018,M02374,M,300.0,310.0,1526,40.9,156,0,0,0,0,0,0
8019,L04054,L,298.8,307.4,1505,33.2,158,0,0,0,0,0,0
8020,H01592,H,298.7,308.6,1484,38.0,163,0,0,0,0,0,0
8021,L04055,L,300.3,310.6,1553,41.0,165,0,0,0,0,0,0
8022,H01593,H,298.9,310.2,1658,40.6,170,0,0,0,0,0,0
8023,H01594,H,302.8,312.0,1583,33.9,175,0,0,0,0,0,0
8024,L04056,L,302.4,314.7,1603,47.7,177,0,0,0,0,0,0
8025,L04057,L,302.4,312.9,1430,25.0,179,0,0,0,0,0,0
8026,L04058,L,299.0,307.5,1486,38.5,181,0,0,0,0,0,0
8027,H01595,H,298.1,307.2,1608,34.5,186,0,0,0,0,0,0
8028,L04059,L,300.2,311.6,1549,41.1,188,0,0,0,0,0,0
8029,M02375,M,299.7,310.9,1586,46.1,191,0,0,0,0,0,0
8030,H01596,H,298.8,308.8,1599,31.6,196,0,0,0,0,0,0
8031,L04060,L,297.6,307.8,1555,54.1,198,0,0,0,0,0,0
8032,M02376,M,299.9,308.8,1696,41.2,201,0,0,0,0,0,0
8033,L04061,L,299.2,310.5,1485,42.3,203,0,0,0,0,0,0
8034,L04062,L,301.4,310.4,1456,31.4,205,0,0,0,0,0,0
8035,M02377,M,301.3,312.2,1362,39.7,208,0,0,0,0,0,0
8036,L04063,L,302.2,313.6,1613,45.8,210,0,0,0,0,0,0
8037,L04064,L,297.5,307.5,1481,41.3,212,0,0,0,0,0,0
8038,H01597,H,300.8,311.8,1665,40.8,217,0,0,0,0,0,0
8039,L04065,L,298.5,310.4,1563,39.7,219,0,0,0,0,0,0
8040,H01598,H,297.6,307.8,1504,31.7,224,0,0,0,0,0,0
8041,H01599,H,299.1,309.0,1433,31.7,229,0,0,0,0,0,0
8042,L04066,L,302.1,312.1,1623,47.0,231,0,0,0,0,0,0
8043,L04067,L,299.3,308.5,1533,45.3,233,0,0,0,0,0,0
8044,M02378,M,303.1,312.4,1565,46.2,236,0,0,0,0,0,0
8045,L04068,L,301.1,311.5,1598,35.1,238,0,0,0,0,0,0
8046,L04069,L,299.2,309.0,1565,39.1,240,0,0,0,0,0,0
8047,M02379,M,302.3,312.6,1453,47.4,3,0,0,0,0,0,0
8048,L04070,L,300.9,309.4,1590,32.6,5,0,0,0,0,0,0
8049,H01600,H,298.1,308.0,1620,46.8,10,0,0,0,0,0,0
8050,L04071,L,303.7,314.7,1574,36.5,12,0,0,0,0,0,0
8051,L04072,L,300.5,309.4,1601,34.9,14,0,0,0,0,0,0
8052,L04073,L,300.0,310.1,1611,39.8,16,0,0,0,0,0,0
8053,H01601,H,298.3,306.4,1498,33.3,21,0,0,0,0,0,0
8054,M02380,M,302.4,311.1,1495,28.6,24,0,0,0,0,0,0
8055,H01602,H,301.0,311.8,1761,40.5,29,0,0,0,0,0,0
8056,L04074,L,301.3,310.9,1671,43.2,31,0,0,0,0,0,0
8057,L04075,L,299.0,310.8,1533,47.3,33,0,0,0,0,0,0
8058,L04076,L,301.7,312.1,1606,43.6,35,0,0,0,0,0,0
8059,L04077,L,301.8,312.4,1444,51.8,37,0,0,0,0,0,0
8060,M02381,M,298.7,307.6,1478,48.2,40,0,0,0,0,0,0
8061,M02382,M,297.2,306.8,1413,44.4,43,0,0,0,0,0,0
8062,L04078,L,301.2,310.4,1567,42.8,45,0,0,0,0,0,0
8063,H01603,H,296.9,305.8,1568,47.4,50,0,0,0,0,0,0
8064,L04079,L,300.3,311.0,1646,26.7,52,0,0,0,0,0,0
8065,H01604,H,299.1,310.0,1517,37.1,57,0,0,0,0,0,0
8066,L04080,L,302.4,312.8,1645,28.8,59,0,0,0,0,0,0
8067,L04081,L,299.2,308.4,1603,44.0,61,0,0,0,0,0,0
8068,L04082,L,302.2,312.5,1784,35.5,63,0,0,0,0,0,0
8069,L04083,L,299.0,307.1,1705,58.1,65,1,0,0,1,0,0
8070,M02383,M,302.0,313.3,1687,36.9,68,0,0,0,0,0,0
8071,L04084,L,304.1,312.8,1622,40.6,70,0,0,0,0,0,0
8072,L04085,L,297.9,306.7,1449,37.6,72,0,0,0,0,0,0
8073,M02384,M,300.6,310.7,1567,37.1,75,0,0,0,0,0,0
8074,M02385,M,305.5,315.7,1763,32.5,78,0,0,0,0,0,0
8075,H01605,H,300.1,310.1,1589,32.3,83,0,0,0,0,0,0
8076,L04086,L,300.1,309.0,1456,26.9,85,0,0,0,0,0,0
8077,M02386,M,301.6,312.7,1572,43.3,88,0,0,0,0,0,0
8078,M02387,M,300.1,308.4,1439,37.5,91,0,0,0,0,0,0
8079,L04087,L,296.6,305.1,1452,51.6,93,0,0,0,0,0,0
8080,L04088,L,302.3,312.2,1579,32.5,95,0,0,0,0,0,0
8081,L04089,L,296.0,304.7,1612,48.9,97,0,0,0,0,0,0
8082,L04090,L,299.2,310.4,1458,49.4,99,0,0,0,0,0,0
8083,L04091,L,302.4,311.2,1482,47.7,101,0,0,0,0,0,0
8084,L04092,L,299.3,310.8,1395,41.4,103,0,0,0,0,0,0
8085,M02388,M,298.6,309.6,1525,38.0,106,0,0,0,0,0,0
8086,M02389,M,301.8,313.0,1343,47.7,109,0,0,0,0,0,0
8087,H01606,H,298.3,310.2,1508,35.3,114,0,0,0,0,0,0
8088,M02390,M,297.6,307.6,1546,41.6,117,0,0,0,0,0,0
8089,L04093,L,300.5,309.5,1362,39.7,119,0,0,0,0,0,0
8090,H01607,H,299.6,309.5,1437,34.7,124,0,0,0,0,0,0
8091,H01608,H,297.5,306.9,1532,41.7,129,0,0,0,0,0,0
8092,L04094,L,301.3,310.6,1518,44.5,131,0,0,0,0,0,0
8093,M02391,M,300.9,311.1,1523,34.4,134,0,0,0,0,0,0
8094,H01609,H,299.3,309.0,1567,42.8,139,0,0,0,0,0,0
8095,M02392,M,299.4,308.7,1371,26.6,142,0,0,0,0,0,0
8096,H01610,H,300.9,310.7,1609,33.7,147,0,0,0,0,0,0
8097,L04095,L,302.4,312.9,1506,37.3,149,0,0,0,0,0,0
8098,L04096,L,299.4,310.4,1478,42.1,151,0,0,0,0,0,0
8099,L04097,L,301.3,309.7,1352,45.2,153,1,0,1,0,0,0
8100,M02393,M,301.1,310.8,1511,40.5,156,0,0,0,0,0,0
8101,H01611,H,301.8,311.6,1589,43.4,161,0,0,0,0,0,0
8102,H01612,H,300.1,308.9,1552,39.0,166,0,0,0,0,0,0
8103,L04098,L,298.2,308.1,1555,42.4,168,0,0,0,0,0,0
8104,L04099,L,299.1,309.2,1504,42.1,170,0,0,0,0,0,0
8105,H01613,H,300.7,311.2,1532,36.9,175,0,0,0,0,0,0
8106,M02394,M,303.6,313.7,1427,37.9,178,0,0,0,0,0,0
8107,L04100,L,299.0,308.2,1538,43.6,180,0,0,0,0,0,0
8108,L04101,L,301.6,313.6,1489,50.9,182,0,0,0,0,0,0
8109,M02395,M,299.3,310.2,1426,47.2,185,0,0,0,0,0,0
8110,M02396,M,300.2,310.8,1613,33.2,188,0,0,0,0,0,0
8111,L04102,L,303.0,314.0,1380,33.2,190,0,0,0,0,0,0
8112,L04103,L,301.5,311.8,1590,36.8,192,0,0,0,0,0,0
8113,H01614,H,297.5,308.8,1597,40.6,197,0,0,0,0,0,0
8114,M02397,M,298.9,308.9,1485,40.3,200,0,0,0,0,0,0
8115,L04104,L,302.5,312.5,1641,47.4,202,0,0,0,0,0,0
8116,L04105,L,300.3,310.9,1483,47.8,204,0,0,0,0,0,0
8117,M02398,M,297.7,309.3,1477,40.0,207,0,0,0,0,0,0
8118,L04106,L,298.4,309.9,1418,38.6,209,0,0,0,0,0,0
8119,L04107,L,301.4,312.0,1537,43.1,211,0,0,0,0,0,0
8120,M02399,M,302.0,312.5,1442,46.4,3,0,0,0,0,0,0
8121,L04108,L,300.0,310.7,1459,43.3,5,0,0,0,0,0,0
8122,M02400,M,305.0,315.9,1531,37.4,8,0,0,0,0,0,0
8123,L04109,L,301.6,312.9,1536,36.3,10,0,0,0,0,0,0
8124,M02401,M,299.5,309.3,1664,33.3,13,0,0,0,0,0,0
8125,L04110,L,298.4,309.7,1631,41.2,15,0,0,0,0,0,0
8126,L04111,L,298.1,308.4,1593,43.7,17,0,0,0,0,0,0
8127,L04112,L,300.7,311.3,1523,44.4,19,0,0,0,0,0,0
8128,H01615,H,299.0,310.4,1498,46.9,24,0,0,0,0,0,0
8129,H01616,H,303.3,314.1,1535,48.9,29,0,0,0,0,0,0
8130,L04113,L,302.9,313.8,1482,31.8,31,0,0,0,0,0,0
8131,M02402,M,301.3,310.9,1468,42.4,34,0,0,0,0,0,0
8132,M02403,M,297.6,309.1,1530,42.6,37,0,0,0,0,0,0
8133,H01617,H,298.7,309.4,1450,39.6,42,0,0,0,0,0,0
8134,L04114,L,302.5,312.6,1456,35.0,44,0,0,0,0,0,0
8135,M02404,M,298.9,310.0,1633,48.7,47,0,0,0,0,0,0
8136,L04115,L,302.2,314.8,1400,36.5,49,0,0,0,0,0,0
8137,L04116,L,300.9,309.8,1434,26.8,51,0,0,0,0,0,0
8138,H01618,H,300.1,309.3,1665,40.1,56,0,0,0,0,0,0
8139,M02405,M,298.6,311.3,1499,38.6,59,0,0,0,0,0,0
8140,L04117,L,299.8,310.2,1676,51.1,61,0,0,0,0,0,0
8141,L04118,L,300.4,310.6,1421,42.9,63,0,0,0,0,0,0
8142,M02406,M,302.1,311.9,1545,38.2,66,0,0,0,0,0,0
8143,M02407,M,298.2,309.4,1615,38.8,69,0,0,0,0,0,0
8144,L04119,L,299.5,312.1,1447,38.7,71,0,0,0,0,0,0
8145,H01619,H,300.1,309.4,1705,53.3,76,1,0,0,1,0,0
8146,L04120,L,301.3,311.2,1499,44.1,78,0,0,0,0,0,0
8147,L04121,L,298.2,307.8,1589,31.6,80,0,0,0,0,0,0
8148,H01620,H,297.4,308.1,1470,38.5,85,0,0,0,0,0,0
8149,L04122,L,301.3,312.6,1687,39.9,87,0,0,0,0,0,0
8150,L04123,L,297.0,308.6,1568,33.4,89,0,0,0,0,0,0
8151,M02408,M,302.6,313.3,1748,29.3,92,0,0,0,0,0,0
8152,H01621,H,299.7,312.2,1656,43.6,97,0,0,0,0,0,0
8153,L04124,L,296.9,306.3,1622,35.2,99,0,0,0,0,0,0
8154,H01622,H,299.0,308.2,1442,47.5,104,0,0,0,0,0,0
8155,M02409,M,300.8,312.2,1546,40.0,107,0,0,0,0,0,0
8156,L04125,L,298.9,309.1,1506,37.2,109,0,0,0,0,0,0
8157,M02410,M,300.0,308.7,1541,25.5,112,0,0,0,0,0,0
8158,L04126,L,301.5,311.2,1553,47.3,114,0,0,0,0,0,0
8159,L04127,L,299.6,309.9,1448,41.8,116,0,0,0,0,0,0
8160,M02411,M,298.1,307.5,1522,37.3,119,0,0,0,0,0,0
8161,H01623,H,299.4,308.4,1528,34.7,124,0,0,0,0,0,0
8162,L04128,L,302.8,312.6,1437,49.6,126,0,0,0,0,0,0
8163,L04129,L,303.4,312.3,1618,33.6,128,0,0,0,0,0,0
8164,L04130,L,296.0,306.6,1560,37.8,130,0,0,0,0,0,0
8165,L04131,L,302.2,310.2,1619,43.4,132,0,0,0,0,0,0
8166,L04132,L,300.5,310.6,1587,48.7,134,0,0,0,0,0,0
8167,L04133,L,301.8,312.4,1367,38.7,136,0,0,0,0,0,0
8168,M02412,M,298.9,308.8,1455,35.6,139,0,0,0,0,0,0
8169,L04134,L,296.5,307.6,1703,39.4,141,0,0,0,0,0,0
8170,L04135,L,301.2,309.8,1617,45.4,143,0,0,0,0,0,0
8171,H01624,H,298.1,307.4,1376,46.8,148,0,0,0,0,0,0
8172,H01625,H,297.2,306.9,1585,31.7,153,0,0,0,0,0,0
8173,L04136,L,297.4,308.1,1455,40.7,155,0,0,0,0,0,0
8174,L04137,L,301.2,311.4,1328,31.4,157,0,0,0,0,0,0
8175,M02413,M,300.3,312.4,1704,45.3,160,0,0,0,0,0,0
8176,L04138,L,301.6,310.8,1546,42.5,162,0,0,0,0,0,0
8177,L04139,L,301.3,309.9,1560,34.5,164,0,0,0,0,0,0
8178,M02414,M,299.2,310.9,1412,49.2,167,0,0,0,0,0,0
8179,L04140,L,299.9,308.4,1423,42.0,169,0,0,0,0,0,0
8180,L04141,L,299.0,309.7,1379,41.4,171,0,0,0,0,0,0
8181,L04142,L,299.6,308.6,1680,38.9,173,0,0,0,0,0,0
8182,L04143,L,298.1,306.0,1374,40.0,175,1,0,1,0,0,0
8183,L04144,L,300.8,310.4,1700,37.7,177,0,0,0,0,0,0
8184,H01626,H,302.2,313.0,1439,35.6,182,0,0,0,0,0,0
8185,L04145,L,298.4,307.1,1415,47.4,184,0,0,0,0,0,0
8186,L04146,L,302.6,313.1,1532,37.0,186,0,0,0,0,0,0
8187,L04147,L,300.2,311.0,1470,36.8,188,0,0,0,0,0,0
8188,H01627,H,300.5,309.2,1548,39.2,193,0,0,0,0,0,0
8189,M02415,M,296.6,306.4,1450,48.5,196,0,0,0,0,0,0
8190,L04148,L,296.4,308.0,1507,46.8,198,0,0,0,0,0,0
8191,H01628,H,300.3,310.9,1462,37.6,203,0,0,0,0,0,0
8192,L04149,L,301.6,311.3,1624,47.4,205,0,0,0,0,0,0
8193,L04150,L,298.7,309.1,1589,40.6,207,0,0,0,0,0,0
8194,L04151,L,303.3,312.7,1563,34.9,209,0,0,0,0,0,0
8195,L04152,L,301.5,312.6,1643,37.1,211,0,0,0,0,0,0
8196,L04153,L,298.2,309.3,1564,48.2,213,0,0,0,0,0,0
8197,M02416,M,300.1,310.2,1556,52.5,216,0,0,0,0,0,0
8198,L04154,L,305.0,315.2,1526,41.9,218,0,0,0,0,0,0
8199,M02417,M,297.5,306.5,1466,36.6,221,0,0,0,0,0,0
8200,L04155,L,301.1,309.7,1467,39.3,223,0,0,0,0,0,0
8201,L04156,L,299.4,309.0,1553,35.4,2,0,0,0,0,0,0
8202,L04157,L,301.4,311.3,1640,36.3,4,0,0,0,0,0,0
8203,H01629,H,302.5,313.6,1595,35.7,9,0,0,0,0,0,0
8204,L04158,L,299.2,310.1,1594,39.5,11,0,0,0,0,0,0
8205,M02418,M,302.2,312.4,1427,40.7,14,0,0,0,0,0,0
8206,L04159,L,304.4,315.6,1590,39.1,16,0,0,0,0,0,0
8207,L04160,L,300.1,309.2,1498,38.7,18,0,0,0,0,0,0
8208,L04161,L,301.6,312.6,1556,44.6,20,0,0,0,0,0,0
8209,L04162,L,298.8,308.0,1593,38.6,22,0,0,0,0,0,0
8210,L04163,L,300.0,311.3,1422,39.0,24,0,0,0,0,0,0
8211,L04164,L,299.6,309.6,1554,38.9,26,0,0,0,0,0,0
8212,M02419,M,301.6,309.6,1562,49.3,29,0,0,0,0,0,0
8213,L04165,L,302.4,313.1,1638,37.1,31,0,0,0,0,0,0
8214,M02420,M,299.8,310.6,1486,43.6,34,0,0,0,0,0,0
8215,L04166,L,303.1,312.6,1532,35.5,36,0,0,0,0,0,0
8216,M02421,M,303.1,312.7,1555,42.1,39,0,0,0,0,0,0
8217,M02422,M,301.7,311.5,1486,43.3,42,0,0,0,0,0,0
8218,L04167,L,299.0,307.0,1484,46.5,44,0,0,0,0,0,0
8219,L04168,L,298.8,306.4,1481,37.7,46,0,0,0,0,0,0
8220,M02423,M,298.4,309.7,1525,33.3,49,0,0,0,0,0,0
8221,H01630,H,301.9,311.1,1713,35.3,54,0,0,0,0,0,0
8222,L04169,L,297.6,309.4,1529,45.8,56,0,0,0,0,0,0
8223,L04170,L,301.4,312.7,1587,52.5,58,0,0,0,0,0,0
8224,H01631,H,297.8,309.4,1541,45.0,63,0,0,0,0,0,0
8225,L04171,L,301.6,311.0,1507,32.4,65,0,0,0,0,0,0
8226,M02424,M,300.0,308.4,1536,44.8,68,0,0,0,0,0,0
8227,L04172,L,302.7,311.6,1615,34.3,70,0,0,0,0,0,0
8228,L04173,L,302.3,311.8,1533,37.9,72,0,0,0,0,0,0
8229,M02425,M,302.9,310.5,1522,41.1,75,0,0,0,0,0,0
8230,M02426,M,302.9,312.4,1515,42.1,78,0,0,0,0,0,0
8231,L04174,L,300.3,310.1,1439,40.4,80,0,0,0,0,0,0
8232,L04175,L,297.7,306.4,1642,36.4,82,0,0,0,0,0,0
8233,M02427,M,297.9,306.9,1493,46.4,85,0,0,0,0,0,0
8234,M02428,M,295.8,305.6,1685,36.8,88,0,0,0,0,0,0
8235,L04176,L,297.8,308.2,1562,47.5,90,0,0,0,0,0,0
8236,M02429,M,300.1,309.2,1679,31.8,93,0,0,0,0,0,0
8237,M02430,M,298.9,309.2,1518,41.3,96,0,0,0,0,0,0
8238,M02431,M,299.6,309.8,1465,32.6,99,0,0,0,0,0,0
8239,M02432,M,301.0,311.0,1642,35.0,102,0,0,0,0,0,0
8240,L04177,L,299.4,308.7,1482,36.9,104,0,0,0,0,0,0
8241,M02433,M,297.8,306.4,1667,49.1,107,0,0,0,0,0,0
8242,M02434,M,299.9,311.6,1596,47.8,110,0,0,0,0,0,0
8243,L04178,L,298.2,308.8,1684,45.2,112,0,0,0,0,0,0
8244,L04179,L,299.5,310.5,1440,40.2,114,0,0,0,0,0,0
8245,L04180,L,302.7,312.6,1634,41.1,116,0,0,0,0,0,0
8246,M02435,M,299.5,309.3,1464,47.6,119,0,0,0,0,0,0
8247,L04181,L,303.5,314.0,1298,44.2,121,0,0,0,0,0,0
8248,M02436,M,302.9,311.0,1628,40.1,124,0,0,0,0,0,0
8249,H01632,H,298.8,307.7,1537,48.9,129,0,0,0,0,0,0
8250,M02437,M,297.8,307.0,1634,44.9,132,0,0,0,0,0,0
8251,H01633,H,299.9,309.4,1547,41.5,137,0,0,0,0,0,0
8252,H01634,H,302.3,311.4,1540,37.2,142,0,0,0,0,0,0
8253,L04182,L,299.0,309.4,1688,36.7,144,0,0,0,0,0,0
8254,M02438,M,301.8,311.9,1550,38.0,147,0,0,0,0,0,0
8255,L04183,L,302.4,313.8,1490,42.7,149,0,0,0,0,0,0
8256,H01635,H,298.5,310.9,1529,45.0,154,0,0,0,0,0,0
8257,L04184,L,298.6,307.4,1554,31.3,156,0,0,0,0,0,0
8258,H01636,H,301.4,311.6,1254,28.3,161,0,0,0,0,0,0
8259,M02439,M,300.3,310.4,1587,34.3,164,0,0,0,0,0,0
8260,M02440,M,298.6,308.6,1674,37.6,167,0,0,0,0,0,0
8261,L04185,L,299.3,308.2,1533,47.2,169,0,0,0,0,0,0
8262,L04186,L,299.9,308.9,1496,38.3,171,0,0,0,0,0,0
8263,M02441,M,296.9,307.1,1577,41.5,174,0,0,0,0,0,0
8264,L04187,L,301.5,310.6,1712,42.5,176,0,0,0,0,0,0
8265,H01637,H,299.0,309.2,1585,33.9,181,0,0,0,0,0,0
8266,L04188,L,294.4,304.2,1559,48.8,183,0,0,0,0,0,0
8267,M02442,M,300.0,310.1,1499,36.0,186,0,0,0,0,0,0
8268,L04189,L,298.5,307.6,1431,49.4,188,0,0,0,0,0,0
8269,M02443,M,303.4,313.5,1540,39.2,191,0,0,0,0,0,0
8270,M02444,M,298.8,307.9,1542,38.0,194,0,0,0,0,0,0
8271,L04190,L,297.8,308.0,1345,33.3,196,0,0,0,0,0,0
8272,L04191,L,301.0,312.4,1465,41.2,198,0,0,0,0,0,0
8273,L04192,L,298.7,308.9,1654,53.5,200,1,0,0,1,0,0
8274,M02445,M,298.4,308.8,1512,42.5,203,0,0,0,0,0,0
8275,M02446,M,301.0,311.8,1292,41.6,206,0,0,0,0,0,0
8276,M02447,M,297.9,306.5,1698,36.0,209,0,0,0,0,0,0
8277,M02448,M,297.1,308.8,1449,43.6,212,0,0,0,0,0,0
8278,L04193,L,303.5,312.4,1491,40.9,214,0,0,0,0,0,0
8279,L04194,L,301.2,312.0,1644,39.6,216,0,0,0,0,0,0
8280,L04195,L,299.5,310.2,1464,43.0,218,0,0,0,0,0,0
8281,L04196,L,300.0,309.1,1341,29.1,220,0,0,0,0,0,0
8282,H01638,H,301.0,312.0,1560,39.4,225,0,0,0,0,0,0
8283,H01639,H,301.9,312.4,1618,32.8,230,0,0,0,0,0,0
8284,L04197,L,298.5,310.4,1491,40.2,232,0,0,0,0,0,0
8285,M02449,M,300.7,310.9,1526,35.7,235,0,0,0,0,0,0
8286,H01640,H,299.0,308.9,1420,36.1,240,1,1,0,0,0,0
8287,L04198,L,299.6,309.1,1438,32.0,2,0,0,0,0,0,0
8288,L04199,L,300.3,308.6,1506,46.7,4,0,0,0,0,0,0
8289,L04200,L,300.0,309.7,1603,35.9,6,0,0,0,0,0,0
8290,M02450,M,301.5,311.2,1548,36.3,9,0,0,0,0,0,0
8291,H01641,H,301.0,311.2,1640,49.2,14,0,0,0,0,0,0
8292,M02451,M,297.0,305.6,1703,43.4,17,0,0,0,0,0,0
8293,L04201,L,297.3,307.0,1627,27.8,19,0,0,0,0,0,0
8294,L04202,L,299.3,309.8,1379,48.3,21,0,0,0,0,0,0
8295,M02452,M,303.7,314.3,1510,49.9,24,0,0,0,0,0,0
8296,H01642,H,298.3,306.4,1626,49.3,29,0,0,0,0,0,0
8297,M02453,M,299.6,310.3,1526,44.0,32,0,0,0,0,0,0
8298,M02454,M,298.9,308.7,1376,33.4,35,0,0,0,0,0,0
8299,L04203,L,298.9,308.7,1483,39.7,37,0,0,0,0,0,0
8300,H01643,H,300.4,308.0,1311,31.3,42,1,0,1,0,0,0
8301,M02455,M,302.8,314.3,1510,34.8,45,0,0,0,0,0,0
8302,L04204,L,300.9,311.1,1470,33.3,47,0,0,0,0,0,0
8303,M02456,M,298.4,306.9,1502,36.2,50,0,0,0,0,0,0
8304,L04205,L,305.5,315.9,1656,41.0,52,0,0,0,0,0,0
8305,L04206,L,300.2,310.5,1405,37.3,54,0,0,0,0,0,0
8306,L04207,L,298.8,310.1,1466,37.1,56,0,0,0,0,0,0
8307,L04208,L,302.8,312.5,1424,38.3,58,0,0,0,0,0,0
8308,L04209,L,299.1,309.1,1645,49.0,60,0,0,0,0,0,0
8309,L04210,L,303.3,312.7,1651,53.0,62,1,0,0,1,0,0
8310,M02457,M,298.3,308.9,1574,37.3,65,0,0,0,0,0,0
8311,L04211,L,302.9,312.1,1569,42.0,67,0,0,0,0,0,0
8312,L04212,L,300.4,309.5,1418,35.0,69,0,0,0,0,0,0
8313,L04213,L,302.6,312.5,1558,44.6,71,0,0,0,0,0,0
8314,M02458,M,303.8,312.6,1426,37.1,74,0,0,0,0,0,0
8315,L04214,L,297.7,309.3,1542,35.7,76,0,0,0,0,0,0
8316,L04215,L,302.6,314.5,1504,52.0,78,0,0,0,0,0,0
8317,H01644,H,297.2,306.7,1479,31.9,83,0,0,0,0,0,0
8318,M02459,M,297.9,306.5,1541,25.3,86,0,0,0,0,0,0
8319,H01645,H,298.4,308.7,1606,44.4,91,0,0,0,0,0,0
8320,L04216,L,301.0,310.5,1716,37.8,93,0,0,0,0,0,0
8321,L04217,L,300.1,311.2,1593,36.1,95,0,0,0,0,0,0
8322,M02460,M,299.7,308.9,1766,56.4,98,1,0,0,1,0,0
8323,L04218,L,300.3,310.8,1558,44.4,100,0,0,0,0,0,0
8324,L04219,L,301.2,311.3,1716,39.6,102,0,0,0,0,0,0
8325,L04220,L,301.3,310.7,1582,35.8,104,0,0,0,0,0,0
8326,H01646,H,302.2,312.4,1562,42.7,109,0,0,0,0,0,0
8327,L04221,L,303.6,314.5,1521,29.6,111,0,0,0,0,0,0
8328,H01647,H,300.0,310.0,1568,36.9,116,0,0,0,0,0,0
8329,H01648,H,299.0,309.1,1581,39.8,121,0,0,0,0,0,0
8330,L04222,L,301.2,310.4,1396,41.3,123,0,0,0,0,0,0
8331,M02461,M,297.7,308.9,1608,39.1,126,0,0,0,0,0,0
8332,M02462,M,298.6,309.7,1390,35.8,129,0,0,0,0,0,0
8333,H01649,H,302.0,311.6,1608,45.5,134,0,0,0,0,0,0
8334,L04223,L,299.8,309.6,1598,30.1,136,0,0,0,0,0,0
8335,M02463,M,297.6,309.0,1680,38.3,139,0,0,0,0,0,0
8336,L04224,L,297.0,305.9,1452,36.9,141,0,0,0,0,0,0
8337,H01650,H,300.1,310.7,1439,46.1,146,0,0,0,0,0,0
8338,L04225,L,302.3,311.7,1649,37.2,148,0,0,0,0,0,0
8339,L04226,L,302.3,314.0,1431,42.6,150,0,0,0,0,0,0
8340,M02464,M,300.2,310.3,1421,42.0,153,0,0,0,0,0,0
8341,H01651,H,304.0,315.3,1559,29.0,158,0,0,0,0,0,0
8342,M02465,M,299.8,309.0,1533,39.6,161,0,0,0,0,0,0
8343,L04227,L,299.7,308.5,1554,29.5,163,0,0,0,0,0,0
8344,L04228,L,294.9,304.6,1592,42.1,165,0,0,0,0,0,0
8345,H01652,H,299.1,309.4,1592,35.6,170,0,0,0,0,0,0
8346,M02466,M,301.7,311.2,1530,47.1,173,0,0,0,0,0,0
8347,H01653,H,303.1,313.9,1543,38.9,178,0,0,0,0,0,0
8348,L04229,L,298.3,308.1,1531,35.4,180,0,0,0,0,0,0
8349,L04230,L,300.9,308.8,1542,47.2,182,0,0,0,0,0,0
8350,M02467,M,302.1,312.6,1399,34.8,185,0,0,0,0,0,0
8351,H01654,H,300.0,309.1,1614,45.4,190,0,0,0,0,0,0
8352,L04231,L,295.4,305.1,1643,42.8,192,0,0,0,0,0,0
8353,H01655,H,300.5,312.0,1602,37.8,197,0,0,0,0,0,0
8354,M02468,M,301.5,313.3,1594,32.0,200,0,0,0,0,0,0
8355,L04232,L,298.1,307.5,1439,47.4,202,0,0,0,0,0,0
8356,L04233,L,299.5,310.1,1396,43.0,204,0,0,0,0,0,0
8357,L04234,L,297.7,307.1,1621,35.4,206,0,0,0,0,0,0
8358,M02469,M,294.9,304.6,1541,41.5,209,0,0,0,0,0,0
8359,L04235,L,302.1,311.4,1555,46.0,211,0,0,0,0,0,0
8360,L04236,L,300.0,308.3,1559,40.7,213,0,0,0,0,0,0
8361,H01656,H,303.2,313.3,1564,41.4,218,0,0,0,0,0,0
8362,L04237,L,301.7,312.0,1603,46.2,220,0,0,0,0,0,0
8363,L04238,L,299.3,308.6,1528,49.2,222,0,0,0,0,0,0
8364,L04239,L,299.8,310.9,1347,39.3,224,0,0,0,0,0,0
8365,M02470,M,301.1,310.7,1607,32.0,227,0,0,0,0,0,0
8366,M02471,M,301.9,311.3,1596,32.2,230,0,0,0,0,0,0
8367,L04240,L,300.6,311.2,1409,35.9,232,0,0,0,0,0,0
8368,M02472,M,302.2,310.7,1421,34.4,235,0,0,0,0,0,0
8369,M02473,M,299.4,310.3,1626,29.9,238,0,0,0,0,0,0
8370,L04241,L,298.0,307.6,1650,51.1,240,1,1,0,0,1,0
8371,L04242,L,299.9,310.9,1272,43.2,2,0,0,0,0,0,0
8372,L04243,L,300.4,311.7,1582,36.9,4,0,0,0,0,0,0
8373,L04244,L,297.6,308.2,1516,39.8,6,0,0,0,0,0,0
8374,M02474,M,297.3,306.5,1545,29.3,9,0,0,0,0,0,0
8375,M02475,M,300.9,309.6,1551,46.9,12,0,0,0,0,0,0
8376,L04245,L,299.2,307.8,1462,28.3,14,0,0,0,0,0,0
8377,L04246,L,299.7,310.8,1603,43.1,16,0,0,0,0,0,0
8378,L04247,L,299.3,309.1,1469,29.0,18,0,0,0,0,0,0
8379,M02476,M,303.0,312.4,1613,37.5,21,0,0,0,0,0,0
8380,L04248,L,302.5,312.4,1635,47.5,23,0,0,0,0,0,0
8381,M02477,M,297.5,308.6,1451,30.2,26,0,0,0,0,0,0
8382,L04249,L,298.9,309.7,1453,39.1,28,0,0,0,0,0,0
8383,M02478,M,301.7,312.1,1549,43.8,31,0,0,0,0,0,0
8384,H01657,H,301.2,311.8,1688,42.8,36,0,0,0,0,0,0
8385,L04250,L,299.9,310.1,1479,40.4,38,0,0,0,0,0,0
8386,L04251,L,297.7,308.0,1498,43.0,40,0,0,0,0,0,0
8387,H01658,H,298.6,308.9,1570,36.3,45,0,0,0,0,0,0
8388,L04252,L,299.0,309.0,1604,51.6,47,0,0,0,0,0,0
8389,M02479,M,300.6,311.3,1591,30.3,50,0,0,0,0,0,0
8390,L04253,L,303.4,313.8,1541,47.0,52,0,0,0,0,0,0
8391,M02480,M,298.6,307.7,1507,41.1,55,0,0,0,0,0,0
8392,L04254,L,297.9,308.5,1571,43.7,57,0,0,0,0,0,0
8393,H01659,H,299.8,310.0,1218,44.8,62,0,0,0,0,0,0
8394,M02481,M,302.1,312.7,1725,43.3,65,0,0,0,0,0,0
8395,M02482,M,297.1,307.0,1519,35.1,68,0,0,0,0,0,0
8396,M02483,M,302.9,313.7,1556,38.3,71,0,0,0,0,0,0
8397,M02484,M,299.7,309.6,1748,31.3,74,0,0,0,0,0,0
8398,L04255,L,298.5,309.3,1464,38.2,76,0,0,0,0,0,0
8399,H01660,H,296.8,306.3,1771,41.9,81,0,0,0,0,0,0
8400,H01661,H,301.4,311.0,1612,43.6,86,0,0,0,0,0,0
8401,L04256,L,299.7,310.3,1583,42.3,88,0,0,0,0,0,0
8402,H01662,H,300.3,310.0,1602,29.5,93,0,0,0,0,0,0
8403,M02485,M,298.2,310.4,1454,36.6,96,0,0,0,0,0,0
8404,M02486,M,299.4,309.9,1373,36.0,99,0,0,0,0,0,0
8405,L04257,L,299.0,309.1,1420,32.1,101,0,0,0,0,0,0
8406,L04258,L,299.8,310.6,1647,35.0,103,0,0,0,0,0,0
8407,L04259,L,298.7,308.2,1444,40.0,105,0,0,0,0,0,0
8408,L04260,L,296.9,307.9,1373,48.5,107,0,0,0,0,0,0
8409,M02487,M,305.5,316.4,1530,34.3,110,0,0,0,0,0,0
8410,L04261,L,297.3,308.5,1595,33.2,112,0,0,0,0,0,0
8411,L04262,L,300.4,309.9,1542,36.4,114,0,0,0,0,0,0
8412,H01663,H,296.5,305.2,1599,42.0,119,0,0,0,0,0,0
8413,L04263,L,296.0,305.4,1654,47.3,121,0,0,0,0,0,0
8414,L04264,L,300.2,309.9,1595,39.5,123,0,0,0,0,0,0
8415,L04265,L,300.3,312.0,1523,31.3,125,0,0,0,0,0,0
8416,L04266,L,302.5,314.7,1484,32.6,127,0,0,0,0,0,0
8417,M02488,M,300.8,311.1,1615,41.1,130,0,0,0,0,0,0
8418,M02489,M,299.7,309.7,1566,46.0,133,0,0,0,0,0,0
8419,M02490,M,298.1,307.8,1452,50.9,136,0,0,0,0,0,0
8420,L04267,L,303.0,313.8,1668,32.9,138,0,0,0,0,0,0
8421,M02491,M,301.9,314.0,1564,40.8,141,0,0,0,0,0,0
8422,L04268,L,297.5,309.3,1603,33.8,143,0,0,0,0,0,0
8423,L04269,L,300.1,311.2,1499,34.6,145,0,0,0,0,0,0
8424,L04270,L,300.3,311.4,1651,34.1,147,0,0,0,0,0,0
8425,L04271,L,299.3,310.1,1379,38.0,149,0,0,0,0,0,0
8426,L04272,L,301.5,311.5,1706,34.7,151,0,0,0,0,0,0
8427,L04273,L,301.7,310.9,1344,54.9,153,0,0,0,0,0,0
8428,H01664,H,299.6,309.6,1400,37.2,158,0,0,0,0,0,0
8429,L04274,L,299.4,309.9,1563,45.9,160,0,0,0,0,0,0
8430,L04275,L,303.0,311.5,1485,36.0,162,0,0,0,0,0,0
8431,L04276,L,301.9,311.7,1505,53.4,164,0,0,0,0,0,0
8432,M02492,M,300.1,309.3,1485,42.0,167,0,0,0,0,0,0
8433,L04277,L,296.7,307.8,1460,45.0,169,0,0,0,0,0,0
8434,H01665,H,300.7,310.1,1570,36.5,174,0,0,0,0,0,0
8435,H01666,H,301.4,311.7,1533,45.9,179,0,0,0,0,0,0
8436,L04278,L,294.5,303.8,1626,42.0,181,0,0,0,0,0,0
8437,L04279,L,300.5,312.1,1546,37.7,183,0,0,0,0,0,0
8438,L04280,L,299.2,307.5,1496,33.5,185,0,0,0,0,0,0
8439,M02493,M,299.6,310.0,1615,38.6,188,0,0,0,0,0,0
8440,L04281,L,298.2,306.9,1355,38.1,190,0,0,0,0,0,0
8441,L04282,L,299.7,309.2,1280,45.2,192,0,0,0,0,0,0
8442,L04283,L,302.8,313.0,1379,38.6,194,0,0,0,0,0,0
8443,M02494,M,299.1,309.4,1504,28.5,197,0,0,0,0,0,0
8444,L04284,L,301.9,312.2,1577,43.9,199,0,0,0,0,0,0
8445,L04285,L,298.4,308.5,1271,47.8,201,0,0,0,0,0,0
8446,M02495,M,301.5,310.9,1537,30.0,204,0,0,0,0,0,0
8447,M02496,M,300.0,309.8,1503,50.8,207,0,0,0,0,0,0
8448,H01667,H,300.7,310.7,1552,48.4,212,0,0,0,0,0,0
8449,L04286,L,300.0,310.2,1347,36.2,214,0,0,0,0,0,0
8450,M02497,M,301.3,311.2,1800,33.3,217,0,0,0,0,0,0
8451,M02498,M,294.9,305.6,1541,46.3,220,0,0,0,0,0,0
8452,L04287,L,297.2,307.3,1416,31.8,222,0,0,0,0,0,0
8453,M02499,M,300.8,311.0,1551,36.0,225,0,0,0,0,0,0
8454,L04288,L,295.9,305.5,1687,32.1,227,0,0,0,0,0,0
8455,H01668,H,298.9,307.9,1409,40.0,232,0,0,0,0,0,0
8456,L04289,L,299.9,310.0,1389,48.8,234,1,0,0,0,1,0
8457,M02500,M,298.3,309.6,1526,42.2,3,0,0,0,0,0,0
8458,L04290,L,298.6,309.1,1535,46.1,5,0,0,0,0,0,0
8459,H01669,H,300.5,309.7,1609,37.9,10,0,0,0,0,0,0
8460,L04291,L,302.0,312.8,1686,40.6,12,0,0,0,0,0,0
8461,H01670,H,298.1,307.7,1616,32.6,17,0,0,0,0,0,0
8462,H01671,H,298.8,309.6,1399,39.4,22,0,0,0,0,0,0
8463,L04292,L,298.5,308.2,1431,35.5,24,0,0,0,0,0,0
8464,H01672,H,295.2,305.5,1458,39.0,29,0,0,0,0,0,0
8465,H01673,H,300.3,309.8,1616,38.6,34,0,0,0,0,0,0
8466,L04293,L,301.9,311.4,1599,38.1,36,0,0,0,0,0,0
8467,L04294,L,302.0,310.5,1664,52.6,38,1,0,0,1,0,0
8468,M02501,M,298.3,308.8,1594,50.6,41,0,0,0,0,0,0
8469,L04295,L,297.5,307.9,1475,48.5,43,0,0,0,0,0,0
8470,L04296,L,300.0,310.5,1518,50.8,45,0,0,0,0,0,0
8471,L04297,L,301.7,311.9,1392,48.5,47,0,0,0,0,0,0
8472,L04298,L,300.3,309.5,1601,39.9,49,0,0,0,0,0,0
8473,L04299,L,300.6,311.5,1475,39.3,51,0,0,0,0,0,0
8474,L04300,L,302.3,313.3,1660,41.4,53,0,0,0,0,0,0
8475,H01674,H,298.5,307.7,1598,38.7,58,0,0,0,0,0,0
8476,M02502,M,299.6,310.1,1732,33.8,61,0,0,0,0,0,0
8477,L04301,L,303.3,314.1,1580,41.8,63,0,0,0,0,0,0
8478,M02503,M,299.6,309.1,1578,30.6,66,0,0,0,0,0,0
8479,M02504,M,297.5,307.2,1520,40.8,69,0,0,0,0,0,0
8480,H01675,H,298.7,309.2,1500,34.0,74,0,0,0,0,0,0
8481,L04302,L,298.1,306.6,1512,39.5,76,0,0,0,0,0,0
8482,L04303,L,300.7,309.6,1638,41.1,78,0,0,0,0,0,0
8483,H01676,H,298.2,307.2,1403,37.9,83,0,0,0,0,0,0
8484,H01677,H,300.5,308.7,1544,30.2,88,0,0,0,0,0,0
8485,M02505,M,298.5,309.6,1371,32.9,91,0,0,0,0,0,0
8486,M02506,M,295.8,303.8,1575,42.7,94,0,0,0,0,0,0
8487,L04304,L,300.6,311.0,1492,36.7,96,0,0,0,0,0,0
8488,M02507,M,300.3,311.1,1588,43.4,99,0,0,0,0,0,0
8489,L04305,L,301.0,310.7,1464,40.1,101,0,0,0,0,0,0
8490,L04306,L,298.7,308.0,1512,38.8,103,0,0,0,0,0,0
8491,H01678,H,298.4,308.7,1601,42.1,108,0,0,0,0,0,0
8492,L04307,L,300.8,310.8,1551,36.0,110,0,0,0,0,0,0
8493,L04308,L,303.0,314.0,1692,42.4,112,0,0,0,0,0,0
8494,H01679,H,300.0,307.4,1490,37.5,117,0,0,0,0,0,0
8495,L04309,L,300.8,309.9,1481,55.2,119,1,0,0,0,0,1
8496,H01680,H,299.4,309.9,1662,33.2,124,0,0,0,0,0,0
8497,H01681,H,296.9,307.0,1501,37.9,129,0,0,0,0,0,0
8498,M02508,M,301.9,312.7,1497,38.1,132,0,0,0,0,0,0
8499,L04310,L,301.8,312.1,1576,31.9,134,0,0,0,0,0,0
8500,L04311,L,301.4,311.3,1522,44.4,136,0,0,0,0,0,0
8501,L04312,L,299.6,309.3,1507,37.4,138,0,0,0,0,0,0
8502,L04313,L,301.2,313.5,1469,25.7,140,0,0,0,0,0,0
8503,L04314,L,301.8,313.3,1674,44.2,142,0,0,0,0,0,0
8504,H01682,H,303.2,313.7,1523,36.2,147,0,0,0,0,0,0
8505,L04315,L,302.0,312.1,1482,39.4,149,0,0,0,0,0,0
8506,M02509,M,300.1,310.7,1508,44.1,152,0,0,0,0,0,0
8507,L04316,L,297.4,308.2,1573,37.8,154,0,0,0,0,0,0
8508,M02510,M,300.3,310.7,1684,37.8,157,0,0,0,0,0,0
8509,H01683,H,300.5,309.8,1521,54.8,162,0,0,0,0,0,0
8510,L04317,L,301.4,313.2,1452,27.1,164,0,0,0,0,0,0
8511,L04318,L,302.7,313.0,1730,32.3,166,0,0,0,0,0,0
8512,M02511,M,299.8,311.8,1552,33.4,169,0,0,0,0,0,0
8513,M02512,M,304.2,314.4,1527,50.7,172,0,0,0,0,0,0
8514,M02513,M,296.5,306.2,1545,36.1,175,0,0,0,0,0,0
8515,L04319,L,300.8,312.2,1413,41.4,177,0,0,0,0,0,0
8516,L04320,L,298.4,308.7,1533,37.2,179,0,0,0,0,0,0
8517,H01684,H,296.2,306.3,1614,43.6,184,0,0,0,0,0,0
8518,H01685,H,299.6,308.4,1660,39.9,189,0,0,0,0,0,0
8519,L04321,L,297.1,307.7,1502,41.5,191,0,0,0,0,0,0
8520,H01686,H,299.7,309.2,1557,47.7,196,0,0,0,0,0,0
8521,L04322,L,300.1,309.6,1662,42.6,198,0,0,0,0,0,0
8522,L04323,L,302.2,311.7,1542,35.6,200,0,0,0,0,0,0
8523,L04324,L,297.0,307.4,1610,41.9,202,0,0,0,0,0,0
8524,L04325,L,301.8,310.3,1580,54.5,204,1,0,0,1,1,0
8525,M02514,M,300.2,310.0,1472,43.4,207,0,0,0,0,0,0
8526,L04326,L,302.1,313.0,1446,40.9,209,0,0,0,0,0,0
8527,L04327,L,299.1,307.9,1644,31.8,211,0,0,0,0,0,0
8528,M02515,M,297.3,307.5,1271,44.3,214,0,0,0,0,0,0
8529,M02516,M,297.6,306.9,1471,45.2,217,0,0,0,0,0,0
8530,M02517,M,297.4,307.0,1398,41.9,220,0,0,0,0,0,0
8531,H01687,H,301.0,312.6,1644,40.7,5,0,0,0,0,0,0
8532,L04328,L,303.0,311.3,1674,57.0,7,1,0,0,1,0,0
8533,M02518,M,298.9,309.6,1466,45.1,10,0,0,0,0,0,0
8534,M02519,M,301.3,310.8,1814,47.4,13,1,0,0,1,0,0
8535,M02520,M,297.0,306.4,1676,40.4,16,0,0,0,0,0,0
8536,L04329,L,300.4,309.2,1558,39.2,18,0,0,0,0,0,0
8537,L04330,L,301.3,312.1,1688,43.8,20,0,0,0,0,0,0
8538,H01688,H,297.1,306.9,1474,39.2,25,0,0,0,0,0,0
8539,L04331,L,299.6,309.3,1510,39.7,27,0,0,0,0,0,0
8540,H01689,H,301.4,311.5,1584,42.8,32,0,0,0,0,0,0
8541,M02521,M,294.1,304.0,1469,36.9,35,0,0,0,0,0,0
8542,M02522,M,302.7,310.7,1410,41.3,38,0,0,0,0,0,0
8543,H01690,H,300.7,310.2,1444,40.5,43,0,0,0,0,0,0
8544,M02523,M,301.4,312.3,1518,45.8,46,0,0,0,0,0,0
8545,L04332,L,299.2,307.7,1585,36.3,48,0,0,0,0,0,0
8546,M02524,M,296.6,305.5,1504,28.0,51,0,0,0,0,0,0
8547,H01691,H,301.1,310.6,1374,38.1,56,0,0,0,0,0,0
8548,L04333,L,299.8,309.1,1585,42.4,58,0,0,0,0,0,0
8549,L04334,L,300.1,310.0,1665,45.8,60,0,0,0,0,0,0
8550,L04335,L,302.2,311.1,1472,35.8,62,0,0,0,0,0,0
8551,H01692,H,301.5,311.1,1704,43.3,67,0,0,0,0,0,0
8552,L04336,L,303.8,313.8,1625,46.8,69,0,0,0,0,0,0
8553,M02525,M,300.3,311.0,1433,44.5,72,0,0,0,0,0,0
8554,L04337,L,298.6,309.9,1473,35.3,74,0,0,0,0,0,0
8555,L04338,L,299.6,309.4,1507,35.9,76,0,0,0,0,0,0
8556,M02526,M,300.8,312.7,1519,42.6,79,0,0,0,0,0,0
8557,L04339,L,302.0,311.8,1294,49.8,81,0,0,0,0,0,0
8558,M02527,M,297.1,307.9,1463,40.1,84,0,0,0,0,0,0
8559,M02528,M,300.0,311.9,1483,39.0,87,0,0,0,0,0,0
8560,H01693,H,303.2,313.4,1727,31.8,92,0,0,0,0,0,0
8561,L04340,L,299.5,308.1,1561,37.8,94,0,0,0,0,0,0
8562,H01694,H,301.9,312.0,1458,35.7,99,0,0,0,0,0,0
8563,M02529,M,301.0,310.4,1494,40.2,102,0,0,0,0,0,0
8564,H01695,H,301.9,311.6,1581,30.9,107,0,0,0,0,0,0
8565,L04341,L,298.4,310.4,1500,38.0,109,0,0,0,0,0,0
8566,M02530,M,298.4,307.2,1479,33.9,112,0,0,0,0,0,0
8567,H01696,H,300.0,310.3,1483,45.6,117,0,0,0,0,0,0
8568,H01697,H,296.9,306.1,1586,34.8,122,0,0,0,0,0,0
8569,L04342,L,299.5,309.2,1400,36.6,124,0,0,0,0,0,0
8570,L04343,L,300.5,311.3,1429,41.7,126,0,0,0,0,0,0
8571,L04344,L,303.6,313.9,1445,37.3,128,0,0,0,0,0,0
8572,L04345,L,300.8,310.6,1428,54.2,130,0,0,0,0,0,0
8573,L04346,L,301.3,310.6,1456,45.6,132,0,0,0,0,0,0
8574,L04347,L,302.3,312.6,1628,40.1,134,0,0,0,0,0,0
8575,H01698,H,298.1,309.8,1642,42.2,139,0,0,0,0,0,0
8576,L04348,L,299.7,308.8,1565,25.9,141,0,0,0,0,0,0
8577,M02531,M,304.9,316.8,1559,47.4,144,0,0,0,0,0,0
8578,L04349,L,299.8,311.0,1471,43.1,146,0,0,0,0,0,0
8579,L04350,L,302.2,313.6,1330,39.6,148,0,0,0,0,0,0
8580,L04351,L,301.9,312.2,1552,43.4,150,0,0,0,0,0,0
8581,L04352,L,297.0,308.2,1568,44.1,152,0,0,0,0,0,0
8582,M02532,M,300.6,309.6,1471,37.5,155,0,0,0,0,0,0
8583,H01699,H,300.3,309.6,1430,42.3,160,0,0,0,0,0,0
8584,L04353,L,300.7,311.4,1411,46.3,162,0,0,0,0,0,0
8585,L04354,L,298.5,308.8,1555,42.7,164,0,0,0,0,0,0
8586,L04355,L,297.8,307.6,1546,38.5,166,0,0,0,0,0,0
8587,H01700,H,299.0,306.5,1657,41.8,171,0,0,0,0,0,0
8588,M02533,M,299.8,309.4,1457,48.3,174,0,0,0,0,0,0
8589,M02534,M,302.4,311.2,1509,44.7,177,0,0,0,0,0,0
8590,M02535,M,303.6,314.1,1540,33.0,180,0,0,0,0,0,0
8591,H01701,H,302.8,312.6,1483,43.5,185,0,0,0,0,0,0
8592,L04356,L,301.7,311.1,1622,42.7,187,0,0,0,0,0,0
8593,L04357,L,298.0,310.6,1662,47.0,189,0,0,0,0,0,0
8594,H01702,H,299.2,310.2,1427,40.2,194,0,0,0,0,0,0
8595,M02536,M,300.4,311.5,1492,37.8,197,0,0,0,0,0,0
8596,M02537,M,298.7,310.9,1670,31.8,200,0,0,0,0,0,0
8597,M02538,M,301.2,312.0,1570,35.8,203,0,0,0,0,0,0
8598,L04358,L,301.4,310.7,1550,47.2,205,0,0,0,0,0,0
8599,M02539,M,301.1,310.2,1572,41.2,3,0,0,0,0,0,0
8600,M02540,M,302.1,313.0,1604,39.4,6,0,0,0,0,0,0
8601,L04359,L,298.2,306.1,1577,47.8,8,0,0,0,0,0,0
8602,M02541,M,301.9,311.8,1559,46.5,11,0,0,0,0,0,0
8603,H01703,H,298.6,306.4,1539,35.6,16,0,0,0,0,0,0
8604,L04360,L,298.1,308.2,1673,47.2,18,0,0,0,0,0,0
8605,L04361,L,301.1,311.9,1511,30.0,20,0,0,0,0,0,0
8606,L04362,L,302.4,312.7,1538,42.8,22,0,0,0,0,0,0
8607,M02542,M,301.0,311.9,1693,42.0,25,0,0,0,0,0,0
8608,L04363,L,300.0,312.0,1571,46.9,27,0,0,0,0,0,0
8609,M02543,M,300.6,310.5,1531,42.3,30,0,0,0,0,0,0
8610,H01704,H,300.3,313.1,1601,38.5,35,0,0,0,0,0,0
8611,L04364,L,297.7,308.0,1561,39.0,37,0,0,0,0,0,0
8612,H01705,H,297.5,308.5,1464,56.2,42,0,0,0,0,0,0
8613,H01706,H,299.8,309.2,1563,40.5,47,0,0,0,0,0,0
8614,L04365,L,300.2,311.8,1457,43.6,49,0,0,0,0,0,0
8615,L04366,L,300.0,311.1,1721,27.9,51,0,0,0,0,0,0
8616,H01707,H,301.4,312.8,1562,35.0,56,0,0,0,0,0,0
8617,H01708,H,299.6,309.6,1444,43.1,61,0,0,0,0,0,0
8618,L04367,L,301.1,309.9,1499,30.3,63,0,0,0,0,0,0
8619,L04368,L,299.7,310.2,1614,43.3,65,0,0,0,0,0,0
8620,L04369,L,303.6,311.9,1429,35.6,67,0,0,0,0,0,0
8621,H01709,H,300.2,309.8,1810,33.8,72,0,0,0,0,0,0
8622,L04370,L,304.7,314.9,1392,35.6,74,0,0,0,0,0,0
8623,M02544,M,300.7,313.1,1631,49.2,77,0,0,0,0,0,0
8624,H01710,H,299.6,309.9,1489,42.0,82,0,0,0,0,0,0
8625,L04371,L,298.2,308.3,1457,34.5,84,0,0,0,0,0,0
8626,M02545,M,297.1,307.1,1592,44.7,87,0,0,0,0,0,0
8627,L04372,L,298.0,306.7,1493,45.0,89,0,0,0,0,0,0
8628,H01711,H,298.2,308.3,1697,37.7,94,0,0,0,0,0,0
8629,L04373,L,300.8,310.9,1398,45.8,96,0,0,0,0,0,0
8630,M02546,M,298.9,308.0,1594,46.0,99,0,0,0,0,0,0
8631,M02547,M,300.4,309.2,1510,45.1,102,0,0,0,0,0,0
8632,L04374,L,302.6,312.1,1568,36.0,104,0,0,0,0,0,0
8633,L04375,L,299.8,309.9,1589,32.9,106,0,0,0,0,0,0
8634,L04376,L,304.2,313.7,1365,29.8,108,0,0,0,0,0,0
8635,L04377,L,297.6,306.6,1561,36.1,110,0,0,0,0,0,0
8636,H01712,H,299.7,310.0,1647,37.8,115,0,0,0,0,0,0
8637,H01713,H,298.9,309.5,1585,38.3,120,0,0,0,0,0,0
8638,L04378,L,301.9,312.0,1501,39.7,122,0,0,0,0,0,0
8639,M02548,M,295.5,305.0,1397,50.4,125,0,0,0,0,0,0
8640,M02549,M,297.1,307.7,1589,38.0,128,0,0,0,0,0,0
8641,H01714,H,299.8,309.6,1726,39.7,133,0,0,0,0,0,0
8642,L04379,L,303.1,311.9,1604,29.1,135,0,0,0,0,0,0
8643,L04380,L,300.5,311.5,1654,53.4,137,1,0,0,1,0,0
8644,L04381,L,297.3,307.7,1631,32.1,139,0,0,0,0,0,0
8645,M02550,M,297.6,307.5,1499,35.8,142,0,0,0,0,0,0
8646,L04382,L,303.3,311.8,1547,44.2,144,0,0,0,0,0,0
8647,L04383,L,298.8,308.0,1625,41.5,146,0,0,0,0,0,0
8648,L04384,L,298.1,310.1,1380,49.9,148,0,0,0,0,0,0
8649,M02551,M,303.0,311.4,1603,44.3,151,0,0,0,0,0,0
8650,L04385,L,302.0,311.8,1664,39.5,153,0,0,0,0,0,0
8651,L04386,L,302.5,312.5,1533,46.3,155,0,0,0,0,0,0
8652,L04387,L,298.1,308.4,1619,47.0,157,0,0,0,0,0,0
8653,L04388,L,296.9,305.5,1483,36.0,159,0,0,0,0,0,0
8654,M02552,M,300.3,310.4,1542,45.8,162,0,0,0,0,0,0
8655,L04389,L,300.7,309.0,1511,38.7,164,0,0,0,0,0,0
8656,L04390,L,300.7,310.8,1584,39.4,166,0,0,0,0,0,0
8657,M02553,M,303.0,312.3,1528,40.9,169,0,0,0,0,0,0
8658,L04391,L,296.5,305.7,1370,37.7,171,0,0,0,0,0,0
8659,L04392,L,301.7,312.6,1466,37.4,173,0,0,0,0,0,0
8660,H01715,H,297.8,307.6,1732,45.9,178,0,0,0,0,0,0
8661,L04393,L,301.7,312.2,1595,30.8,180,0,0,0,0,0,0
8662,L04394,L,299.1,309.6,1328,33.6,182,0,0,0,0,0,0
8663,L04395,L,298.4,309.6,1659,44.0,184,0,0,0,0,0,0
8664,L04396,L,298.8,307.6,1423,39.6,186,0,0,0,0,0,0
8665,M02554,M,297.1,308.0,1627,45.9,189,0,0,0,0,0,0
8666,M02555,M,300.1,310.1,1667,42.1,192,0,0,0,0,0,0
8667,M02556,M,298.5,308.1,1548,32.0,195,0,0,0,0,0,0
8668,L04397,L,301.6,310.4,1438,40.4,197,0,0,0,0,0,0
8669,L04398,L,301.3,311.9,1466,43.2,199,0,0,0,0,0,0
8670,H01716,H,303.4,312.5,1601,41.4,204,0,0,0,0,0,0
8671,H01717,H,300.7,311.3,1424,37.2,209,0,0,0,0,0,0
8672,L04399,L,301.0,313.0,1480,38.4,211,0,0,0,0,0,0
8673,L04400,L,302.8,313.8,1589,36.6,213,0,0,0,0,0,0
8674,L04401,L,298.7,310.1,1473,32.0,215,0,0,0,0,0,0
8675,L04402,L,297.0,306.3,1680,31.2,217,0,0,0,0,0,0
8676,L04403,L,300.4,311.2,1434,42.3,219,0,0,0,0,0,0
8677,L04404,L,297.2,306.0,1209,34.8,221,0,0,0,0,0,0
8678,M02557,M,304.9,314.7,1460,43.5,224,0,0,0,0,0,0
8679,M02558,M,302.9,314.7,1569,36.4,227,0,0,0,0,0,0
8680,L04405,L,304.3,313.7,1624,32.1,229,0,0,0,0,0,0
8681,L04406,L,300.1,311.2,1497,37.6,231,0,0,0,0,0,0
8682,H01718,H,301.1,312.1,1510,52.6,236,0,0,0,0,0,0
8683,L04407,L,299.1,310.2,1535,39.4,2,0,0,0,0,0,0
8684,M02559,M,301.8,310.5,1712,43.9,5,0,0,0,0,0,0
8685,L04408,L,297.6,308.1,1576,41.0,7,0,0,0,0,0,0
8686,M02560,M,294.9,304.8,1489,31.6,10,0,0,0,0,0,0
8687,L04409,L,298.4,309.5,1743,48.7,12,0,0,0,0,0,0
8688,L04410,L,297.1,305.4,1539,38.5,14,0,0,0,0,0,0
8689,L04411,L,303.0,313.3,1330,32.1,16,0,0,0,0,0,0
8690,L04412,L,303.6,313.9,1399,36.9,18,0,0,0,0,0,0
8691,L04413,L,297.2,305.2,1594,38.8,20,0,0,0,0,0,0
8692,M02561,M,302.6,311.7,1360,44.5,23,0,0,0,0,0,0
8693,L04414,L,301.9,310.1,1588,35.9,25,0,0,0,0,0,0
8694,L04415,L,296.9,306.1,1460,55.7,27,0,0,0,0,0,0
8695,M02562,M,299.2,309.8,1656,34.4,30,0,0,0,0,0,0
8696,M02563,M,298.8,309.0,1555,43.7,33,0,0,0,0,0,0
8697,H01719,H,301.5,311.7,1374,28.2,38,0,0,0,0,0,0
8698,M02564,M,297.5,306.5,1629,39.3,41,0,0,0,0,0,0
8699,L04416,L,299.8,310.9,1674,42.2,43,0,0,0,0,0,0
8700,M02565,M,298.6,308.6,1410,33.3,46,0,0,0,0,0,0
8701,H01720,H,300.9,311.0,1458,49.0,51,0,0,0,0,0,0
8702,H01721,H,299.6,310.5,1588,42.6,56,0,0,0,0,0,0
8703,L04417,L,298.9,307.9,1606,38.1,58,0,0,0,0,0,0
8704,L04418,L,299.6,309.8,1773,42.5,60,0,0,0,0,0,0
8705,L04419,L,304.1,314.5,1627,36.4,62,0,0,0,0,0,0
8706,M02566,M,299.2,308.6,1778,47.5,65,0,0,0,0,0,0
8707,M02567,M,297.9,308.6,1540,46.1,68,0,0,0,0,0,0
8708,M02568,M,301.2,311.6,1576,42.2,71,0,0,0,0,0,0
8709,L04420,L,299.7,309.6,1481,43.7,73,0,0,0,0,0,0
8710,M02569,M,297.2,307.0,1486,31.1,76,0,0,0,0,0,0
8711,H01722,H,304.5,315.0,1553,48.8,81,0,0,0,0,0,0
8712,L04421,L,299.3,310.1,1480,39.4,83,0,0,0,0,0,0
8713,M02570,M,299.2,309.3,1282,46.2,86,0,0,0,0,0,0
8714,L04422,L,300.3,311.4,1471,44.5,88,0,0,0,0,0,0
8715,H01723,H,303.5,314.1,1646,46.1,93,0,0,0,0,0,0
8716,H01724,H,296.6,304.9,1545,33.7,98,0,0,0,0,0,0
8717,M02571,M,300.6,309.1,1546,34.5,101,0,0,0,0,0,0
8718,M02572,M,304.2,315.4,1462,53.5,104,0,0,0,0,0,0
8719,H01725,H,300.3,310.0,1571,30.9,109,0,0,0,0,0,0
8720,L04423,L,297.5,307.7,1704,33.4,111,0,0,0,0,0,0
8721,L04424,L,298.8,309.9,1678,40.3,113,0,0,0,0,0,0
8722,M02573,M,300.4,310.4,1575,40.3,116,0,0,0,0,0,0
8723,L04425,L,302.7,312.7,1453,36.8,118,0,0,0,0,0,0
8724,L04426,L,299.3,308.5,1715,43.7,120,0,0,0,0,0,0
8725,H01726,H,301.7,312.0,1644,45.4,125,0,0,0,0,0,0
8726,M02574,M,297.1,307.7,1390,39.9,128,0,0,0,0,0,0
8727,L04427,L,297.1,306.5,1362,38.4,130,0,0,0,0,0,0
8728,L04428,L,299.0,308.1,1395,39.9,132,0,0,0,0,0,0
8729,L04429,L,302.9,315.5,1489,37.0,134,0,0,0,0,0,0
8730,L04430,L,300.1,310.0,1628,29.8,136,0,0,0,0,0,0
8731,L04431,L,300.6,309.9,1626,41.8,138,0,0,0,0,0,0
8732,M02575,M,300.6,311.3,1572,44.6,141,0,0,0,0,0,0
8733,L04432,L,302.2,312.2,1524,39.1,143,0,0,0,0,0,0
8734,L04433,L,298.8,307.7,1775,26.4,145,0,0,0,0,0,0
8735,L04434,L,301.4,311.9,1541,36.6,147,0,0,0,0,0,0
8736,H01727,H,298.3,307.5,1529,45.4,152,0,0,0,0,0,0
8737,L04435,L,304.0,315.5,1487,31.4,154,0,0,0,0,0,0
8738,L04436,L,298.4,308.9,1759,44.2,156,0,0,0,0,0,0
8739,L04437,L,298.2,308.0,1610,37.3,158,0,0,0,0,0,0
8740,M02576,M,301.1,311.2,1435,39.9,161,0,0,0,0,0,0
8741,M02577,M,300.2,311.1,1423,35.9,164,0,0,0,0,0,0
8742,L04438,L,300.7,310.8,1370,33.2,166,0,0,0,0,0,0
8743,L04439,L,300.5,312.6,1528,48.6,168,0,0,0,0,0,0
8744,L04440,L,297.8,309.0,1388,44.9,170,0,0,0,0,0,0
8745,M02578,M,303.2,313.7,1421,43.9,173,0,0,0,0,0,0
8746,M02579,M,301.8,310.9,1645,45.5,176,0,0,0,0,0,0
8747,L04441,L,302.7,312.6,1627,43.0,178,0,0,0,0,0,0
8748,L04442,L,298.9,309.4,1687,45.7,180,0,0,0,0,0,0
8749,L04443,L,300.8,310.0,1391,36.0,182,0,0,0,0,0,0
8750,L04444,L,300.4,311.7,1438,48.3,184,0,0,0,0,0,0
8751,M02580,M,302.3,311.3,1475,47.7,187,0,0,0,0,0,0
8752,L04445,L,302.3,311.7,1702,42.3,189,0,0,0,0,0,0
8753,L04446,L,300.4,309.8,1544,38.3,191,0,0,0,0,0,0
8754,L04447,L,297.0,307.7,1720,32.7,193,0,0,0,0,0,0
8755,H01728,H,303.6,312.8,1601,41.4,198,0,0,0,0,0,0
8756,H01729,H,301.1,309.3,1527,50.1,203,0,0,0,0,0,0
8757,L04448,L,298.8,309.9,1595,33.0,205,0,0,0,0,0,0
8758,L04449,L,300.8,310.4,1365,46.1,207,0,0,0,0,0,0
8759,L04450,L,297.0,305.9,1333,37.2,209,0,0,0,0,0,0
8760,L04451,L,302.1,311.4,1564,37.7,211,1,1,0,0,0,0
8761,L04452,L,297.1,308.8,1539,32.9,2,0,0,0,0,0,0
8762,M02581,M,299.6,308.9,1731,35.5,5,0,0,0,0,0,0
8763,M02582,M,300.5,310.4,1400,43.9,8,0,0,0,0,0,0
8764,H01730,H,302.1,311.6,1575,44.6,13,0,0,0,0,0,0
8765,L04453,L,300.2,309.0,1608,41.4,15,0,0,0,0,0,0
8766,H01731,H,301.3,310.5,1572,37.0,20,0,0,0,0,0,0
8767,M02583,M,299.9,308.6,1648,33.4,23,0,0,0,0,0,0
8768,L04454,L,299.9,310.9,1475,40.4,25,0,0,0,0,0,0
8769,L04455,L,300.2,310.3,1621,37.8,27,0,0,0,0,0,0
8770,L04456,L,299.6,312.1,1594,41.3,29,0,0,0,0,0,0
8771,L04457,L,296.6,305.9,1655,38.1,31,0,0,0,0,0,0
8772,L04458,L,298.5,307.6,1487,38.2,33,0,0,0,0,0,0
8773,M02584,M,300.5,312.0,1419,41.0,36,0,0,0,0,0,0
8774,L04459,L,299.5,310.6,1475,42.1,38,0,0,0,0,0,0
8775,H01732,H,299.7,310.1,1432,47.3,43,0,0,0,0,0,0
8776,L04460,L,299.4,308.2,1482,38.0,45,0,0,0,0,0,0
8777,H01733,H,298.3,310.0,1505,43.3,50,0,0,0,0,0,0
8778,L04461,L,299.0,308.9,1447,50.8,52,0,0,0,0,0,0
8779,M02585,M,299.4,309.0,1539,43.4,55,0,0,0,0,0,0
8780,L04462,L,300.0,311.2,1420,47.0,57,0,0,0,0,0,0
8781,L04463,L,300.8,310.8,1531,36.3,59,0,0,0,0,0,0
8782,H01734,H,299.6,308.5,1488,35.7,64,0,0,0,0,0,0
8783,L04464,L,297.9,308.0,1526,39.0,66,0,0,0,0,0,0
8784,M02586,M,297.2,306.4,1577,39.7,69,0,0,0,0,0,0
8785,M02587,M,305.2,312.2,1496,46.4,72,0,0,0,0,0,0
8786,L04465,L,297.7,306.9,1460,35.6,74,0,0,0,0,0,0
8787,L04466,L,299.0,308.4,1473,39.5,76,0,0,0,0,0,0
8788,M02588,M,301.0,309.9,1640,46.4,79,0,0,0,0,0,0
8789,L04467,L,300.7,311.3,1666,41.3,81,0,0,0,0,0,0
8790,M02589,M,301.0,310.3,1487,39.9,84,0,0,0,0,0,0
8791,H01735,H,299.1,309.6,1523,41.4,89,0,0,0,0,0,0
8792,L04468,L,300.5,309.2,1368,33.2,91,0,0,0,0,0,0
8793,L04469,L,300.1,311.0,1520,33.1,93,0,0,0,0,0,0
8794,M02590,M,299.4,308.1,1393,30.5,96,0,0,0,0,0,0
8795,L04470,L,300.5,308.1,1489,41.2,98,0,0,0,0,0,0
8796,L04471,L,302.1,313.3,1646,45.5,100,0,0,0,0,0,0
8797,L04472,L,300.0,309.1,1388,44.6,102,0,0,0,0,0,0
8798,M02591,M,300.0,311.7,1448,46.9,105,0,0,0,0,0,0
8799,L04473,L,302.1,312.7,1448,48.7,107,0,0,0,0,0,0
8800,L04474,L,301.9,312.7,1371,40.9,109,0,0,0,0,0,0
8801,M02592,M,303.2,314.2,1624,39.6,112,0,0,0,0,0,0
8802,L04475,L,296.5,306.6,1566,48.9,114,0,0,0,0,0,0
8803,L04476,L,301.8,311.9,1719,35.8,116,0,0,0,0,0,0
8804,H01736,H,301.2,312.5,1438,32.9,121,0,0,0,0,0,0
8805,M02593,M,298.2,308.3,1361,38.0,124,0,0,0,0,0,0
8806,H01737,H,300.5,309.8,1632,37.3,129,0,0,0,0,0,0
8807,L04477,L,302.1,312.7,1502,40.3,131,0,0,0,0,0,0
8808,M02594,M,298.3,306.2,1491,34.9,134,0,0,0,0,0,0
8809,L04478,L,300.9,312.2,1686,42.2,136,0,0,0,0,0,0
8810,L04479,L,301.7,313.1,1555,36.6,138,0,0,0,0,0,0
8811,L04480,L,297.9,309.1,1628,47.4,140,0,0,0,0,0,0
8812,L04481,L,299.7,310.9,1476,32.8,142,0,0,0,0,0,0
8813,H01738,H,300.6,310.5,1465,39.2,147,0,0,0,0,0,0
8814,L04482,L,298.4,308.3,1501,38.0,149,0,0,0,0,0,0
8815,M02595,M,298.2,307.0,1605,41.4,152,0,0,0,0,0,0
8816,M02596,M,299.7,311.5,1543,45.6,155,0,0,0,0,0,0
8817,M02597,M,301.6,311.1,1585,41.6,158,0,0,0,0,0,0
8818,L04483,L,301.3,311.6,1278,39.2,160,0,0,0,0,0,0
8819,M02598,M,298.3,308.5,1350,44.1,163,0,0,0,0,0,0
8820,L04484,L,301.3,310.0,1323,45.1,165,0,0,0,0,0,0
8821,L04485,L,298.3,306.6,1500,41.6,167,0,0,0,0,0,0
8822,H01739,H,296.8,306.8,1398,42.3,172,0,0,0,0,0,0
8823,L04486,L,299.3,308.8,1707,43.9,174,0,0,0,0,0,0
8824,L04487,L,302.2,312.2,1536,30.1,176,0,0,0,0,0,0
8825,H01740,H,301.3,312.4,1560,37.9,181,0,0,0,0,0,0
8826,L04488,L,300.0,310.2,1429,42.3,183,0,0,0,0,0,0
8827,M02599,M,299.2,309.9,1426,38.3,186,0,0,0,0,0,0
8828,L04489,L,299.2,309.7,1693,38.3,188,0,0,0,0,0,0
8829,L04490,L,300.2,309.9,1716,42.2,190,0,0,0,0,0,0
8830,L04491,L,297.9,306.9,1580,42.4,192,0,0,0,0,0,0
8831,L04492,L,299.3,309.6,1335,42.8,194,0,0,0,0,0,0
8832,L04493,L,299.6,309.7,1495,35.2,196,0,0,0,0,0,0
8833,M02600,M,297.3,308.2,1569,31.5,199,0,0,0,0,0,0
8834,M02601,M,298.3,308.2,1515,44.8,202,0,0,0,0,0,0
8835,H01741,H,300.8,310.5,1326,35.5,207,0,0,0,0,0,0
8836,L04494,L,300.0,309.8,1723,35.1,2,0,0,0,0,0,0
8837,M02602,M,299.4,308.5,1454,34.6,5,0,0,0,0,0,0
8838,M02603,M,298.2,309.6,1404,46.9,8,0,0,0,0,0,0
8839,H01742,H,303.2,314.3,1535,41.3,13,0,0,0,0,0,0
8840,L04495,L,298.3,307.1,1656,42.1,15,0,0,0,0,0,0
8841,M02604,M,300.5,311.3,1589,44.1,18,0,0,0,0,0,0
8842,H01743,H,299.0,307.2,1406,39.7,23,0,0,0,0,0,0
8843,L04496,L,300.1,311.1,1390,46.1,25,0,0,0,0,0,0
8844,H01744,H,300.9,310.2,1319,32.8,30,0,0,0,0,0,0
8845,L04497,L,297.3,307.6,1509,33.5,32,0,0,0,0,0,0
8846,M02605,M,300.0,308.1,1491,33.2,35,0,0,0,0,0,0
8847,H01745,H,302.4,311.2,1589,42.5,40,0,0,0,0,0,0
8848,M02606,M,303.5,314.0,1469,43.0,43,0,0,0,0,0,0
8849,L04498,L,299.7,309.0,1635,37.2,45,0,0,0,0,0,0
8850,L04499,L,300.1,309.2,1603,38.6,47,0,0,0,0,0,0
8851,H01746,H,304.4,315.8,1465,47.6,52,0,0,0,0,0,0
8852,L04500,L,302.3,314.5,1577,35.8,54,0,0,0,0,0,0
8853,L04501,L,298.8,309.7,1671,41.8,56,0,0,0,0,0,0
8854,M02607,M,298.8,307.7,1442,35.9,59,0,0,0,0,0,0
8855,L04502,L,301.9,313.7,1517,46.6,61,0,0,0,0,0,0
8856,L04503,L,298.0,306.4,1515,43.8,63,0,0,0,0,0,0
8857,L04504,L,302.2,311.9,1502,31.6,65,0,0,0,0,0,0
8858,L04505,L,300.7,310.7,1618,38.4,67,0,0,0,0,0,0
8859,M02608,M,301.0,313.0,1626,27.5,70,0,0,0,0,0,0
8860,M02609,M,299.5,310.4,1579,45.4,73,0,0,0,0,0,0
8861,M02610,M,298.7,308.3,1574,52.3,76,0,0,0,0,0,0
8862,H01747,H,302.9,312.0,1482,26.9,81,0,0,0,0,0,0
8863,H01748,H,299.5,310.5,1571,31.4,86,0,0,0,0,0,0
8864,M02611,M,299.2,308.6,1409,41.0,89,0,0,0,0,0,0
8865,L04506,L,299.8,310.1,1786,39.9,91,0,0,0,0,0,0
8866,M02612,M,300.4,309.0,1673,37.5,94,0,0,0,0,0,0
8867,L04507,L,297.9,308.5,1634,29.6,96,0,0,0,0,0,0
8868,M02613,M,298.9,309.4,1579,41.9,99,0,0,0,0,0,0
8869,M02614,M,298.8,307.5,1579,45.3,102,0,0,0,0,0,0
8870,L04508,L,301.7,312.7,1369,57.1,104,0,0,0,0,0,0
8871,H01749,H,298.2,308.8,1412,47.8,109,0,0,0,0,0,0
8872,L04509,L,296.5,307.2,1425,32.2,111,0,0,0,0,0,0
8873,M02615,M,296.1,305.7,1544,39.9,114,0,0,0,0,0,0
8874,L04510,L,297.1,307.2,1510,43.6,116,0,0,0,0,0,0
8875,H01750,H,302.7,312.8,1619,35.9,121,0,0,0,0,0,0
8876,L04511,L,300.0,309.9,1441,44.7,123,0,0,0,0,0,0
8877,L04512,L,301.0,311.2,1641,44.2,125,0,0,0,0,0,0
8878,L04513,L,301.1,312.3,1456,47.4,127,0,0,0,0,0,0
8879,L04514,L,300.1,311.2,1496,44.8,129,0,0,0,0,0,0
8880,L04515,L,299.9,308.7,1628,41.7,131,0,0,0,0,0,0
8881,M02616,M,302.1,313.1,1588,36.2,134,0,0,0,0,0,0
8882,L04516,L,300.3,311.5,1413,32.2,136,0,0,0,0,0,0
8883,L04517,L,302.8,312.6,1644,41.3,138,0,0,0,0,0,0
8884,L04518,L,301.2,311.8,1547,37.6,140,0,0,0,0,0,0
8885,H01751,H,298.8,309.3,1324,38.2,145,0,0,0,0,0,0
8886,M02617,M,299.0,308.2,1454,46.7,148,0,0,0,0,0,0
8887,M02618,M,298.5,308.2,1497,48.2,151,0,0,0,0,0,0
8888,M02619,M,302.4,313.2,1421,32.6,154,0,0,0,0,0,0
8889,L04519,L,299.2,308.7,1672,38.7,156,0,0,0,0,0,0
8890,L04520,L,298.4,309.4,1501,37.4,158,0,0,0,0,0,0
8891,L04521,L,300.6,311.9,1584,41.9,160,0,0,0,0,0,0
8892,H01752,H,299.8,310.9,1559,26.4,165,0,0,0,0,0,0
8893,H01753,H,300.6,312.6,1609,31.2,170,0,0,0,0,0,0
8894,L04522,L,303.8,313.7,1705,39.3,172,0,0,0,0,0,0
8895,L04523,L,301.8,312.0,1606,44.7,174,0,0,0,0,0,0
8896,L04524,L,300.1,310.4,1712,40.5,176,0,0,0,0,0,0
8897,L04525,L,297.2,307.1,1608,44.0,178,0,0,0,0,0,0
8898,M02620,M,299.0,309.5,1551,41.2,181,0,0,0,0,0,0
8899,L04526,L,301.4,309.7,1570,47.7,183,0,0,0,0,0,0
8900,H01754,H,297.7,307.9,1275,48.9,188,0,0,0,0,0,0
8901,L04527,L,304.3,312.9,1492,35.4,190,0,0,0,0,0,0
8902,H01755,H,300.0,309.1,1524,45.3,195,0,0,0,0,0,0
8903,M02621,M,300.1,310.8,1582,43.0,198,0,0,0,0,0,0
8904,M02622,M,298.7,308.5,1535,55.0,201,0,0,0,0,0,0
8905,M02623,M,301.0,311.7,1571,35.2,204,0,0,0,0,0,0
8906,M02624,M,297.7,307.5,1406,39.3,207,0,0,0,0,0,0
8907,M02625,M,304.3,315.4,1380,33.8,210,0,0,0,0,0,0
8908,M02626,M,302.6,312.4,1420,34.2,213,0,0,0,0,0,0
8909,M02627,M,302.0,310.0,1695,42.3,216,0,0,0,0,0,0
8910,H01756,H,297.2,307.4,1411,41.2,221,0,0,0,0,0,0
8911,M02628,M,300.4,308.2,1459,43.2,224,0,0,0,0,0,0
8912,M02629,M,302.4,311.0,1549,43.1,227,0,0,0,0,0,0
8913,H01757,H,301.2,310.3,1379,38.6,232,0,0,0,0,0,0
8914,L04528,L,298.0,307.0,1451,38.5,234,0,0,0,0,0,0
8915,L04529,L,298.7,308.2,1606,34.2,2,0,0,0,0,0,0
8916,L04530,L,299.1,308.1,1494,35.8,4,0,0,0,0,0,0
8917,M02630,M,298.8,307.4,1706,39.7,7,0,0,0,0,0,0
8918,H01758,H,303.1,314.6,1368,41.2,12,0,0,0,0,0,0
8919,L04531,L,296.2,305.5,1503,44.3,14,0,0,0,0,0,0
8920,M02631,M,301.3,309.1,1494,43.7,17,0,0,0,0,0,0
8921,M02632,M,297.4,307.1,1537,49.3,20,0,0,0,0,0,0
8922,L04532,L,298.1,307.0,1415,34.2,22,0,0,0,0,0,0
8923,M02633,M,296.0,305.1,1480,38.6,25,0,0,0,0,0,0
8924,H01759,H,298.9,309.6,1617,34.7,30,0,0,0,0,0,0
8925,L04533,L,303.0,312.6,1511,47.7,32,0,0,0,0,0,0
8926,M02634,M,300.5,309.4,1431,37.0,35,0,0,0,0,0,0
8927,M02635,M,297.6,308.0,1746,46.9,38,0,0,0,0,0,0
8928,L04534,L,302.0,313.2,1543,48.7,40,0,0,0,0,0,0
8929,L04535,L,302.5,313.0,1599,42.5,42,0,0,0,0,0,0
8930,H01760,H,300.2,307.8,1614,41.8,47,0,0,0,0,0,0
8931,L04536,L,304.1,313.0,1531,40.2,49,0,0,0,0,0,0
8932,L04537,L,301.6,311.7,1459,38.1,51,0,0,0,0,0,0
8933,L04538,L,301.4,311.1,1558,37.4,53,0,0,0,0,0,0
8934,M02636,M,298.4,308.1,1468,39.1,56,0,0,0,0,0,0
8935,M02637,M,301.3,310.3,1575,50.9,59,0,0,0,0,0,0
8936,M02638,M,300.4,309.0,1522,33.7,62,0,0,0,0,0,0
8937,L04539,L,301.0,313.0,1641,41.2,64,0,0,0,0,0,0
8938,H01761,H,298.6,308.7,1424,44.3,69,0,0,0,0,0,0
8939,L04540,L,300.3,310.9,1610,38.3,71,0,0,0,0,0,0
8940,L04541,L,298.4,308.4,1599,42.5,73,0,0,0,0,0,0
8941,L04542,L,295.7,305.8,1514,31.0,75,0,0,0,0,0,0
8942,L04543,L,302.0,311.9,1611,48.0,77,0,0,0,0,0,0
8943,H01762,H,297.0,305.9,1580,46.8,82,0,0,0,0,0,0
8944,H01763,H,300.2,308.7,1605,39.4,87,0,0,0,0,0,0
8945,L04544,L,300.7,311.1,1598,34.7,89,0,0,0,0,0,0
8946,H01764,H,300.7,310.8,1543,44.8,94,0,0,0,0,0,0
8947,M02639,M,299.4,310.4,1478,33.1,97,0,0,0,0,0,0
8948,H01765,H,300.5,311.3,1477,34.0,102,0,0,0,0,0,0
8949,L04545,L,300.9,310.1,1517,39.7,104,0,0,0,0,0,0
8950,M02640,M,301.5,312.6,1622,49.1,107,0,0,0,0,0,0
8951,L04546,L,303.5,314.2,1601,43.8,109,0,0,0,0,0,0
8952,H01766,H,300.5,311.2,1639,36.1,114,0,0,0,0,0,0
8953,L04547,L,300.1,312.4,1649,29.9,116,0,0,0,0,0,0
8954,M02641,M,298.2,310.2,1516,40.2,119,0,0,0,0,0,0
8955,L04548,L,300.9,311.6,1734,41.5,121,0,0,0,0,0,0
8956,L04549,L,301.3,311.9,1528,39.6,123,0,0,0,0,0,0
8957,M02642,M,299.6,310.7,1489,50.8,126,0,0,0,0,0,0
8958,H01767,H,301.1,310.5,1571,39.2,131,0,0,0,0,0,0
8959,M02643,M,299.4,308.8,1586,26.3,134,0,0,0,0,0,0
8960,H01768,H,301.3,312.0,1464,37.6,139,0,0,0,0,0,0
8961,L04550,L,301.8,311.0,1522,42.7,141,0,0,0,0,0,0
8962,M02644,M,301.8,312.4,1493,42.3,144,0,0,0,0,0,0
8963,L04551,L,300.2,310.4,1552,38.9,146,0,0,0,0,0,0
8964,L04552,L,297.9,307.1,1618,37.9,148,0,0,0,0,0,0
8965,M02645,M,298.8,308.8,1511,28.0,151,0,0,0,0,0,0
8966,M02646,M,301.2,312.5,1595,40.5,154,0,0,0,0,0,0
8967,M02647,M,304.9,315.0,1399,38.0,157,0,0,0,0,0,0
8968,M02648,M,299.3,309.4,1627,41.5,160,0,0,0,0,0,0
8969,M02649,M,300.9,311.2,1493,42.9,163,0,0,0,0,0,0
8970,L04553,L,298.9,309.3,1491,47.4,165,0,0,0,0,0,0
8971,L04554,L,298.1,307.7,1578,34.3,167,0,0,0,0,0,0
8972,M02650,M,298.6,309.0,1583,32.2,170,0,0,0,0,0,0
8973,L04555,L,295.8,304.8,1527,36.6,172,0,0,0,0,0,0
8974,L04556,L,302.7,311.9,1449,35.6,174,0,0,0,0,0,0
8975,L04557,L,295.5,304.9,1490,35.0,176,0,0,0,0,0,0
8976,M02651,M,299.5,309.9,1548,48.7,179,0,0,0,0,0,0
8977,L04558,L,297.6,307.8,1587,40.9,181,0,0,0,0,0,0
8978,M02652,M,298.2,308.1,1456,51.8,184,0,0,0,0,0,0
8979,M02653,M,302.8,313.4,1474,40.0,187,0,0,0,0,0,0
8980,L04559,L,300.4,310.8,1564,33.0,189,0,0,0,0,0,0
8981,M02654,M,298.1,307.8,1530,35.2,192,0,0,0,0,0,0
8982,M02655,M,298.8,307.8,1553,46.1,195,0,0,0,0,0,0
8983,M02656,M,298.5,307.6,1277,33.2,198,0,0,0,0,0,0
8984,M02657,M,299.9,308.4,1509,43.3,201,0,0,0,0,0,0
8985,L04560,L,300.3,310.5,1623,37.9,203,0,0,0,0,0,0
8986,M02658,M,303.8,312.9,1476,34.4,206,0,0,0,0,0,0
8987,L04561,L,296.2,305.7,1587,48.3,208,0,0,0,0,0,0
8988,H01769,H,299.9,309.8,1417,36.5,213,0,0,0,0,0,0
8989,H01770,H,299.4,310.4,1382,35.0,218,0,0,0,0,0,0
8990,M02659,M,301.9,312.8,1580,39.5,221,0,0,0,0,0,0
8991,L04562,L,300.7,310.7,1533,37.0,223,0,0,0,0,0,0
8992,L04563,L,301.2,312.4,1504,53.3,225,1,0,0,0,1,0
8993,L04564,L,300.7,308.7,1623,46.4,227,0,0,0,0,0,0
8994,L04565,L,298.1,310.0,1507,36.5,229,0,0,0,0,0,0
8995,L04566,L,302.4,313.1,1475,37.1,231,0,0,0,0,0,0
8996,M02660,M,301.6,311.7,1464,27.9,234,0,0,0,0,0,0
8997,L04567,L,301.8,310.9,1443,40.8,236,0,0,0,0,0,0
8998,H01771,H,302.5,312.1,1585,35.5,241,0,0,0,0,0,0
8999,L04568,L,300.8,311.4,1507,40.5,2,0,0,0,0,0,0
9000,H01772,H,303.0,313.6,1652,28.2,7,0,0,0,0,0,0
9001,H01773,H,300.8,311.4,1243,39.8,12,0,0,0,0,0,0
9002,M02661,M,299.6,308.8,1630,50.2,15,0,0,0,0,0,0
9003,M02662,M,300.0,309.1,1574,40.3,18,0,0,0,0,0,0
9004,L04569,L,300.0,310.1,1529,35.4,20,0,0,0,0,0,0
9005,M02663,M,299.0,309.7,1409,39.9,23,0,0,0,0,0,0
9006,L04570,L,303.3,313.3,1372,39.6,25,0,0,0,0,0,0
9007,L04571,L,300.6,312.1,1613,53.2,27,0,0,0,0,0,0
9008,M02664,M,300.2,310.2,1562,38.0,30,0,0,0,0,0,0
9009,L04572,L,300.8,310.8,1560,32.8,32,0,0,0,0,0,0
9010,M02665,M,306.0,316.6,1528,40.1,35,0,0,0,0,0,0
9011,L04573,L,297.7,309.0,1623,41.2,37,0,0,0,0,0,0
9012,L04574,L,298.3,307.0,1479,43.4,39,0,0,0,0,0,0
9013,L04575,L,297.2,306.1,1504,44.5,41,0,0,0,0,0,0
9014,L04576,L,299.5,309.2,1520,51.7,43,0,0,0,0,0,0
9015,L04577,L,300.5,313.6,1517,36.4,45,0,0,0,0,0,0
9016,L04578,L,299.1,308.8,1672,35.9,47,0,0,0,0,0,0
9017,L04579,L,298.9,308.8,1413,28.9,49,0,0,0,0,0,0
9018,H01774,H,300.3,310.9,1343,44.0,54,0,0,0,0,0,0
9019,L04580,L,299.0,310.0,1393,34.7,56,0,0,0,0,0,0
9020,M02666,M,300.6,310.8,1606,45.4,59,0,0,0,0,0,0
9021,L04581,L,302.2,313.4,1528,37.1,61,0,0,0,0,0,0
9022,H01775,H,301.4,310.2,1378,50.4,66,0,0,0,0,0,0
9023,L04582,L,301.8,311.0,1548,31.4,68,0,0,0,0,0,0
9024,L04583,L,302.2,313.3,1506,46.1,70,0,0,0,0,0,0
9025,M02667,M,300.6,310.6,1594,45.4,73,0,0,0,0,0,0
9026,L04584,L,299.7,308.4,1617,43.2,75,0,0,0,0,0,0
9027,M02668,M,298.5,307.1,1790,33.3,78,0,0,0,0,0,0
9028,L04585,L,299.2,308.4,1420,43.2,80,0,0,0,0,0,0
9029,H01776,H,299.0,309.0,1352,40.8,85,0,0,0,0,0,0
9030,L04586,L,301.5,311.9,1597,29.0,87,0,0,0,0,0,0
9031,L04587,L,300.7,310.4,1637,49.3,89,0,0,0,0,0,0
9032,M02669,M,301.4,311.8,1410,37.9,92,0,0,0,0,0,0
9033,L04588,L,297.7,307.2,1411,48.9,94,0,0,0,0,0,0
9034,H01777,H,302.9,314.1,1572,39.6,99,0,0,0,0,0,0
9035,L04589,L,299.1,311.7,1709,45.9,101,0,0,0,0,0,0
9036,M02670,M,297.8,307.4,1450,34.8,104,0,0,0,0,0,0
9037,L04590,L,299.1,309.6,1547,41.3,106,0,0,0,0,0,0
9038,H01778,H,305.0,315.4,1348,40.9,111,0,0,0,0,0,0
9039,M02671,M,299.2,309.4,1518,38.1,114,0,0,0,0,0,0
9040,L04591,L,299.3,310.0,1527,34.8,116,0,0,0,0,0,0
9041,L04592,L,299.6,310.1,1685,21.6,118,0,0,0,0,0,0
9042,L04593,L,299.7,309.2,1467,34.9,120,0,0,0,0,0,0
9043,H01779,H,298.4,309.8,1607,44.2,125,0,0,0,0,0,0
9044,L04594,L,300.3,310.5,1461,31.6,127,0,0,0,0,0,0
9045,L04595,L,302.2,311.8,1547,32.9,129,0,0,0,0,0,0
9046,L04596,L,300.6,313.1,1746,31.4,131,0,0,0,0,0,0
9047,L04597,L,297.8,307.7,1717,41.3,133,0,0,0,0,0,0
9048,M02672,M,299.3,309.6,1734,34.6,136,0,0,0,0,0,0
9049,H01780,H,298.9,309.1,1578,47.3,141,0,0,0,0,0,0
9050,M02673,M,300.1,310.0,1517,44.4,144,0,0,0,0,0,0
9051,H01781,H,302.7,313.1,1566,41.2,149,0,0,0,0,0,0
9052,M02674,M,299.7,308.9,1585,41.8,152,0,0,0,0,0,0
9053,L04598,L,299.8,310.4,1577,35.4,154,0,0,0,0,0,0
9054,L04599,L,303.6,311.8,1467,35.4,156,0,0,0,0,0,0
9055,M02675,M,301.8,310.5,1463,44.3,159,0,0,0,0,0,0
9056,H01782,H,301.1,313.0,1478,45.5,164,0,0,0,0,0,0
9057,H01783,H,303.9,312.7,1645,44.2,169,0,0,0,0,0,0
9058,L04600,L,301.0,309.0,1656,37.2,171,0,0,0,0,0,0
9059,L04601,L,296.0,304.8,1856,37.7,173,0,0,0,0,0,0
9060,L04602,L,301.7,313.4,1581,34.4,175,0,0,0,0,0,0
9061,H01784,H,296.8,305.0,1459,44.6,180,0,0,0,0,0,0
9062,H01785,H,300.9,309.9,1490,28.2,185,0,0,0,0,0,0
9063,M02676,M,296.6,305.1,1522,26.8,188,0,0,0,0,0,0
9064,L04603,L,299.1,308.8,1689,28.0,190,0,0,0,0,0,0
9065,M02677,M,299.3,308.8,1611,27.1,193,0,0,0,0,0,0
9066,L04604,L,298.5,308.0,1403,48.1,195,0,0,0,0,0,0
9067,L04605,L,299.3,311.2,1532,44.7,197,0,0,0,0,0,0
9068,M02678,M,302.1,310.9,1391,32.8,200,0,0,0,0,0,0
9069,L04606,L,298.6,308.5,1597,39.4,202,0,0,0,0,0,0
9070,L04607,L,301.1,311.4,1467,48.8,204,0,0,0,0,0,0
9071,H01786,H,298.1,307.1,1477,43.0,5,0,0,0,0,0,0
9072,M02679,M,299.6,310.1,1350,52.7,8,0,0,0,0,0,0
9073,L04608,L,300.6,310.2,1614,39.3,10,0,0,0,0,0,0
9074,M02680,M,298.0,308.4,1659,36.1,13,0,0,0,0,0,0
9075,L04609,L,297.4,307.3,1469,33.5,15,0,0,0,0,0,0
9076,M02681,M,301.0,308.9,1522,40.1,18,0,0,0,0,0,0
9077,M02682,M,302.2,313.6,1490,45.6,21,0,0,0,0,0,0
9078,M02683,M,299.8,311.9,1516,40.6,24,0,0,0,0,0,0
9079,M02684,M,299.1,308.9,1456,37.9,27,0,0,0,0,0,0
9080,L04610,L,300.3,309.4,1428,47.5,29,0,0,0,0,0,0
9081,L04611,L,300.1,311.6,1675,43.2,31,0,0,0,0,0,0
9082,L04612,L,300.5,312.4,1274,39.3,33,0,0,0,0,0,0
9083,L04613,L,294.9,304.8,1588,35.4,35,0,0,0,0,0,0
9084,M02685,M,297.9,307.6,1566,38.5,38,0,0,0,0,0,0
9085,L04614,L,298.3,308.2,1703,42.8,40,0,0,0,0,0,0
9086,L04615,L,300.3,308.6,1514,35.3,42,0,0,0,0,0,0
9087,L04616,L,300.4,310.1,1501,32.6,44,0,0,0,0,0,0
9088,H01787,H,301.3,313.0,1457,37.1,49,0,0,0,0,0,0
9089,L04617,L,300.5,310.3,1574,39.7,51,0,0,0,0,0,0
9090,M02686,M,297.4,306.4,1467,48.2,54,0,0,0,0,0,0
9091,L04618,L,302.9,313.4,1425,33.0,56,0,0,0,0,0,0
9092,L04619,L,302.5,311.9,1464,41.4,58,0,0,0,0,0,0
9093,L04620,L,297.5,307.4,1443,38.3,60,0,0,0,0,0,0
9094,M02687,M,300.7,309.4,1437,38.6,63,0,0,0,0,0,0
9095,M02688,M,298.8,307.8,1547,49.2,66,0,0,0,0,0,0
9096,H01788,H,300.3,311.0,1519,40.5,71,0,0,0,0,0,0
9097,L04621,L,302.1,312.2,1593,34.5,73,0,0,0,0,0,0
9098,L04622,L,304.3,313.5,1553,45.3,75,0,0,0,0,0,0
9099,H01789,H,301.5,311.6,1418,44.9,80,0,0,0,0,0,0
9100,L04623,L,300.6,310.0,1326,34.0,82,0,0,0,0,0,0
9101,M02689,M,299.3,308.5,1432,32.8,85,0,0,0,0,0,0
9102,M02690,M,300.4,311.5,1614,42.5,88,0,0,0,0,0,0
9103,L04624,L,302.7,313.5,1612,39.8,90,0,0,0,0,0,0
9104,M02691,M,299.9,309.9,1636,37.2,93,0,0,0,0,0,0
9105,L04625,L,298.2,308.4,1622,46.3,95,0,0,0,0,0,0
9106,L04626,L,296.8,306.8,1647,36.4,97,0,0,0,0,0,0
9107,L04627,L,301.0,311.5,1579,42.5,99,0,0,0,0,0,0
9108,H01790,H,300.5,309.7,1718,47.0,104,0,0,0,0,0,0
9109,L04628,L,298.7,309.6,1567,38.0,106,0,0,0,0,0,0
9110,M02692,M,302.1,312.4,1738,29.0,109,0,0,0,0,0,0
9111,H01791,H,299.2,308.9,1475,37.6,114,0,0,0,0,0,0
9112,M02693,M,299.7,309.2,1473,41.1,117,0,0,0,0,0,0
9113,M02694,M,300.0,310.8,1519,46.0,120,0,0,0,0,0,0
9114,L04629,L,299.3,309.1,1534,36.9,122,0,0,0,0,0,0
9115,L04630,L,300.5,309.8,1506,50.3,124,0,0,0,0,0,0
9116,L04631,L,302.3,311.9,1592,32.2,126,0,0,0,0,0,0
9117,M02695,M,297.7,308.5,1528,41.0,129,0,0,0,0,0,0
9118,H01792,H,301.0,309.4,1477,38.6,134,0,0,0,0,0,0
9119,H01793,H,300.3,310.0,1498,48.1,139,0,0,0,0,0,0
9120,H01794,H,300.3,311.4,1660,31.2,144,0,0,0,0,0,0
9121,H01795,H,301.7,311.6,1570,42.6,149,0,0,0,0,0,0
9122,L04632,L,300.1,310.4,1370,38.5,151,0,0,0,0,0,0
9123,M02696,M,301.0,312.0,1689,49.2,154,0,0,0,0,0,0
9124,H01796,H,301.4,312.3,1581,35.0,159,0,0,0,0,0,0
9125,L04633,L,299.0,308.6,1602,42.5,161,0,0,0,0,0,0
9126,H01797,H,300.6,310.5,1631,35.0,166,0,0,0,0,0,0
9127,L04634,L,299.5,310.4,1636,41.1,168,0,0,0,0,0,0
9128,M02697,M,299.7,310.7,1446,37.8,171,0,0,0,0,0,0
9129,M02698,M,299.4,309.3,1431,37.7,174,0,0,0,0,0,0
9130,H01798,H,300.9,310.9,1778,28.1,179,0,0,0,0,0,0
9131,L04635,L,300.2,310.4,1468,42.5,181,0,0,0,0,0,0
9132,M02699,M,300.8,312.2,1576,33.5,184,0,0,0,0,0,0
9133,M02700,M,300.0,311.0,1701,33.3,187,0,0,0,0,0,0
9134,L04636,L,296.8,307.5,1494,30.7,189,0,0,0,0,0,0
9135,M02701,M,300.1,309.0,1502,33.7,192,0,0,0,0,0,0
9136,M02702,M,300.1,309.9,1631,43.0,195,0,0,0,0,0,0
9137,M02703,M,300.5,310.3,1559,42.7,198,0,0,0,0,0,0
9138,L04637,L,298.8,310.2,1588,44.0,200,0,0,0,0,0,0
9139,L04638,L,297.6,307.4,1530,33.8,202,0,0,0,0,0,0
9140,M02704,M,301.2,312.5,1485,41.3,205,0,0,0,0,0,0
9141,L04639,L,299.5,308.9,1505,36.3,207,0,0,0,0,0,0
9142,L04640,L,300.3,309.9,1657,45.7,209,0,0,0,0,0,0
9143,H01799,H,299.4,309.9,1508,42.6,214,0,0,0,0,0,0
9144,M02705,M,300.0,311.6,1581,36.1,217,0,0,0,0,0,0
9145,M02706,M,299.1,308.9,1441,46.2,220,0,0,0,0,0,0
9146,L04641,L,298.1,305.5,1742,43.0,222,0,0,0,0,0,0
9147,L04642,L,300.9,309.4,1570,31.7,224,0,0,0,0,0,0
9148,L04643,L,298.8,309.1,1572,30.0,226,0,0,0,0,0,0
9149,L04644,L,300.3,308.9,1631,31.9,228,0,0,0,0,0,0
9150,M02707,M,300.8,310.0,1490,49.9,231,0,0,0,0,0,0
9151,M02708,M,298.8,308.8,1657,33.9,234,0,0,0,0,0,0
9152,L04645,L,297.6,305.1,1386,51.3,236,1,0,0,0,1,0
9153,L04646,L,304.9,314.5,1477,33.6,238,0,0,0,0,0,0
9154,L04647,L,298.9,307.8,1458,33.0,240,0,0,0,0,0,0
9155,L04648,L,301.2,309.7,1350,45.3,2,1,0,1,0,0,0
9156,L04649,L,303.9,313.1,1485,45.6,4,0,0,0,0,0,0
9157,H01800,H,301.6,310.5,1533,43.3,9,0,0,0,0,0,0
9158,M02709,M,299.4,309.9,1429,44.1,12,0,0,0,0,0,0
9159,M02710,M,299.9,311.1,1415,35.2,15,0,0,0,0,0,0
9160,L04650,L,298.3,308.0,1542,45.0,17,0,0,0,0,0,0
9161,H01801,H,301.8,311.2,1530,41.4,22,0,0,0,0,0,0
9162,M02711,M,301.1,310.7,1511,37.8,25,0,0,0,0,0,0
9163,M02712,M,299.0,307.9,1411,40.6,28,0,0,0,0,0,0
9164,L04651,L,297.9,306.6,1499,46.4,30,0,0,0,0,0,0
9165,H01802,H,297.4,305.7,1471,42.4,35,0,0,0,0,0,0
9166,H01803,H,302.0,310.6,1547,27.1,40,0,0,0,0,0,0
9167,H01804,H,300.2,311.9,1482,45.3,45,0,0,0,0,0,0
9168,L04652,L,300.4,309.7,1534,44.9,47,0,0,0,0,0,0
9169,L04653,L,298.4,305.4,1407,37.7,49,0,0,0,0,0,0
9170,L04654,L,297.1,306.5,1398,40.7,51,0,0,0,0,0,0
9171,L04655,L,301.9,310.3,1594,40.7,53,0,0,0,0,0,0
9172,H01805,H,300.1,310.1,1615,28.1,58,0,0,0,0,0,0
9173,L04656,L,301.8,311.8,1499,37.6,60,0,0,0,0,0,0
9174,L04657,L,299.2,309.3,1541,37.8,62,0,0,0,0,0,0
9175,L04658,L,299.5,309.5,1493,39.0,64,0,0,0,0,0,0
9176,L04659,L,301.4,311.1,1648,36.8,66,0,0,0,0,0,0
9177,L04660,L,301.5,310.0,1518,44.0,68,0,0,0,0,0,0
9178,M02713,M,301.6,311.5,1488,35.1,71,0,0,0,0,0,0
9179,M02714,M,299.4,310.4,1635,45.5,74,0,0,0,0,0,0
9180,L04661,L,301.2,313.0,1461,43.7,76,0,0,0,0,0,0
9181,L04662,L,302.2,312.0,1554,48.2,78,0,0,0,0,0,0
9182,L04663,L,299.8,309.7,1433,50.4,80,0,0,0,0,0,0
9183,L04664,L,299.0,309.5,1604,50.4,82,0,0,0,0,0,0
9184,M02715,M,302.7,314.2,1620,32.9,85,0,0,0,0,0,0
9185,M02716,M,298.7,308.2,1409,42.1,88,0,0,0,0,0,0
9186,M02717,M,301.3,312.0,1394,35.7,91,0,0,0,0,0,0
9187,M02718,M,299.9,309.1,1567,59.7,94,1,0,0,1,0,0
9188,L04665,L,296.3,306.6,1732,43.7,96,0,0,0,0,0,0
9189,H01806,H,302.3,313.2,1626,48.5,101,0,0,0,0,0,0
9190,H01807,H,294.5,303.2,1517,42.6,106,0,0,0,0,0,0
9191,H01808,H,296.0,305.5,1453,24.2,111,0,0,0,0,0,0
9192,L04666,L,301.1,312.0,1416,35.3,113,0,0,0,0,0,0
9193,H01809,H,301.1,311.7,1610,35.9,118,0,0,0,0,0,0
9194,H01810,H,298.7,309.8,1630,37.7,123,0,0,0,0,0,0
9195,H01811,H,300.3,311.1,1475,42.2,128,0,0,0,0,0,0
9196,L04667,L,294.9,304.6,1513,43.0,130,0,0,0,0,0,0
9197,M02719,M,301.4,313.6,1543,24.2,133,0,0,0,0,0,0
9198,H01812,H,300.5,310.6,1719,38.6,138,0,0,0,0,0,0
9199,M02720,M,299.9,306.9,1545,37.1,141,0,0,0,0,0,0
9200,M02721,M,300.0,309.8,1440,48.3,144,0,0,0,0,0,0
9201,H01813,H,301.0,310.5,1422,43.6,149,0,0,0,0,0,0
9202,L04668,L,299.9,310.7,1447,38.9,151,0,0,0,0,0,0
9203,M02722,M,296.3,305.8,1664,41.3,154,0,0,0,0,0,0
9204,L04669,L,304.4,315.5,1589,29.9,156,0,0,0,0,0,0
9205,H01814,H,302.4,313.0,1503,44.0,161,0,0,0,0,0,0
9206,L04670,L,297.4,306.4,1245,37.6,163,0,0,0,0,0,0
9207,M02723,M,299.3,309.2,1453,35.2,166,0,0,0,0,0,0
9208,M02724,M,299.5,308.8,1572,47.9,169,0,0,0,0,0,0
9209,M02725,M,302.2,312.3,1573,41.6,172,0,0,0,0,0,0
9210,M02726,M,295.7,304.9,1572,36.0,175,0,0,0,0,0,0
9211,H01815,H,299.0,309.1,1403,36.4,180,0,0,0,0,0,0
9212,H01816,H,296.5,306.2,1556,42.2,185,0,0,0,0,0,0
9213,L04671,L,299.4,309.3,1440,41.7,187,0,0,0,0,0,0
9214,L04672,L,299.1,311.1,1538,40.2,189,0,0,0,0,0,0
9215,L04673,L,300.2,309.8,1461,32.8,191,0,0,0,0,0,0
9216,L04674,L,298.8,306.9,1645,33.7,193,0,0,0,0,0,0
9217,M02727,M,298.5,309.5,1572,35.5,196,0,0,0,0,0,0
9218,H01817,H,301.2,312.2,1524,38.8,201,0,0,0,0,0,0
9219,H01818,H,300.9,308.9,1676,39.8,206,0,0,0,0,0,0
9220,L04675,L,301.1,310.4,1501,39.0,208,0,0,0,0,0,0
9221,L04676,L,299.6,310.1,1396,39.3,210,0,0,0,0,0,0
9222,M02728,M,298.9,309.4,1644,51.3,213,0,0,0,0,0,0
9223,M02729,M,299.8,309.8,1563,45.1,216,0,0,0,0,0,0
9224,L04677,L,301.0,311.0,1506,47.1,218,0,0,0,0,0,0
9225,H01819,H,295.6,304.7,1474,42.8,223,0,0,0,0,0,0
9226,H01820,H,300.8,308.4,1589,40.4,228,0,0,0,0,0,0
9227,L04678,L,300.6,312.7,1619,42.5,230,0,0,0,0,0,0
9228,H01821,H,300.1,309.2,1461,41.4,235,0,0,0,0,0,0
9229,L04679,L,299.7,309.9,1595,44.8,237,0,0,0,0,0,0
9230,M02730,M,294.9,304.7,1563,34.1,3,0,0,0,0,0,0
9231,L04680,L,299.1,310.0,1455,44.3,5,0,0,0,0,0,0
9232,L04681,L,303.6,313.7,1538,41.0,7,0,0,0,0,0,0
9233,H01822,H,300.0,310.2,1483,29.2,12,0,0,0,0,0,0
9234,L04682,L,299.4,306.8,1662,40.5,14,0,0,0,0,0,0
9235,M02731,M,300.0,309.2,1473,32.2,17,0,0,0,0,0,0
9236,L04683,L,300.7,311.5,1689,36.8,19,0,0,0,0,0,0
9237,L04684,L,301.3,312.0,1551,39.0,21,0,0,0,0,0,0
9238,L04685,L,299.5,308.6,1363,31.0,23,0,0,0,0,0,0
9239,L04686,L,300.8,309.3,1321,39.7,25,1,0,1,0,0,0
9240,M02732,M,303.4,313.5,1517,40.4,28,0,0,0,0,0,0
9241,L04687,L,302.0,309.1,1671,44.5,30,0,0,0,0,0,0
9242,M02733,M,304.7,313.5,1661,37.3,33,0,0,0,0,0,0
9243,M02734,M,298.7,310.4,1555,41.6,36,0,0,0,0,0,0
9244,M02735,M,303.4,314.8,1464,39.4,39,0,0,0,0,0,0
9245,L04688,L,298.4,308.9,1496,37.5,41,0,0,0,0,0,0
9246,H01823,H,300.7,311.0,1559,30.0,46,0,0,0,0,0,0
9247,L04689,L,301.5,309.5,1647,39.3,48,0,0,0,0,0,0
9248,L04690,L,299.0,308.2,1595,44.5,50,0,0,0,0,0,0
9249,L04691,L,300.2,309.9,1635,34.4,52,0,0,0,0,0,0
9250,L04692,L,301.8,311.1,1602,38.7,54,0,0,0,0,0,0
9251,L04693,L,298.6,308.2,1632,39.6,56,0,0,0,0,0,0
9252,M02736,M,303.3,314.6,1312,46.6,59,0,0,0,0,0,0
9253,L04694,L,297.2,306.7,1449,40.2,61,0,0,0,0,0,0
9254,L04695,L,303.9,313.5,1428,41.7,63,0,0,0,0,0,0
9255,M02737,M,302.0,312.7,1418,39.9,66,0,0,0,0,0,0
9256,L04696,L,299.8,308.4,1539,37.0,68,0,0,0,0,0,0
9257,L04697,L,299.2,308.4,1393,33.2,70,0,0,0,0,0,0
9258,L04698,L,299.0,308.2,1444,38.3,72,0,0,0,0,0,0
9259,M02738,M,299.7,309.8,1528,42.4,75,0,0,0,0,0,0
9260,L04699,L,299.9,309.6,1378,40.7,77,0,0,0,0,0,0
9261,L04700,L,302.5,312.2,1489,48.9,79,0,0,0,0,0,0
9262,M02739,M,303.9,313.3,1602,45.7,82,0,0,0,0,0,0
9263,M02740,M,300.4,309.3,1415,47.4,85,0,0,0,0,0,0
9264,M02741,M,298.3,308.9,1618,27.8,88,0,0,0,0,0,0
9265,H01824,H,298.9,308.6,1457,49.5,93,0,0,0,0,0,0
9266,L04701,L,299.6,310.3,1565,41.6,95,0,0,0,0,0,0
9267,L04702,L,297.9,306.8,1427,42.5,97,0,0,0,0,0,0
9268,L04703,L,297.6,307.0,1583,45.4,99,0,0,0,0,0,0
9269,L04704,L,304.2,314.0,1508,40.1,101,0,0,0,0,0,0
9270,L04705,L,300.6,310.5,1585,33.6,103,0,0,0,0,0,0
9271,L04706,L,298.3,309.1,1483,48.7,105,0,0,0,0,0,0
9272,M02742,M,301.6,311.2,1594,35.4,108,0,0,0,0,0,0
9273,M02743,M,297.6,308.4,1623,34.1,111,0,0,0,0,0,0
9274,L04707,L,297.8,308.2,1550,38.6,113,0,0,0,0,0,0
9275,M02744,M,298.4,308.3,1490,37.7,116,0,0,0,0,0,0
9276,L04708,L,303.3,312.4,1515,40.0,118,0,0,0,0,0,0
9277,L04709,L,299.5,310.3,1412,39.4,120,0,0,0,0,0,0
9278,M02745,M,295.1,304.2,1558,48.1,123,0,0,0,0,0,0
9279,L04710,L,302.4,312.4,1600,42.8,125,0,0,0,0,0,0
9280,L04711,L,299.4,309.3,1695,34.9,127,0,0,0,0,0,0
9281,L04712,L,296.3,306.1,1669,35.7,129,0,0,0,0,0,0
9282,H01825,H,299.4,309.0,1440,37.7,134,0,0,0,0,0,0
9283,M02746,M,301.0,310.2,1559,37.7,137,0,0,0,0,0,0
9284,L04713,L,300.8,309.2,1525,36.9,139,0,0,0,0,0,0
9285,H01826,H,303.6,315.0,1660,33.4,144,0,0,0,0,0,0
9286,M02747,M,298.3,307.8,1467,41.7,147,0,0,0,0,0,0
9287,M02748,M,300.1,310.0,1626,37.3,150,0,0,0,0,0,0
9288,H01827,H,298.6,308.5,1439,34.3,155,0,0,0,0,0,0
9289,L04714,L,296.9,308.0,1527,42.9,157,0,0,0,0,0,0
9290,L04715,L,301.8,313.7,1450,45.1,159,0,0,0,0,0,0
9291,M02749,M,300.9,311.1,1341,38.5,162,0,0,0,0,0,0
9292,M02750,M,300.6,310.4,1448,50.7,165,0,0,0,0,0,0
9293,M02751,M,300.9,309.7,1512,53.3,168,0,0,0,0,0,0
9294,M02752,M,298.6,307.2,1681,43.0,171,0,0,0,0,0,0
9295,H01828,H,298.0,306.2,1429,37.2,176,0,0,0,0,0,0
9296,H01829,H,300.1,309.3,1477,41.6,181,0,0,0,0,0,0
9297,H01830,H,302.3,310.2,1394,32.7,186,0,0,0,0,0,0
9298,H01831,H,303.2,314.3,1654,34.8,191,0,0,0,0,0,0
9299,H01832,H,301.6,312.0,1492,29.9,196,0,0,0,0,0,0
9300,L04716,L,300.1,309.8,1504,36.2,198,0,0,0,0,0,0
9301,L04717,L,300.5,311.6,1503,32.6,200,0,0,0,0,0,0
9302,L04718,L,300.0,309.0,1343,43.7,202,0,0,0,0,0,0
9303,H01833,H,297.9,307.1,1391,35.5,207,0,0,0,0,0,0
9304,M02753,M,300.0,308.1,1443,41.7,210,0,0,0,0,0,0
9305,M02754,M,297.3,308.1,1600,44.5,213,0,0,0,0,0,0
9306,L04719,L,299.8,308.9,1288,47.0,215,0,0,0,0,0,0
9307,L04720,L,303.3,313.3,1592,37.9,217,0,0,0,0,0,0
9308,M02755,M,301.6,312.6,1572,41.9,220,0,0,0,0,0,0
9309,L04721,L,298.2,309.5,1357,42.1,222,0,0,0,0,0,0
9310,L04722,L,299.9,309.8,1506,47.6,224,0,0,0,0,0,0
9311,L04723,L,298.3,308.7,1654,44.7,226,0,0,0,0,0,0
9312,L04724,L,299.9,309.0,1431,47.8,228,0,0,0,0,0,0
9313,M02756,M,302.1,313.8,1483,30.0,231,0,0,0,0,0,0
9314,L04725,L,301.3,311.1,1814,36.0,2,0,0,0,0,0,0
9315,M02757,M,305.0,315.0,1571,46.2,5,0,0,0,0,0,0
9316,L04726,L,302.4,312.0,1512,43.5,7,0,0,0,0,0,0
9317,H01834,H,300.4,311.6,1490,39.2,12,0,0,0,0,0,0
9318,L04727,L,301.4,311.6,1575,37.2,14,0,0,0,0,0,0
9319,M02758,M,299.6,310.4,1606,44.7,17,0,0,0,0,0,0
9320,M02759,M,297.7,308.1,1322,28.1,20,0,0,0,0,0,0
9321,L04728,L,302.6,312.4,1315,44.8,22,0,0,0,0,0,0
9322,H01835,H,302.0,312.9,1438,40.5,27,0,0,0,0,0,0
9323,M02760,M,299.5,309.9,1523,37.1,30,0,0,0,0,0,0
9324,L04729,L,300.5,309.6,1546,43.0,32,0,0,0,0,0,0
9325,L04730,L,302.5,311.5,1368,37.7,34,0,0,0,0,0,0
9326,H01836,H,301.7,311.8,1518,40.2,39,0,0,0,0,0,0
9327,M02761,M,297.1,308.0,1531,39.7,42,0,0,0,0,0,0
9328,L04731,L,300.5,312.1,1453,44.5,44,0,0,0,0,0,0
9329,L04732,L,299.7,307.9,1485,41.0,46,0,0,0,0,0,0
9330,H01837,H,302.2,312.3,1465,28.5,51,0,0,0,0,0,0
9331,M02762,M,302.1,312.6,1584,31.6,54,0,0,0,0,0,0
9332,M02763,M,302.6,312.9,1539,33.5,57,0,0,0,0,0,0
9333,L04733,L,297.8,308.8,1424,42.7,59,0,0,0,0,0,0
9334,M02764,M,298.4,309.1,1634,43.3,62,0,0,0,0,0,0
9335,L04734,L,302.2,311.2,1401,50.0,64,0,0,0,0,0,0
9336,L04735,L,298.8,307.8,1367,33.9,66,0,0,0,0,0,0
9337,M02765,M,297.0,307.3,1513,47.9,69,0,0,0,0,0,0
9338,H01838,H,301.1,312.1,1513,28.4,74,0,0,0,0,0,0
9339,L04736,L,298.9,309.0,1545,40.1,76,0,0,0,0,0,0
9340,L04737,L,303.6,312.0,1420,41.5,78,0,0,0,0,0,0
9341,M02766,M,300.6,309.5,1627,41.4,81,0,0,0,0,0,0
9342,M02767,M,300.3,311.0,1709,38.1,84,0,0,0,0,0,0
9343,H01839,H,299.3,308.9,1536,40.7,89,0,0,0,0,0,0
9344,M02768,M,303.2,313.3,1570,32.6,92,0,0,0,0,0,0
9345,L04738,L,300.7,311.8,1326,45.2,94,0,0,0,0,0,0
9346,H01840,H,299.2,308.0,1495,41.5,99,0,0,0,0,0,0
9347,M02769,M,298.4,308.0,1468,42.2,102,0,0,0,0,0,0
9348,H01841,H,299.9,309.3,1452,38.3,107,0,0,0,0,0,0
9349,M02770,M,298.0,308.4,1472,38.0,110,0,0,0,0,0,0
9350,H01842,H,302.1,312.8,1482,43.1,115,0,0,0,0,0,0
9351,L04739,L,296.4,304.9,1393,49.5,117,0,0,0,0,0,0
9352,L04740,L,299.7,309.7,1489,31.6,119,0,0,0,0,0,0
9353,H01843,H,301.2,312.1,1434,31.3,124,0,0,0,0,0,0
9354,L04741,L,300.7,308.8,1617,41.6,126,0,0,0,0,0,0
9355,L04742,L,298.6,308.5,1571,38.0,128,0,0,0,0,0,0
9356,M02771,M,301.3,310.1,1571,40.7,131,0,0,0,0,0,0
9357,H01844,H,298.2,307.6,1636,39.9,136,0,0,0,0,0,0
9358,L04743,L,300.0,307.5,1455,43.7,138,0,0,0,0,0,0
9359,H01845,H,301.3,312.7,1565,38.3,143,0,0,0,0,0,0
9360,M02772,M,300.9,310.6,1645,32.8,146,0,0,0,0,0,0
9361,M02773,M,298.6,307.8,1448,35.3,149,0,0,0,0,0,0
9362,H01846,H,302.4,312.7,1335,39.0,154,0,0,0,0,0,0
9363,L04744,L,300.2,309.1,1469,32.5,156,0,0,0,0,0,0
9364,L04745,L,301.5,310.3,1634,39.8,158,0,0,0,0,0,0
9365,L04746,L,303.1,314.6,1443,40.4,160,0,0,0,0,0,0
9366,M02774,M,302.2,314.0,1491,37.9,163,0,0,0,0,0,0
9367,M02775,M,302.2,311.6,1460,41.3,166,0,0,0,0,0,0
9368,H01847,H,300.4,311.5,1519,30.3,171,0,0,0,0,0,0
9369,M02776,M,301.6,311.9,1433,34.3,174,0,0,0,0,0,0
9370,M02777,M,300.4,309.0,1390,33.1,177,0,0,0,0,0,0
9371,M02778,M,297.6,306.7,1494,45.3,180,0,0,0,0,0,0
9372,L04747,L,300.6,312.2,1511,53.8,182,0,0,0,0,0,0
9373,L04748,L,300.5,309.1,1650,34.7,184,0,0,0,0,0,0
9374,H01848,H,301.2,313.4,1545,38.6,189,0,0,0,0,0,0
9375,L04749,L,299.7,309.2,1421,35.8,191,0,0,0,0,0,0
9376,L04750,L,298.5,310.1,1465,41.3,193,0,0,0,0,0,0
9377,M02779,M,301.3,311.0,1609,36.3,196,0,0,0,0,0,0
9378,L04751,L,297.4,308.2,1496,41.7,198,0,0,0,0,0,0
9379,H01849,H,302.9,314.3,1429,44.0,203,0,0,0,0,0,0
9380,L04752,L,299.5,310.9,1546,32.7,205,0,0,0,0,0,0
9381,L04753,L,300.5,309.9,1459,41.6,207,0,0,0,0,0,0
9382,L04754,L,301.1,310.3,1586,29.2,209,0,0,0,0,0,0
9383,M02780,M,301.2,311.1,1574,38.5,212,0,0,0,0,0,0
9384,L04755,L,297.2,305.9,1423,38.1,214,0,0,0,0,0,0
9385,M02781,M,301.6,311.9,1716,38.6,217,0,0,0,0,0,0
9386,H01850,H,300.6,309.8,1526,38.1,222,0,0,0,0,0,0
9387,H01851,H,298.7,309.8,1272,37.0,227,0,0,0,0,0,0
9388,L04756,L,298.5,307.9,1576,38.4,2,0,0,0,0,0,0
9389,L04757,L,299.3,307.6,1278,41.4,4,1,0,1,0,0,0
9390,M02782,M,297.4,308.8,1642,41.6,7,0,0,0,0,0,0
9391,H01852,H,303.4,313.6,1544,40.7,12,0,0,0,0,0,0
9392,H01853,H,303.0,313.0,1523,36.6,17,0,0,0,0,0,0
9393,L04758,L,300.9,312.0,1530,46.5,19,0,0,0,0,0,0
9394,M02783,M,299.6,310.4,1588,49.2,22,0,0,0,0,0,0
9395,L04759,L,299.6,308.8,1481,32.3,24,0,0,0,0,0,0
9396,L04760,L,301.5,311.1,1529,41.0,26,0,0,0,0,0,0
9397,L04761,L,303.5,312.4,1541,37.2,28,0,0,0,0,0,0
9398,L04762,L,298.9,307.4,1241,45.6,30,1,0,1,0,0,0
9399,L04763,L,297.8,308.3,1589,39.9,32,0,0,0,0,0,0
9400,L04764,L,303.1,313.5,1606,40.3,34,0,0,0,0,0,0
9401,M02784,M,296.4,307.2,1575,43.0,37,0,0,0,0,0,0
9402,L04765,L,298.0,309.3,1568,38.2,39,0,0,0,0,0,0
9403,M02785,M,299.5,310.3,1689,50.1,42,0,0,0,0,0,0
9404,L04766,L,296.9,307.7,1525,43.1,44,0,0,0,0,0,0
9405,L04767,L,302.2,310.1,1529,45.6,46,0,0,0,0,0,0
9406,L04768,L,301.7,311.4,1464,38.7,48,0,0,0,0,0,0
9407,L04769,L,298.9,309.8,1338,39.3,50,0,0,0,0,0,0
9408,M02786,M,302.6,311.4,1575,44.9,53,0,0,0,0,0,0
9409,L04770,L,302.9,313.0,1475,44.3,55,0,0,0,0,0,0
9410,M02787,M,299.8,310.3,1337,32.5,58,0,0,0,0,0,0
9411,L04771,L,299.1,309.5,1522,40.8,60,0,0,0,0,0,0
9412,M02788,M,304.5,314.9,1519,42.8,63,0,0,0,0,0,0
9413,M02789,M,301.4,312.0,1506,39.2,66,0,0,0,0,0,0
9414,L04772,L,300.5,310.7,1543,42.3,68,0,0,0,0,0,0
9415,L04773,L,302.7,311.3,1373,39.5,70,1,0,1,0,0,0
9416,L04774,L,300.6,311.1,1629,26.5,72,0,0,0,0,0,0
9417,M02790,M,299.0,309.3,1573,32.1,75,0,0,0,0,0,0
9418,L04775,L,300.2,308.7,1654,45.8,77,0,0,0,0,0,0
9419,M02791,M,302.1,313.5,1474,38.5,80,0,0,0,0,0,0
9420,M02792,M,296.0,306.5,1573,41.1,83,0,0,0,0,0,0
9421,H01854,H,299.4,308.0,1343,40.0,88,0,0,0,0,0,0
9422,M02793,M,302.8,311.9,1446,35.0,91,0,0,0,0,0,0
9423,M02794,M,299.0,308.4,1392,37.2,94,0,0,0,0,0,0
9424,L04776,L,303.1,312.5,1555,42.0,96,0,0,0,0,0,0
9425,H01855,H,302.8,313.1,1419,42.6,101,0,0,0,0,0,0
9426,M02795,M,299.9,308.9,1486,53.1,104,0,0,0,0,0,0
9427,L04777,L,298.9,310.0,1529,37.1,106,0,0,0,0,0,0
9428,H01856,H,299.4,310.5,1489,50.0,111,0,0,0,0,0,0
9429,L04778,L,305.3,315.9,1398,34.8,113,0,0,0,0,0,0
9430,H01857,H,303.7,313.8,1694,42.9,118,0,0,0,0,0,0
9431,H01858,H,300.3,311.2,1541,41.1,123,0,0,0,0,0,0
9432,L04779,L,298.8,308.5,1695,39.2,125,0,0,0,0,0,0
9433,M02796,M,300.2,309.5,1426,40.0,128,0,0,0,0,0,0
9434,L04780,L,300.5,311.7,1492,36.3,130,0,0,0,0,0,0
9435,L04781,L,297.5,307.8,1538,45.4,132,0,0,0,0,0,0
9436,L04782,L,300.2,309.5,1683,34.9,134,0,0,0,0,0,0
9437,M02797,M,302.6,312.2,1694,41.9,137,0,0,0,0,0,0
9438,L04783,L,296.4,305.7,1486,44.5,139,0,0,0,0,0,0
9439,L04784,L,301.7,313.7,1457,48.3,141,0,0,0,0,0,0
9440,M02798,M,302.7,312.8,1529,45.8,144,0,0,0,0,0,0
9441,L04785,L,298.9,309.0,1650,43.4,146,0,0,0,0,0,0
9442,L04786,L,303.4,314.1,1543,36.2,148,0,0,0,0,0,0
9443,L04787,L,298.6,307.4,1561,35.3,150,0,0,0,0,0,0
9444,L04788,L,300.9,312.0,1649,33.2,152,0,0,0,0,0,0
9445,L04789,L,299.4,308.8,1632,32.6,154,0,0,0,0,0,0
9446,L04790,L,299.4,311.2,1636,40.0,156,0,0,0,0,0,0
9447,H01859,H,298.8,308.5,1600,35.6,161,0,0,0,0,0,0
9448,M02799,M,301.4,312.4,1673,47.2,164,0,0,0,0,0,0
9449,L04791,L,301.7,309.2,1416,36.5,166,0,0,0,0,0,0
9450,L04792,L,299.9,308.7,1763,40.6,168,0,0,0,0,0,0
9451,L04793,L,297.3,307.0,1644,38.4,170,0,0,0,0,0,0
9452,M02800,M,300.8,308.8,1522,31.6,173,0,0,0,0,0,0
9453,L04794,L,300.8,311.4,1649,46.5,175,0,0,0,0,0,0
9454,L04795,L,299.6,309.9,1503,44.2,177,0,0,0,0,0,0
9455,H01860,H,303.7,312.7,1585,44.9,182,0,0,0,0,0,0
9456,L04796,L,296.9,306.9,1597,43.6,184,0,0,0,0,0,0
9457,L04797,L,295.6,306.4,1624,35.4,186,0,0,0,0,0,0
9458,H01861,H,298.5,306.4,1492,35.6,191,0,0,0,0,0,0
9459,M02801,M,301.4,310.1,1626,42.7,194,0,0,0,0,0,0
9460,L04798,L,297.9,307.6,1494,49.3,196,0,0,0,0,0,0
9461,M02802,M,298.0,308.1,1611,42.3,199,0,0,0,0,0,0
9462,L04799,L,301.9,311.8,1536,45.9,201,0,0,0,0,0,0
9463,M02803,M,300.9,311.8,1356,36.8,204,0,0,0,0,0,0
9464,L04800,L,300.8,311.2,1464,46.6,206,0,0,0,0,0,0
9465,H01862,H,301.6,312.3,1623,37.5,211,1,1,0,0,0,0
9466,H01863,H,299.1,307.8,1508,41.4,5,0,0,0,0,0,0
9467,H01864,H,299.2,309.4,1659,37.8,10,0,0,0,0,0,0
9468,H01865,H,301.6,311.3,1417,45.3,15,0,0,0,0,0,0
9469,M02804,M,297.3,308.8,1608,45.4,18,0,0,0,0,0,0
9470,L04801,L,295.7,305.9,1533,31.1,20,0,0,0,0,0,0
9471,L04802,L,299.1,308.5,1513,48.0,22,0,0,0,0,0,0
9472,M02805,M,301.9,312.7,1420,54.3,25,0,0,0,0,0,0
9473,H01866,H,300.5,311.1,1559,37.9,30,0,0,0,0,0,0
9474,L04803,L,301.7,310.9,1437,39.2,32,0,0,0,0,0,0
9475,H01867,H,296.0,305.6,1474,47.4,37,0,0,0,0,0,0
9476,H01868,H,300.6,310.3,1524,40.4,42,0,0,0,0,0,0
9477,H01869,H,301.3,312.5,1501,40.0,47,0,0,0,0,0,0
9478,H01870,H,297.3,307.5,1641,51.4,52,0,0,0,0,0,0
9479,L04804,L,301.7,312.5,1279,31.9,54,0,0,0,0,0,0
9480,L04805,L,299.8,309.3,1520,35.3,56,0,0,0,0,0,0
9481,L04806,L,306.1,316.5,1502,42.5,58,0,0,0,0,0,0
9482,L04807,L,295.6,306.9,1537,30.3,60,0,0,0,0,0,0
9483,M02806,M,302.7,312.4,1484,37.8,63,0,0,0,0,0,0
9484,H01871,H,299.2,309.3,1640,37.7,68,0,0,0,0,0,0
9485,H01872,H,296.8,305.4,1512,45.8,73,0,0,0,0,0,0
9486,M02807,M,298.9,308.2,1551,44.2,76,0,0,0,0,0,0
9487,L04808,L,300.6,310.2,1627,29.9,78,0,0,0,0,0,0
9488,L04809,L,302.1,311.0,1543,35.8,80,0,0,0,0,0,0
9489,L04810,L,303.4,314.8,1411,35.9,82,0,0,0,0,0,0
9490,L04811,L,302.8,312.0,1495,38.7,84,0,0,0,0,0,0
9491,M02808,M,298.1,308.9,1526,33.4,87,0,0,0,0,0,0
9492,L04812,L,302.3,312.4,1373,42.7,89,0,0,0,0,0,0
9493,L04813,L,300.8,310.8,1467,35.8,91,0,0,0,0,0,0
9494,L04814,L,298.7,310.2,1531,43.5,93,0,0,0,0,0,0
9495,M02809,M,299.6,307.3,1739,40.0,96,0,0,0,0,0,0
9496,L04815,L,298.6,308.4,1575,34.2,98,0,0,0,0,0,0
9497,L04816,L,300.1,309.0,1554,48.3,100,0,0,0,0,0,0
9498,L04817,L,298.5,306.6,1707,48.5,102,0,0,0,0,0,0
9499,H01873,H,297.9,306.7,1597,41.7,107,0,0,0,0,0,0
9500,L04818,L,301.0,311.0,1611,38.6,109,0,0,0,0,0,0
9501,M02810,M,301.3,310.5,1497,33.7,112,0,0,0,0,0,0
9502,M02811,M,299.6,310.5,1411,46.4,115,0,0,0,0,0,0
9503,M02812,M,302.7,312.5,1564,44.9,118,0,0,0,0,0,0
9504,H01874,H,299.5,309.2,1720,35.1,123,0,0,0,0,0,0
9505,L04819,L,299.4,309.1,1689,35.9,125,0,0,0,0,0,0
9506,L04820,L,301.3,311.2,1604,42.7,127,0,0,0,0,0,0
9507,L04821,L,299.7,309.3,1469,32.9,129,0,0,0,0,0,0
9508,M02813,M,300.2,309.3,1383,36.2,132,0,0,0,0,0,0
9509,L04822,L,295.0,305.9,1456,33.8,134,0,0,0,0,0,0
9510,L04823,L,300.0,309.4,1560,33.9,136,0,0,0,0,0,0
9511,M02814,M,296.3,306.0,1491,35.7,139,0,0,0,0,0,0
9512,M02815,M,297.6,308.0,1638,45.4,142,0,0,0,0,0,0
9513,L04824,L,297.3,307.6,1389,29.5,144,0,0,0,0,0,0
9514,M02816,M,297.9,307.0,1525,42.6,147,0,0,0,0,0,0
9515,M02817,M,298.9,309.7,1461,41.5,150,0,0,0,0,0,0
9516,L04825,L,299.0,309.6,1637,45.8,152,0,0,0,0,0,0
9517,L04826,L,301.3,311.5,1592,41.5,154,0,0,0,0,0,0
9518,M02818,M,300.4,310.0,1455,37.7,157,0,0,0,0,0,0
9519,M02819,M,296.2,305.8,1623,35.1,160,0,0,0,0,0,0
9520,L04827,L,300.2,310.0,1376,45.9,162,0,0,0,0,0,0
9521,L04828,L,300.6,309.4,1359,43.0,164,0,0,0,0,0,0
9522,M02820,M,299.3,309.3,1449,37.0,167,0,0,0,0,0,0
9523,H01875,H,299.9,310.8,1340,45.5,172,0,0,0,0,0,0
9524,M02821,M,300.4,311.3,1527,37.3,175,0,0,0,0,0,0
9525,L04829,L,301.5,311.1,1530,40.0,177,0,0,0,0,0,0
9526,L04830,L,296.9,307.9,1497,36.4,179,0,0,0,0,0,0
9527,H01876,H,299.5,311.4,1592,43.2,184,0,0,0,0,0,0
9528,L04831,L,303.0,312.7,1466,34.0,186,0,0,0,0,0,0
9529,H01877,H,302.8,313.5,1408,38.2,191,0,0,0,0,0,0
9530,H01878,H,301.7,309.4,1458,36.1,196,0,0,0,0,0,0
9531,L04832,L,301.1,309.8,1416,41.6,198,0,0,0,0,0,0
9532,H01879,H,303.3,313.4,1477,42.3,203,0,0,0,0,0,0
9533,L04833,L,303.8,312.8,1598,33.4,205,0,0,0,0,0,0
9534,H01880,H,299.7,311.8,1362,42.4,210,0,0,0,0,0,0
9535,L04834,L,298.1,308.7,1504,31.1,212,0,0,0,0,0,0
9536,L04835,L,299.5,310.4,1634,53.2,214,1,0,0,1,1,0
9537,M02822,M,306.2,316.2,1645,36.9,217,0,0,0,0,0,0
9538,M02823,M,296.9,305.9,1470,46.3,220,0,0,0,0,0,0
9539,L04836,L,299.1,308.5,1759,41.2,222,0,0,0,0,0,0
9540,M02824,M,297.2,307.4,1433,41.5,225,0,0,0,0,0,0
9541,L04837,L,300.2,309.6,1515,33.0,227,0,0,0,0,0,0
9542,L04838,L,297.6,308.3,1421,45.1,229,0,0,0,0,0,0
9543,L04839,L,299.8,310.5,1581,40.3,231,0,0,0,0,0,0
9544,L04840,L,296.1,306.1,1818,42.8,233,0,0,0,0,0,0
9545,L04841,L,301.2,309.4,1722,39.5,2,0,0,0,0,0,0
9546,L04842,L,302.4,314.2,1623,40.8,4,0,0,0,0,0,0
9547,L04843,L,299.2,309.0,1477,34.7,6,0,0,0,0,0,0
9548,L04844,L,299.7,312.4,1521,39.1,8,0,0,0,0,0,0
9549,L04845,L,299.7,310.3,1650,37.5,10,0,0,0,0,0,0
9550,H01881,H,300.4,310.2,1613,35.8,15,0,0,0,0,0,0
9551,L04846,L,299.9,310.4,1546,40.8,17,0,0,0,0,0,0
9552,H01882,H,301.5,309.5,1552,42.2,22,0,0,0,0,0,0
9553,M02825,M,302.5,313.5,1644,41.5,25,0,0,0,0,0,0
9554,M02826,M,298.4,310.9,1668,39.4,28,0,0,0,0,0,0
9555,M02827,M,299.4,307.3,1388,42.5,31,0,0,0,0,0,0
9556,H01883,H,301.8,311.5,1561,41.5,36,0,0,0,0,0,0
9557,L04847,L,297.2,307.1,1596,40.6,38,0,0,0,0,0,0
9558,M02828,M,296.1,306.9,1485,41.0,41,0,0,0,0,0,0
9559,M02829,M,300.5,312.6,1666,47.1,44,0,0,0,0,0,0
9560,M02830,M,301.0,311.4,1509,32.8,47,0,0,0,0,0,0
9561,H01884,H,298.6,310.7,1669,38.1,52,0,0,0,0,0,0
9562,L04848,L,298.8,309.0,1501,42.0,54,0,0,0,0,0,0
9563,M02831,M,298.5,308.9,1564,30.5,57,0,0,0,0,0,0
9564,M02832,M,298.3,308.6,1562,48.3,60,0,0,0,0,0,0
9565,L04849,L,301.4,312.6,1704,41.5,62,0,0,0,0,0,0
9566,L04850,L,297.6,307.2,1612,45.7,64,0,0,0,0,0,0
9567,M02833,M,299.5,310.3,1492,46.7,67,0,0,0,0,0,0
9568,H01885,H,298.2,307.0,1511,42.5,72,0,0,0,0,0,0
9569,L04851,L,297.1,306.8,1510,26.6,74,0,0,0,0,0,0
9570,H01886,H,301.7,311.1,1540,40.9,79,0,0,0,0,0,0
9571,L04852,L,299.0,309.0,1444,41.3,81,0,0,0,0,0,0
9572,L04853,L,300.4,310.1,1530,33.5,83,0,0,0,0,0,0
9573,L04854,L,297.0,308.1,1675,29.3,85,0,0,0,0,0,0
9574,L04855,L,298.5,307.6,1670,42.8,87,0,0,0,0,0,0
9575,L04856,L,301.5,309.8,1382,32.5,89,0,0,0,0,0,0
9576,L04857,L,305.2,313.8,1366,52.4,91,0,0,0,0,0,0
9577,M02834,M,296.0,307.0,1479,41.6,94,0,0,0,0,0,0
9578,M02835,M,299.6,308.6,1360,48.1,97,0,0,0,0,0,0
9579,L04858,L,300.8,311.2,1412,40.2,99,0,0,0,0,0,0
9580,L04859,L,298.8,308.5,1573,44.5,101,0,0,0,0,0,0
9581,L04860,L,301.7,312.5,1534,40.3,103,0,0,0,0,0,0
9582,M02836,M,298.3,308.0,1366,46.0,106,0,0,0,0,0,0
9583,L04861,L,300.3,313.1,1655,27.8,108,0,0,0,0,0,0
9584,L04862,L,299.0,310.9,1496,45.3,110,0,0,0,0,0,0
9585,H01887,H,302.4,312.1,1486,44.0,115,0,0,0,0,0,0
9586,H01888,H,298.6,308.2,1640,39.1,120,0,0,0,0,0,0
9587,L04863,L,299.3,312.4,1579,37.5,122,0,0,0,0,0,0
9588,L04864,L,301.9,310.8,1534,38.2,124,0,0,0,0,0,0
9589,L04865,L,297.9,307.9,1489,41.7,126,0,0,0,0,0,0
9590,M02837,M,300.1,310.2,1595,47.3,129,0,0,0,0,0,0
9591,M02838,M,296.4,306.4,1495,36.8,132,0,0,0,0,0,0
9592,L04866,L,297.8,306.1,1515,29.8,134,0,0,0,0,0,0
9593,M02839,M,300.8,311.3,1420,54.9,137,0,0,0,0,0,0
9594,L04867,L,298.0,307.0,1652,44.0,139,0,0,0,0,0,0
9595,L04868,L,298.9,310.3,1693,37.7,141,0,0,0,0,0,0
9596,L04869,L,301.0,309.5,1559,47.1,143,0,0,0,0,0,0
9597,L04870,L,298.8,308.9,1489,45.6,145,0,0,0,0,0,0
9598,L04871,L,301.6,309.4,1632,43.0,147,0,0,0,0,0,0
9599,L04872,L,300.4,308.3,1597,37.1,149,0,0,0,0,0,0
9600,L04873,L,300.9,310.0,1494,44.0,151,0,0,0,0,0,0
9601,L04874,L,302.5,311.8,1653,46.5,153,0,0,0,0,0,0
9602,M02840,M,300.6,312.1,1496,29.7,156,0,0,0,0,0,0
9603,L04875,L,303.1,313.0,1409,41.3,158,0,0,0,0,0,0
9604,L04876,L,301.8,313.1,1531,41.8,160,0,0,0,0,0,0
9605,M02841,M,299.0,308.6,1646,41.6,163,0,0,0,0,0,0
9606,M02842,M,302.6,313.2,1548,40.3,166,0,0,0,0,0,0
9607,H01889,H,300.5,309.8,1421,47.1,171,0,0,0,0,0,0
9608,L04877,L,299.2,308.4,1498,38.7,173,0,0,0,0,0,0
9609,L04878,L,300.6,308.7,1658,40.0,175,0,0,0,0,0,0
9610,M02843,M,302.2,312.6,1565,41.9,178,0,0,0,0,0,0
9611,M02844,M,300.9,311.2,1536,38.9,181,0,0,0,0,0,0
9612,L04879,L,303.6,314.4,1525,31.7,183,0,0,0,0,0,0
9613,H01890,H,302.2,312.4,1646,41.3,188,0,0,0,0,0,0
9614,L04880,L,301.0,313.1,1639,41.4,190,0,0,0,0,0,0
9615,H01891,H,297.9,308.1,1398,37.8,195,0,0,0,0,0,0
9616,H01892,H,299.6,310.6,1632,39.2,200,0,0,0,0,0,0
9617,M02845,M,300.1,309.8,1590,20.9,203,1,0,0,1,0,0
9618,H01893,H,301.4,310.5,1697,47.3,208,0,0,0,0,0,0
9619,M02846,M,301.3,312.0,1531,45.4,211,0,0,0,0,0,0
9620,L04881,L,300.3,310.2,1652,32.0,213,0,0,0,0,0,0
9621,L04882,L,300.2,311.1,1585,35.9,215,0,0,0,0,0,0
9622,L04883,L,301.4,311.8,1427,48.7,217,0,0,0,0,0,0
9623,L04884,L,298.3,307.5,1640,33.1,219,0,0,0,0,0,0
9624,M02847,M,303.4,314.5,1619,42.9,222,0,0,0,0,0,0
9625,L04885,L,295.9,305.0,1473,37.0,224,0,0,0,0,0,0
9626,L04886,L,302.9,313.5,1567,42.5,226,0,0,0,0,0,0
9627,M02848,M,299.9,311.2,1749,40.3,229,0,0,0,0,0,0
9628,H01894,H,302.0,311.6,1490,38.3,5,0,0,0,0,0,0
9629,L04887,L,300.7,311.9,1611,42.3,7,0,0,0,0,0,0
9630,L04888,L,300.7,311.1,1429,37.0,9,0,0,0,0,0,0
9631,L04889,L,301.1,312.0,1481,29.3,11,0,0,0,0,0,0
9632,M02849,M,301.6,310.8,1619,34.4,14,0,0,0,0,0,0
9633,L04890,L,299.3,309.6,1564,33.7,16,0,0,0,0,0,0
9634,M02850,M,302.1,310.7,1518,30.4,19,0,0,0,0,0,0
9635,L04891,L,297.8,309.5,1708,42.2,21,0,0,0,0,0,0
9636,L04892,L,300.0,308.0,1446,39.0,23,0,0,0,0,0,0
9637,H01895,H,301.7,311.3,1523,42.1,28,0,0,0,0,0,0
9638,L04893,L,302.0,311.1,1587,43.1,30,0,0,0,0,0,0
9639,L04894,L,300.9,311.6,1451,44.5,32,0,0,0,0,0,0
9640,L04895,L,299.2,311.1,1589,42.4,34,0,0,0,0,0,0
9641,L04896,L,301.8,312.4,1645,34.1,36,0,0,0,0,0,0
9642,M02851,M,298.7,311.6,1527,43.5,39,0,0,0,0,0,0
9643,L04897,L,303.5,312.1,1469,41.3,41,0,0,0,0,0,0
9644,L04898,L,299.8,308.5,1507,53.1,43,0,0,0,0,0,0
9645,L04899,L,296.9,306.0,1270,40.0,45,0,0,0,0,0,0
9646,M02852,M,297.6,307.7,1639,42.3,48,0,0,0,0,0,0
9647,M02853,M,300.1,309.1,1564,39.4,51,0,0,0,0,0,0
9648,M02854,M,300.3,309.5,1520,40.3,54,0,0,0,0,0,0
9649,M02855,M,303.9,314.6,1371,39.9,57,0,0,0,0,0,0
9650,L04900,L,297.9,306.7,1649,37.4,59,0,0,0,0,0,0
9651,L04901,L,300.1,308.9,1494,41.1,61,0,0,0,0,0,0
9652,L04902,L,297.9,307.5,1595,43.7,63,0,0,0,0,0,0
9653,L04903,L,299.0,308.7,1537,37.5,65,0,0,0,0,0,0
9654,L04904,L,303.4,314.4,1377,45.0,67,0,0,0,0,0,0
9655,M02856,M,297.7,306.8,1665,44.3,70,0,0,0,0,0,0
9656,M02857,M,301.2,310.5,1646,34.7,73,0,0,0,0,0,0
9657,H01896,H,300.8,311.4,1614,34.2,78,0,0,0,0,0,0
9658,L04905,L,300.0,310.8,1569,42.7,80,0,0,0,0,0,0
9659,M02858,M,301.0,312.5,1418,36.5,83,0,0,0,0,0,0
9660,H01897,H,297.7,308.1,1625,33.7,88,0,0,0,0,0,0
9661,M02859,M,303.3,313.4,1758,50.3,91,1,0,0,1,0,0
9662,L04906,L,303.8,314.4,1550,34.2,93,0,0,0,0,0,0
9663,L04907,L,300.1,309.8,1552,30.9,95,0,0,0,0,0,0
9664,L04908,L,304.8,314.6,1428,35.3,97,0,0,0,0,0,0
9665,L04909,L,299.2,307.4,1331,41.4,99,1,0,1,0,0,0
9666,M02860,M,300.8,311.7,1502,40.4,102,0,0,0,0,0,0
9667,L04910,L,302.9,313.1,1686,51.3,104,1,0,0,1,0,0
9668,L04911,L,299.1,309.9,1672,35.4,106,0,0,0,0,0,0
9669,M02861,M,297.2,304.4,1531,41.4,109,0,0,0,0,0,0
9670,M02862,M,296.8,306.7,1581,46.8,112,0,0,0,0,0,0
9671,L04912,L,304.1,313.3,1416,36.0,114,0,0,0,0,0,0
9672,M02863,M,298.9,310.4,1549,44.2,117,0,0,0,0,0,0
9673,L04913,L,299.6,310.2,1486,29.0,119,0,0,0,0,0,0
9674,L04914,L,297.8,308.0,1543,50.6,121,0,0,0,0,0,0
9675,L04915,L,301.9,311.5,1511,46.0,123,0,0,0,0,0,0
9676,M02864,M,298.4,308.8,1509,35.9,126,0,0,0,0,0,0
9677,H01898,H,299.0,308.1,1638,45.0,131,0,0,0,0,0,0
9678,L04916,L,300.6,310.5,1734,47.9,133,0,0,0,0,0,0
9679,M02865,M,297.9,307.3,1521,32.3,136,0,0,0,0,0,0
9680,L04917,L,299.6,311.9,1680,36.4,138,0,0,0,0,0,0
9681,M02866,M,302.8,314.3,1414,48.1,141,0,0,0,0,0,0
9682,L04918,L,300.9,311.9,1529,40.4,143,0,0,0,0,0,0
9683,L04919,L,300.3,308.8,1408,42.6,145,0,0,0,0,0,0
9684,H01899,H,300.4,311.3,1507,40.4,150,0,0,0,0,0,0
9685,M02867,M,299.2,309.4,1610,45.3,153,0,0,0,0,0,0
9686,L04920,L,304.0,315.2,1650,43.1,155,0,0,0,0,0,0
9687,L04921,L,298.4,308.7,1460,40.6,157,0,0,0,0,0,0
9688,L04922,L,300.4,310.4,1584,27.4,159,0,0,0,0,0,0
9689,L04923,L,300.2,310.5,1661,43.8,161,0,0,0,0,0,0
9690,H01900,H,302.0,310.2,1647,44.4,166,0,0,0,0,0,0
9691,H01901,H,302.2,311.4,1564,32.6,171,0,0,0,0,0,0
9692,L04924,L,299.9,310.3,1479,33.0,173,0,0,0,0,0,0
9693,L04925,L,300.6,311.7,1469,43.1,175,0,0,0,0,0,0
9694,H01902,H,300.7,310.1,1454,41.2,180,0,0,0,0,0,0
9695,L04926,L,295.5,305.4,1535,28.2,182,0,0,0,0,0,0
9696,M02868,M,296.8,305.2,1456,35.1,185,0,0,0,0,0,0
9697,L04927,L,298.8,310.2,1606,41.9,187,0,0,0,0,0,0
9698,M02869,M,298.9,310.0,1561,44.1,190,0,0,0,0,0,0
9699,M02870,M,297.6,308.3,1556,36.5,193,0,0,0,0,0,0
9700,H01903,H,301.5,311.9,1354,39.1,198,0,0,0,0,0,0
9701,M02871,M,300.0,311.6,1541,34.7,201,0,0,0,0,0,0
9702,L04928,L,299.6,308.8,1492,47.9,203,0,0,0,0,0,0
9703,M02872,M,297.5,306.6,1755,41.0,206,0,0,0,0,0,0
9704,H01904,H,299.9,311.0,1410,36.0,5,0,0,0,0,0,0
9705,L04929,L,294.7,305.7,1517,33.1,7,0,0,0,0,0,0
9706,L04930,L,299.7,308.5,1576,32.4,9,0,0,0,0,0,0
9707,L04931,L,300.1,309.6,1441,50.9,11,0,0,0,0,0,0
9708,L04932,L,300.5,312.2,1731,39.0,13,0,0,0,0,0,0
9709,L04933,L,296.9,307.3,1733,37.6,15,0,0,0,0,0,0
9710,M02873,M,300.4,311.2,1452,38.7,18,0,0,0,0,0,0
9711,L04934,L,297.9,306.8,1479,36.2,20,0,0,0,0,0,0
9712,H01905,H,298.4,309.0,1753,39.4,25,0,0,0,0,0,0
9713,L04935,L,301.4,310.0,1678,40.2,27,0,0,0,0,0,0
9714,L04936,L,304.0,312.0,1501,40.1,29,0,0,0,0,0,0
9715,L04937,L,300.1,310.8,1581,32.4,31,0,0,0,0,0,0
9716,L04938,L,298.4,309.8,1399,45.4,33,0,0,0,0,0,0
9717,L04939,L,300.4,310.1,1758,36.7,35,0,0,0,0,0,0
9718,L04940,L,301.9,311.3,1545,36.0,37,0,0,0,0,0,0
9719,L04941,L,301.2,313.0,1597,35.8,39,0,0,0,0,0,0
9720,M02874,M,305.5,315.3,1444,33.7,42,0,0,0,0,0,0
9721,M02875,M,298.6,308.5,1424,41.6,45,0,0,0,0,0,0
9722,L04942,L,300.5,312.2,1583,45.4,47,0,0,0,0,0,0
9723,M02876,M,303.1,312.7,1730,35.7,50,0,0,0,0,0,0
9724,M02877,M,303.0,312.3,1484,28.9,53,0,0,0,0,0,0
9725,L04943,L,296.1,306.9,1440,33.8,55,0,0,0,0,0,0
9726,H01906,H,300.0,309.3,1569,37.3,60,0,0,0,0,0,0
9727,H01907,H,303.0,312.8,1702,32.6,65,0,0,0,0,0,0
9728,L04944,L,305.8,314.5,1474,36.4,67,0,0,0,0,0,0
9729,L04945,L,301.4,311.6,1513,36.7,69,0,0,0,0,0,0
9730,L04946,L,299.3,309.3,1622,39.9,71,0,0,0,0,0,0
9731,L04947,L,298.0,308.9,1632,31.3,73,0,0,0,0,0,0
9732,M02878,M,304.4,315.3,1510,43.5,76,0,0,0,0,0,0
9733,L04948,L,301.5,312.0,1648,50.0,78,0,0,0,0,0,0
9734,M02879,M,298.3,308.7,1591,48.6,81,0,0,0,0,0,0
9735,M02880,M,299.6,309.5,1540,36.5,84,0,0,0,0,0,0
9736,M02881,M,300.6,311.2,1628,44.0,87,0,0,0,0,0,0
9737,M02882,M,301.1,310.0,1614,43.3,90,0,0,0,0,0,0
9738,L04949,L,298.2,305.9,1433,39.7,92,0,0,0,0,0,0
9739,L04950,L,298.8,309.9,1686,41.1,94,0,0,0,0,0,0
9740,M02883,M,296.7,307.4,1573,44.1,97,0,0,0,0,0,0
9741,L04951,L,302.1,312.0,1676,45.3,99,0,0,0,0,0,0
9742,L04952,L,299.3,310.4,1543,35.1,101,0,0,0,0,0,0
9743,H01908,H,300.9,310.2,1563,44.5,106,0,0,0,0,0,0
9744,M02884,M,302.8,312.1,1578,50.0,109,0,0,0,0,0,0
9745,L04953,L,300.4,309.6,1593,45.3,111,0,0,0,0,0,0
9746,M02885,M,299.8,310.3,1691,49.2,114,0,0,0,0,0,0
9747,M02886,M,300.4,308.8,1585,24.5,117,0,0,0,0,0,0
9748,L04954,L,300.1,309.4,1535,43.6,119,0,0,0,0,0,0
9749,L04955,L,302.5,312.8,1639,41.6,121,0,0,0,0,0,0
9750,H01909,H,300.6,309.4,1581,46.2,126,0,0,0,0,0,0
9751,L04956,L,298.9,308.3,1834,33.2,128,0,0,0,0,0,0
9752,L04957,L,302.1,309.9,1567,37.0,130,0,0,0,0,0,0
9753,L04958,L,302.5,313.1,1662,45.4,132,0,0,0,0,0,0
9754,M02887,M,297.3,306.6,1626,33.6,135,0,0,0,0,0,0
9755,L04959,L,303.1,312.0,1333,41.5,137,0,0,0,0,0,0
9756,L04960,L,300.7,309.4,1464,39.9,139,0,0,0,0,0,0
9757,L04961,L,300.6,310.1,1494,38.8,141,0,0,0,0,0,0
9758,H01910,H,302.0,310.4,1388,43.4,146,0,0,0,0,0,0
9759,L04962,L,298.9,310.8,1498,33.3,148,0,0,0,0,0,0
9760,M02888,M,301.9,309.5,1401,35.3,151,0,0,0,0,0,0
9761,H01911,H,299.2,308.8,1427,39.2,156,0,0,0,0,0,0
9762,L04963,L,297.1,307.2,1562,32.8,158,0,0,0,0,0,0
9763,H01912,H,298.0,307.2,1730,47.4,163,0,0,0,0,0,0
9764,H01913,H,301.1,311.3,1402,35.2,168,0,0,0,0,0,0
9765,H01914,H,298.1,307.3,1416,44.7,173,0,0,0,0,0,0
9766,L04964,L,303.2,314.8,1485,34.7,175,0,0,0,0,0,0
9767,M02889,M,302.4,311.3,1523,44.2,178,0,0,0,0,0,0
9768,M02890,M,302.7,310.3,1384,30.3,181,0,0,0,0,0,0
9769,H01915,H,300.2,309.0,1468,48.5,186,0,0,0,0,0,0
9770,L04965,L,300.5,310.9,1459,46.8,188,0,0,0,0,0,0
9771,M02891,M,297.6,307.5,1570,36.7,191,0,0,0,0,0,0
9772,L04966,L,302.0,312.7,1581,35.0,193,0,0,0,0,0,0
9773,L04967,L,300.8,311.3,1523,42.7,195,0,0,0,0,0,0
9774,L04968,L,301.1,310.5,1500,30.8,197,0,0,0,0,0,0
9775,M02892,M,303.4,312.9,1467,40.2,200,0,0,0,0,0,0
9776,L04969,L,298.8,308.4,1543,35.2,202,0,0,0,0,0,0
9777,M02893,M,299.7,311.6,1440,38.5,205,0,0,0,0,0,0
9778,H01916,H,300.7,311.3,1693,36.1,210,0,0,0,0,0,0
9779,L04970,L,298.1,310.0,1388,35.2,2,0,0,0,0,0,0
9780,M02894,M,299.6,310.5,1472,50.2,5,0,0,0,0,0,0
9781,L04971,L,301.0,310.9,1625,44.7,7,0,0,0,0,0,0
9782,L04972,L,299.3,308.3,1498,31.1,9,0,0,0,0,0,0
9783,M02895,M,302.6,312.8,1605,34.7,12,0,0,0,0,0,0
9784,H01917,H,297.0,306.9,1710,45.1,17,0,0,0,0,0,0
9785,M02896,M,302.2,312.2,1621,45.8,20,0,0,0,0,0,0
9786,M02897,M,301.3,311.1,1418,31.7,23,0,0,0,0,0,0
9787,L04973,L,298.9,306.8,1423,44.2,25,0,0,0,0,0,0
9788,L04974,L,298.2,309.4,1519,41.6,27,0,0,0,0,0,0
9789,M02898,M,295.8,305.8,1582,28.3,30,0,0,0,0,0,0
9790,L04975,L,298.4,307.0,1659,37.6,32,0,0,0,0,0,0
9791,L04976,L,302.1,312.6,1460,39.2,34,0,0,0,0,0,0
9792,M02899,M,299.9,309.0,1490,40.3,37,0,0,0,0,0,0
9793,L04977,L,302.3,312.9,1513,32.1,39,0,0,0,0,0,0
9794,L04978,L,298.8,309.6,1511,35.4,41,0,0,0,0,0,0
9795,M02900,M,301.4,312.4,1688,36.3,44,0,0,0,0,0,0
9796,M02901,M,298.6,308.4,1528,36.8,47,0,0,0,0,0,0
9797,H01918,H,298.1,307.7,1553,36.9,52,0,0,0,0,0,0
9798,M02902,M,299.8,309.2,1629,39.2,55,0,0,0,0,0,0
9799,L04979,L,298.7,307.9,1697,41.9,57,0,0,0,0,0,0
9800,H01919,H,296.9,306.9,1534,50.6,62,0,0,0,0,0,0
9801,M02903,M,299.6,309.4,1664,45.2,65,0,0,0,0,0,0
9802,L04980,L,300.2,309.4,1721,47.9,67,0,0,0,0,0,0
9803,L04981,L,302.5,311.4,1527,37.1,69,0,0,0,0,0,0
9804,M02904,M,301.9,311.8,1482,34.0,72,0,0,0,0,0,0
9805,M02905,M,302.4,312.0,1757,44.8,75,0,0,0,0,0,0
9806,M02906,M,301.4,310.3,1650,39.9,78,0,0,0,0,0,0
9807,M02907,M,300.7,311.5,1539,44.4,81,0,0,0,0,0,0
9808,M02908,M,297.5,309.3,1603,34.7,84,0,0,0,0,0,0
9809,H01920,H,300.3,311.3,1434,43.9,89,0,0,0,0,0,0
9810,M02909,M,301.2,310.5,1649,38.9,92,0,0,0,0,0,0
9811,L04982,L,302.9,312.9,1358,37.2,94,0,0,0,0,0,0
9812,H01921,H,301.4,312.9,1645,37.8,99,0,0,0,0,0,0
9813,L04983,L,302.5,311.3,1466,42.9,101,0,0,0,0,0,0
9814,M02910,M,297.9,308.7,1373,44.6,104,0,0,0,0,0,0
9815,H01922,H,299.3,307.9,1338,37.8,109,1,0,1,0,0,0
9816,M02911,M,300.9,312.5,1490,42.1,112,0,0,0,0,0,0
9817,M02912,M,302.3,311.9,1609,42.0,115,0,0,0,0,0,0
9818,L04984,L,299.7,311.9,1399,44.4,117,0,0,0,0,0,0
9819,L04985,L,299.8,311.6,1414,45.9,119,0,0,0,0,0,0
9820,L04986,L,301.4,311.3,1489,50.9,121,0,0,0,0,0,0
9821,M02913,M,297.7,307.0,1619,37.2,124,0,0,0,0,0,0
9822,M02914,M,303.2,313.4,1631,48.8,127,0,0,0,0,0,0
9823,M02915,M,298.2,308.1,1552,40.7,130,0,0,0,0,0,0
9824,L04987,L,296.2,305.8,1636,33.4,132,0,0,0,0,0,0
9825,L04988,L,300.0,308.4,1607,36.1,134,0,0,0,0,0,0
9826,M02916,M,303.4,312.9,1496,42.8,137,0,0,0,0,0,0
9827,L04989,L,301.2,310.1,1629,44.3,139,0,0,0,0,0,0
9828,M02917,M,301.5,312.1,1410,33.9,142,0,0,0,0,0,0
9829,M02918,M,300.1,311.1,1587,35.4,145,0,0,0,0,0,0
9830,M02919,M,299.7,310.4,1421,36.8,148,0,0,0,0,0,0
9831,L04990,L,296.9,307.3,1552,34.8,150,0,0,0,0,0,0
9832,H01923,H,295.5,304.6,1660,28.7,155,0,0,0,0,0,0
9833,L04991,L,300.4,310.6,1559,26.7,157,0,0,0,0,0,0
9834,H01924,H,302.6,313.4,1537,37.7,162,0,0,0,0,0,0
9835,L04992,L,300.7,310.1,1561,41.5,164,0,0,0,0,0,0
9836,L04993,L,301.2,311.4,1604,43.9,166,0,0,0,0,0,0
9837,H01925,H,303.2,313.0,1751,31.8,171,0,0,0,0,0,0
9838,L04994,L,300.7,312.3,1603,31.9,173,0,0,0,0,0,0
9839,M02920,M,299.8,310.6,1488,36.8,176,0,0,0,0,0,0
9840,H01926,H,298.4,309.0,1517,40.0,181,0,0,0,0,0,0
9841,H01927,H,304.0,312.3,1448,46.1,186,0,0,0,0,0,0
9842,H01928,H,301.1,311.2,1414,44.3,191,0,0,0,0,0,0
9843,L04995,L,298.1,308.0,1295,37.8,193,0,0,0,0,0,0
9844,M02921,M,297.7,307.5,1492,42.2,196,0,0,0,0,0,0
9845,L04996,L,302.5,310.9,1398,34.9,198,0,0,0,0,0,0
9846,L04997,L,297.9,306.8,1548,40.4,200,0,0,0,0,0,0
9847,H01929,H,303.7,313.6,1487,39.6,205,0,0,0,0,0,0
9848,L04998,L,294.5,305.6,1429,48.4,207,0,0,0,0,0,0
9849,M02922,M,302.8,312.3,1328,43.0,210,0,0,0,0,0,0
9850,M02923,M,301.0,310.6,1503,35.4,213,0,0,0,0,0,0
9851,M02924,M,300.2,312.0,1363,35.4,216,0,0,0,0,0,0
9852,H01930,H,299.6,309.4,1609,38.0,5,0,0,0,0,0,0
9853,L04999,L,303.8,313.7,1563,30.6,7,0,0,0,0,0,0
9854,M02925,M,301.4,311.3,1515,38.6,10,0,0,0,0,0,0
9855,H01931,H,298.2,306.8,1683,39.1,15,0,0,0,0,0,0
9856,L05000,L,296.6,307.1,1539,42.8,17,0,0,0,0,0,0
9857,L05001,L,300.4,309.7,1577,43.7,19,0,0,0,0,0,0
9858,M02926,M,300.0,310.0,1607,40.6,22,0,0,0,0,0,0
9859,L05002,L,297.0,307.4,1486,30.2,24,0,0,0,0,0,0
9860,L05003,L,299.9,311.8,1487,32.7,26,0,0,0,0,0,0
9861,H01932,H,298.9,307.5,1542,36.4,31,0,0,0,0,0,0
9862,M02927,M,300.0,310.9,1403,43.9,34,0,0,0,0,0,0
9863,H01933,H,301.5,312.3,1717,43.7,39,0,0,0,0,0,0
9864,H01934,H,303.0,312.3,1554,38.5,44,0,0,0,0,0,0
9865,M02928,M,301.8,312.4,1518,54.2,47,0,0,0,0,0,0
9866,L05004,L,298.6,310.2,1747,49.4,49,1,0,0,1,0,0
9867,L05005,L,300.7,310.0,1428,47.4,51,0,0,0,0,0,0
9868,L05006,L,300.1,310.4,1692,44.2,53,0,0,0,0,0,0
9869,H01935,H,297.3,307.7,1619,42.8,58,0,0,0,0,0,0
9870,L05007,L,300.8,311.3,1650,42.3,60,0,0,0,0,0,0
9871,L05008,L,303.7,314.5,1520,29.2,62,0,0,0,0,0,0
9872,M02929,M,300.1,310.2,1544,33.7,65,0,0,0,0,0,0
9873,L05009,L,296.8,307.3,1504,38.7,67,0,0,0,0,0,0
9874,L05010,L,300.1,309.1,1638,40.8,69,0,0,0,0,0,0
9875,M02930,M,297.6,307.7,1577,39.3,72,0,0,0,0,0,0
9876,L05011,L,301.7,311.3,1482,41.6,74,0,0,0,0,0,0
9877,L05012,L,301.0,309.8,1487,27.4,76,0,0,0,0,0,0
9878,L05013,L,299.7,309.1,1537,43.0,78,0,0,0,0,0,0
9879,M02931,M,299.3,309.6,1505,40.4,81,0,0,0,0,0,0
9880,M02932,M,299.6,310.0,1682,38.9,84,0,0,0,0,0,0
9881,L05014,L,300.0,308.7,1619,45.6,86,0,0,0,0,0,0
9882,M02933,M,298.5,307.5,1619,33.7,89,0,0,0,0,0,0
9883,L05015,L,297.2,307.9,1561,38.6,91,0,0,0,0,0,0
9884,H01936,H,302.3,312.8,1455,41.7,96,0,0,0,0,0,0
9885,L05016,L,299.2,310.1,1608,34.9,98,0,0,0,0,0,0
9886,M02934,M,300.3,311.7,1328,28.0,101,0,0,0,0,0,0
9887,H01937,H,300.6,311.1,1555,33.1,106,0,0,0,0,0,0
9888,H01938,H,300.6,310.2,1457,39.6,111,0,0,0,0,0,0
9889,L05017,L,297.7,307.8,1449,38.5,113,0,0,0,0,0,0
9890,L05018,L,296.6,308.3,1492,39.9,115,0,0,0,0,0,0
9891,M02935,M,298.8,311.6,1530,36.0,118,0,0,0,0,0,0
9892,L05019,L,300.8,311.3,1536,32.1,120,0,0,0,0,0,0
9893,H01939,H,298.5,309.1,1617,40.8,125,0,0,0,0,0,0
9894,M02936,M,299.3,310.0,1521,39.0,128,0,0,0,0,0,0
9895,M02937,M,304.3,314.3,1528,43.8,131,0,0,0,0,0,0
9896,L05020,L,296.3,307.5,1398,35.5,133,0,0,0,0,0,0
9897,M02938,M,298.5,309.5,1411,27.9,136,0,0,0,0,0,0
9898,M02939,M,303.8,314.1,1567,24.4,139,0,0,0,0,0,0
9899,H01940,H,299.9,309.6,1601,37.6,144,0,0,0,0,0,0
9900,L05021,L,298.6,307.1,1512,40.8,146,0,0,0,0,0,0
9901,L05022,L,302.3,313.1,1631,38.6,148,0,0,0,0,0,0
9902,L05023,L,300.1,310.3,1397,36.6,150,0,0,0,0,0,0
9903,L05024,L,299.3,308.6,1578,30.5,152,0,0,0,0,0,0
9904,M02940,M,300.4,309.3,1453,28.7,155,0,0,0,0,0,0
9905,H01941,H,298.7,309.3,1445,42.2,160,0,0,0,0,0,0
9906,L05025,L,298.0,306.4,1462,38.6,162,0,0,0,0,0,0
9907,H01942,H,299.8,310.1,1530,37.8,167,0,0,0,0,0,0
9908,L05026,L,298.0,308.8,1582,30.7,169,0,0,0,0,0,0
9909,L05027,L,300.0,310.6,1574,34.2,171,0,0,0,0,0,0
9910,L05028,L,300.7,310.3,1509,40.3,173,0,0,0,0,0,0
9911,L05029,L,301.7,310.5,1601,41.7,175,0,0,0,0,0,0
9912,H01943,H,302.3,312.8,1707,39.0,180,0,0,0,0,0,0
9913,L05030,L,299.2,310.4,1526,48.3,182,0,0,0,0,0,0
9914,M02941,M,301.0,310.4,1547,36.5,185,0,0,0,0,0,0
9915,L05031,L,301.0,311.5,1477,47.7,187,0,0,0,0,0,0
9916,H01944,H,300.7,312.2,1499,41.3,192,0,0,0,0,0,0
9917,L05032,L,299.0,309.4,1663,40.6,194,0,0,0,0,0,0
9918,L05033,L,297.9,307.5,1664,45.6,196,0,0,0,0,0,0
9919,L05034,L,301.0,312.0,1518,36.3,198,0,0,0,0,0,0
9920,L05035,L,296.6,305.8,1587,38.0,200,0,0,0,0,0,0
9921,L05036,L,299.5,308.2,1630,32.7,202,0,0,0,0,0,0
9922,H01945,H,294.9,305.7,1493,45.6,207,0,0,0,0,0,0
9923,M02942,M,297.3,306.9,1407,42.0,210,0,0,0,0,0,0
9924,M02943,M,298.2,307.9,1607,46.6,3,0,0,0,0,0,0
9925,M02944,M,302.2,311.6,1628,41.2,6,0,0,0,0,0,0
9926,L05037,L,301.4,310.9,1613,46.6,8,0,0,0,0,0,0
9927,L05038,L,298.9,310.3,1501,35.5,10,0,0,0,0,0,0
9928,H01946,H,301.5,313.1,1690,45.9,15,0,0,0,0,0,0
9929,H01947,H,301.8,313.6,1566,37.6,20,0,0,0,0,0,0
9930,H01948,H,299.7,310.8,1423,40.0,25,0,0,0,0,0,0
9931,H01949,H,297.2,307.7,1378,44.4,30,0,0,0,0,0,0
9932,L05039,L,299.6,308.2,1508,54.0,32,0,0,0,0,0,0
9933,L05040,L,299.8,309.6,1560,44.9,34,0,0,0,0,0,0
9934,L05041,L,297.5,309.7,1509,45.5,36,0,0,0,0,0,0
9935,L05042,L,300.7,310.3,1737,36.7,38,0,0,0,0,0,0
9936,L05043,L,300.6,312.1,1578,40.9,40,0,0,0,0,0,0
9937,L05044,L,300.9,310.9,1441,39.4,42,0,0,0,0,0,0
9938,M02945,M,300.6,307.9,1311,48.4,45,1,0,1,0,0,0
9939,H01950,H,301.5,312.1,1562,39.1,50,0,0,0,0,0,0
9940,M02946,M,299.6,310.9,1637,48.0,53,0,0,0,0,0,0
9941,H01951,H,300.4,310.4,1724,32.2,58,0,0,0,0,0,0
9942,L05045,L,299.2,310.4,1518,48.4,60,0,0,0,0,0,0
9943,L05046,L,298.8,307.2,1710,34.8,62,0,0,0,0,0,0
9944,M02947,M,302.7,311.3,1402,45.1,65,0,0,0,0,0,0
9945,L05047,L,295.9,306.1,1504,34.8,67,0,0,0,0,0,0
9946,L05048,L,301.8,312.2,1437,43.7,69,0,0,0,0,0,0
9947,L05049,L,298.8,310.1,1617,34.2,71,0,0,0,0,0,0
9948,L05050,L,298.5,309.1,1408,46.2,73,0,0,0,0,0,0
9949,M02948,M,300.5,309.3,1578,45.1,76,0,0,0,0,0,0
9950,L05051,L,297.0,307.2,1414,36.4,78,0,0,0,0,0,0
9951,M02949,M,298.4,309.0,1714,43.5,81,0,0,0,0,0,0
9952,M02950,M,298.3,306.4,1501,45.7,84,0,0,0,0,0,0
9953,L05052,L,299.6,309.5,1576,34.5,86,0,0,0,0,0,0
9954,L05053,L,298.4,308.1,1359,33.8,88,0,0,0,0,0,0
9955,L05054,L,303.2,312.5,1389,33.6,90,0,0,0,0,0,0
9956,L05055,L,303.6,314.1,1461,32.7,92,0,0,0,0,0,0
9957,M02951,M,296.0,304.8,1623,33.5,95,0,0,0,0,0,0
9958,M02952,M,301.1,311.5,1604,45.5,98,0,0,0,0,0,0
9959,M02953,M,301.7,312.3,1647,43.3,101,0,0,0,0,0,0
9960,L05056,L,301.1,312.2,1387,29.8,103,0,0,0,0,0,0
9961,M02954,M,298.7,307.6,1589,36.9,106,0,0,0,0,0,0
9962,M02955,M,299.5,308.0,1482,33.1,109,0,0,0,0,0,0
9963,L05057,L,298.5,308.8,1457,45.2,111,0,0,0,0,0,0
9964,M02956,M,299.2,308.9,1484,37.3,114,0,0,0,0,0,0
9965,L05058,L,297.6,310.5,1526,30.7,116,0,0,0,0,0,0
9966,M02957,M,299.8,310.2,1604,41.0,119,0,0,0,0,0,0
9967,M02958,M,297.0,307.1,1650,43.6,122,0,0,0,0,0,0
9968,L05059,L,299.6,309.4,1590,34.3,124,0,0,0,0,0,0
9969,M02959,M,297.5,306.3,1601,38.4,127,0,0,0,0,0,0
9970,L05060,L,300.4,311.0,1720,34.6,129,0,0,0,0,0,0
9971,L05061,L,298.6,308.6,1608,47.5,131,0,0,0,0,0,0
9972,H01952,H,300.6,310.5,1517,37.4,136,0,0,0,0,0,0
9973,H01953,H,302.2,312.3,1596,35.7,141,0,0,0,0,0,0
9974,L05062,L,303.2,313.4,1709,39.7,143,0,0,0,0,0,0
9975,L05063,L,294.9,303.2,1451,38.8,145,0,0,0,0,0,0
9976,L05064,L,298.3,309.2,1495,44.1,147,0,0,0,0,0,0
9977,L05065,L,299.4,308.5,1683,47.3,149,0,0,0,0,0,0
9978,H01954,H,300.9,310.8,1509,47.3,154,0,0,0,0,0,0
9979,H01955,H,296.7,308.0,1614,37.7,159,0,0,0,0,0,0
9980,M02960,M,298.0,309.8,1667,41.8,162,0,0,0,0,0,0
9981,L05066,L,300.3,308.6,1412,48.9,164,0,0,0,0,0,0
9982,M02961,M,300.2,310.2,1497,49.2,167,0,0,0,0,0,0
9983,L05067,L,300.8,311.0,1658,34.7,169,0,0,0,0,0,0
9984,H01956,H,300.9,309.4,1525,43.6,174,0,0,0,0,0,0
9985,H01957,H,300.7,311.5,1336,42.5,179,0,0,0,0,0,0
9986,M02962,M,300.4,310.5,1487,45.6,182,0,0,0,0,0,0
9987,L05068,L,300.1,310.3,1617,47.5,184,0,0,0,0,0,0
9988,L05069,L,301.3,310.4,1666,33.8,186,0,0,0,0,0,0
9989,L05070,L,295.5,305.9,1543,35.9,188,0,0,0,0,0,0
9990,H01958,H,303.1,313.9,1586,45.4,193,0,0,0,0,0,0
9991,L05071,L,295.6,305.7,1501,40.9,195,0,0,0,0,0,0
9992,L05072,L,297.8,307.3,1628,26.6,197,0,0,0,0,0,0
9993,L05073,L,299.5,309.1,1681,30.0,199,0,0,0,0,0,0
9994,H01959,H,301.3,311.6,1615,44.0,204,0,0,0,0,0,0
9995,L05074,L,294.0,304.1,1526,45.0,206,0,0,0,0,0,0
9996,H01960,H,299.9,310.8,1581,31.9,211,0,0,0,0,0,0
9997,H01961,H,301.6,311.1,1633,46.6,216,0,0,0,0,0,0
9998,H01962,H,302.0,310.8,1541,38.8,221,0,0,0,0,0,0
9999,L05075,L,298.6,309.0,1618,33.9,223,0,0,0,0,0,0
10000,L05076,L,299.4,308.9,1575,36.6,225,0,0,0,0,0,0
